  0
SECTION
  2
HEADER
  9
$ACADVER
  1
AC1024
  9
$ACADMAINTVER
 70
   226
  9
$DWGCODEPAGE
  3
ANSI_1250
  9
$LASTSAVEDBY
  1
PC1Lenovo
  9
$INSBASE
 10
0.0
 20
0.0
 30
0.0
  9
$EXTMIN
 10
7516963.030698137
 20
5753014.142557754
 30
0.0
  9
$EXTMAX
 10
829536842.0836597
 20
575610311.6365339
 30
0.0000000000000006
  9
$LIMMIN
 10
0.0
 20
0.0
  9
$LIMMAX
 10
12.0
 20
9.0
  9
$ORTHOMODE
 70
     0
  9
$REGENMODE
 70
     1
  9
$FILLMODE
 70
     1
  9
$QTEXTMODE
 70
     0
  9
$MIRRTEXT
 70
     0
  9
$LTSCALE
 40
1.0
  9
$ATTMODE
 70
     1
  9
$TEXTSIZE
 40
0.2
  9
$TRACEWID
 40
0.05
  9
$TEXTSTYLE
  7
Standard
  9
$CLAYER
  8
0
  9
$CELTYPE
  6
ByLayer
  9
$CECOLOR
 62
   256
  9
$CELTSCALE
 40
1.0
  9
$DISPSILH
 70
     0
  9
$DIMSCALE
 40
1.0
  9
$DIMASZ
 40
10.0
  9
$DIMEXO
 40
0.0625
  9
$DIMDLI
 40
0.38
  9
$DIMRND
 40
0.0
  9
$DIMDLE
 40
0.0
  9
$DIMEXE
 40
0.18
  9
$DIMTP
 40
0.0
  9
$DIMTM
 40
0.0
  9
$DIMTXT
 40
13.0
  9
$DIMCEN
 40
0.09
  9
$DIMTSZ
 40
0.0
  9
$DIMTOL
 70
     0
  9
$DIMLIM
 70
     0
  9
$DIMTIH
 70
     1
  9
$DIMTOH
 70
     1
  9
$DIMSE1
 70
     0
  9
$DIMSE2
 70
     0
  9
$DIMTAD
 70
     0
  9
$DIMZIN
 70
     0
  9
$DIMBLK
  1

  9
$DIMASO
 70
     1
  9
$DIMSHO
 70
     1
  9
$DIMPOST
  1

  9
$DIMAPOST
  1

  9
$DIMALT
 70
     0
  9
$DIMALTD
 70
     2
  9
$DIMALTF
 40
25.4
  9
$DIMLFAC
 40
1.0
  9
$DIMTOFL
 70
     0
  9
$DIMTVP
 40
0.0
  9
$DIMTIX
 70
     0
  9
$DIMSOXD
 70
     0
  9
$DIMSAH
 70
     0
  9
$DIMBLK1
  1

  9
$DIMBLK2
  1

  9
$DIMSTYLE
  2
Standard
  9
$DIMCLRD
 70
     0
  9
$DIMCLRE
 70
     0
  9
$DIMCLRT
 70
     0
  9
$DIMTFAC
 40
1.0
  9
$DIMGAP
 40
0.09
  9
$DIMJUST
 70
     0
  9
$DIMSD1
 70
     0
  9
$DIMSD2
 70
     0
  9
$DIMTOLJ
 70
     1
  9
$DIMTZIN
 70
     0
  9
$DIMALTZ
 70
     0
  9
$DIMALTTZ
 70
     0
  9
$DIMUPT
 70
     0
  9
$DIMDEC
 70
     4
  9
$DIMTDEC
 70
     4
  9
$DIMALTU
 70
     2
  9
$DIMALTTD
 70
     2
  9
$DIMTXSTY
  7
Standard
  9
$DIMAUNIT
 70
     0
  9
$DIMADEC
 70
     0
  9
$DIMALTRND
 40
0.0
  9
$DIMAZIN
 70
     0
  9
$DIMDSEP
 70
    46
  9
$DIMATFIT
 70
     3
  9
$DIMFRAC
 70
     0
  9
$DIMLDRBLK
  1

  9
$DIMLUNIT
 70
     2
  9
$DIMLWD
 70
    -2
  9
$DIMLWE
 70
    -2
  9
$DIMTMOVE
 70
     0
  9
$DIMFXL
 40
1.0
  9
$DIMFXLON
 70
     0
  9
$DIMJOGANG
 40
0.7853981633974483
  9
$DIMTFILL
 70
     0
  9
$DIMTFILLCLR
 70
     0
  9
$DIMARCSYM
 70
     0
  9
$DIMLTYPE
  6

  9
$DIMLTEX1
  6

  9
$DIMLTEX2
  6

  9
$DIMTXTDIRECTION
 70
     0
  9
$LUNITS
 70
     2
  9
$LUPREC
 70
     4
  9
$SKETCHINC
 40
0.1
  9
$FILLETRAD
 40
0.0
  9
$AUNITS
 70
     0
  9
$AUPREC
 70
     0
  9
$MENU
  1
.
  9
$ELEVATION
 40
0.0
  9
$PELEVATION
 40
0.0
  9
$THICKNESS
 40
0.0
  9
$LIMCHECK
 70
     0
  9
$CHAMFERA
 40
0.0
  9
$CHAMFERB
 40
0.0
  9
$CHAMFERC
 40
0.0
  9
$CHAMFERD
 40
0.0
  9
$SKPOLY
 70
     0
  9
$TDCREATE
 40
2458665.408483796
  9
$TDUCREATE
 40
2458665.325150463
  9
$TDUPDATE
 40
2461320.392360671
  9
$TDUUPDATE
 40
2461320.309027338
  9
$TDINDWG
 40
3.716140382
  9
$TDUSRTIMER
 40
3.716135625
  9
$USRTIMER
 70
     1
  9
$ANGBASE
 50
0.0
  9
$ANGDIR
 70
     0
  9
$PDMODE
 70
     0
  9
$PDSIZE
 40
0.0
  9
$PLINEWID
 40
0.0
  9
$SPLFRAME
 70
     0
  9
$SPLINETYPE
 70
     6
  9
$SPLINESEGS
 70
     8
  9
$HANDSEED
  5
9A3A
  9
$SURFTAB1
 70
     6
  9
$SURFTAB2
 70
     6
  9
$SURFTYPE
 70
     6
  9
$SURFU
 70
     6
  9
$SURFV
 70
     6
  9
$UCSBASE
  2

  9
$UCSNAME
  2

  9
$UCSORG
 10
0.0
 20
0.0
 30
0.0
  9
$UCSXDIR
 10
1.0
 20
0.0
 30
0.0
  9
$UCSYDIR
 10
0.0
 20
1.0
 30
0.0
  9
$UCSORTHOREF
  2

  9
$UCSORTHOVIEW
 70
     0
  9
$UCSORGTOP
 10
0.0
 20
0.0
 30
0.0
  9
$UCSORGBOTTOM
 10
0.0
 20
0.0
 30
0.0
  9
$UCSORGLEFT
 10
0.0
 20
0.0
 30
0.0
  9
$UCSORGRIGHT
 10
0.0
 20
0.0
 30
0.0
  9
$UCSORGFRONT
 10
0.0
 20
0.0
 30
0.0
  9
$UCSORGBACK
 10
0.0
 20
0.0
 30
0.0
  9
$PUCSBASE
  2

  9
$PUCSNAME
  2

  9
$PUCSORG
 10
0.0
 20
0.0
 30
0.0
  9
$PUCSXDIR
 10
1.0
 20
0.0
 30
0.0
  9
$PUCSYDIR
 10
0.0
 20
1.0
 30
0.0
  9
$PUCSORTHOREF
  2

  9
$PUCSORTHOVIEW
 70
     0
  9
$PUCSORGTOP
 10
0.0
 20
0.0
 30
0.0
  9
$PUCSORGBOTTOM
 10
0.0
 20
0.0
 30
0.0
  9
$PUCSORGLEFT
 10
0.0
 20
0.0
 30
0.0
  9
$PUCSORGRIGHT
 10
0.0
 20
0.0
 30
0.0
  9
$PUCSORGFRONT
 10
0.0
 20
0.0
 30
0.0
  9
$PUCSORGBACK
 10
0.0
 20
0.0
 30
0.0
  9
$USERI1
 70
     0
  9
$USERI2
 70
     0
  9
$USERI3
 70
     0
  9
$USERI4
 70
     0
  9
$USERI5
 70
     0
  9
$USERR1
 40
0.0
  9
$USERR2
 40
0.0
  9
$USERR3
 40
0.0
  9
$USERR4
 40
0.0
  9
$USERR5
 40
0.0
  9
$WORLDVIEW
 70
     1
  9
$SHADEDGE
 70
     3
  9
$SHADEDIF
 70
    70
  9
$TILEMODE
 70
     0
  9
$MAXACTVP
 70
    64
  9
$PINSBASE
 10
0.0
 20
0.0
 30
0.0
  9
$PLIMCHECK
 70
     0
  9
$PEXTMIN
 10
1.00092499999998
 20
1.001435000931101
 30
0.0
  9
$PEXTMAX
 10
183.9990750000014
 20
285.998565
 30
1.0
  9
$PLIMMIN
 10
-15.0
 20
-5.0
  9
$PLIMMAX
 10
195.0
 20
292.0
  9
$UNITMODE
 70
     0
  9
$VISRETAIN
 70
     1
  9
$PLINEGEN
 70
     0
  9
$PSLTSCALE
 70
     0
  9
$TREEDEPTH
 70
  3020
  9
$CMLSTYLE
  2
Standard
  9
$CMLJUST
 70
     0
  9
$CMLSCALE
 40
1.0
  9
$PROXYGRAPHICS
 70
     1
  9
$MEASUREMENT
 70
     0
  9
$CELWEIGHT
370
    -1
  9
$ENDCAPS
280
     0
  9
$JOINSTYLE
280
     0
  9
$LWDISPLAY
290
     1
  9
$INSUNITS
 70
     6
  9
$HYPERLINKBASE
  1

  9
$STYLESHEET
  1

  9
$XEDIT
290
     1
  9
$CEPSNTYPE
380
     0
  9
$PSTYLEMODE
290
     1
  9
$FINGERPRINTGUID
  2
{39FC58FE-A194-8D4F-B8A1-D50AA4587928}
  9
$VERSIONGUID
  2
{0E820242-5997-412D-97D2-BEAA7437A944}
  9
$EXTNAMES
290
     1
  9
$PSVPSCALE
 40
0.0
  9
$OLESTARTUP
290
     0
  9
$SORTENTS
280
   127
  9
$INDEXCTL
280
     0
  9
$HIDETEXT
280
     1
  9
$XCLIPFRAME
280
     0
  9
$HALOGAP
280
     0
  9
$OBSCOLOR
 70
   257
  9
$OBSLTYPE
280
     0
  9
$INTERSECTIONDISPLAY
280
     0
  9
$INTERSECTIONCOLOR
 70
   257
  9
$DIMASSOC
280
     2
  9
$PROJECTNAME
  1

  9
$CAMERADISPLAY
290
     0
  9
$LENSLENGTH
 40
50.0
  9
$CAMERAHEIGHT
 40
0.0
  9
$STEPSPERSEC
 40
2.0
  9
$STEPSIZE
 40
6.0
  9
$3DDWFPREC
 40
2.0
  9
$PSOLWIDTH
 40
0.25
  9
$PSOLHEIGHT
 40
4.0
  9
$LOFTANG1
 40
1.570796326794896
  9
$LOFTANG2
 40
1.570796326794896
  9
$LOFTMAG1
 40
0.0
  9
$LOFTMAG2
 40
0.0
  9
$LOFTPARAM
 70
     7
  9
$LOFTNORMALS
280
     1
  9
$LATITUDE
 40
37.795
  9
$LONGITUDE
 40
-122.394
  9
$NORTHDIRECTION
 40
0.0
  9
$TIMEZONE
 70
 -8000
  9
$LIGHTGLYPHDISPLAY
280
     1
  9
$TILEMODELIGHTSYNCH
280
     1
  9
$CMATERIAL
347
96
  9
$SOLIDHIST
280
     0
  9
$SHOWHIST
280
     1
  9
$DWFFRAME
280
     0
  9
$DGNFRAME
280
     0
  9
$REALWORLDSCALE
290
     1
  9
$INTERFERECOLOR
 62
     1
  9
$INTERFEREOBJVS
345
A3
  9
$INTERFEREVPVS
346
A0
  9
$CSHADOW
280
     0
  9
$SHADOWPLANELOCATION
 40
0.0
  0
ENDSEC
  0
SECTION
  2
CLASSES
  0
CLASS
  1
ACDBDICTIONARYWDFLT
  2
AcDbDictionaryWithDefault
  3
ObjectDBX Classes
 90
        0
 91
        1
280
     0
281
     0
  0
CLASS
  1
ACDBPLACEHOLDER
  2
AcDbPlaceHolder
  3
ObjectDBX Classes
 90
        0
 91
        0
280
     0
281
     0
  0
CLASS
  1
LAYOUT
  2
AcDbLayout
  3
ObjectDBX Classes
 90
        0
 91
        0
280
     0
281
     0
  0
CLASS
  1
DICTIONARYVAR
  2
AcDbDictionaryVar
  3
ObjectDBX Classes
 90
        0
 91
       18
280
     0
281
     0
  0
CLASS
  1
TABLESTYLE
  2
AcDbTableStyle
  3
ObjectDBX Classes
 90
     4095
 91
        1
280
     0
281
     0
  0
CLASS
  1
MATERIAL
  2
AcDbMaterial
  3
ObjectDBX Classes
 90
     1153
 91
        3
280
     0
281
     0
  0
CLASS
  1
VISUALSTYLE
  2
AcDbVisualStyle
  3
ObjectDBX Classes
 90
     4095
 91
       26
280
     0
281
     0
  0
CLASS
  1
SCALE
  2
AcDbScale
  3
ObjectDBX Classes
 90
     1153
 91
       34
280
     0
281
     0
  0
CLASS
  1
MLEADERSTYLE
  2
AcDbMLeaderStyle
  3
ACDB_MLEADERSTYLE_CLASS
 90
     4095
 91
        2
280
     0
281
     0
  0
CLASS
  1
CELLSTYLEMAP
  2
AcDbCellStyleMap
  3
ObjectDBX Classes
 90
     1152
 91
        1
280
     0
281
     0
  0
CLASS
  1
EXACXREFPANELOBJECT
  2
ExAcXREFPanelObject
  3
EXAC_ESW
 90
     1025
 91
        0
280
     1
281
     0
  0
CLASS
  1
NPOCOLLECTION
  2
AcDbImpNonPersistentObjectsCollection
  3
ObjectDBX Classes
 90
     1153
 91
        0
280
     1
281
     0
  0
CLASS
  1
LAYER_INDEX
  2
AcDbLayerIndex
  3
ObjectDBX Classes
 90
        0
 91
        0
280
     0
281
     0
  0
CLASS
  1
SPATIAL_INDEX
  2
AcDbSpatialIndex
  3
AutoCAD 2000
 90
        0
 91
        0
280
     0
281
     0
  0
CLASS
  1
IDBUFFER
  2
AcDbIdBuffer
  3
ObjectDBX Classes
 90
        0
 91
        0
280
     0
281
     0
  0
CLASS
  1
ACDBSECTIONVIEWSTYLE
  2
AcDbSectionViewStyle
  3
ObjectDBX Classes
 90
     1025
 91
        2
280
     0
281
     0
  0
CLASS
  1
ACDBDETAILVIEWSTYLE
  2
AcDbDetailViewStyle
  3
ObjectDBX Classes
 90
     1025
 91
        2
280
     0
281
     0
  0
CLASS
  1
RASTERVARIABLES
  2
AcDbRasterVariables
  3
ObjectDBX Classes
 90
        0
 91
        1
280
     0
281
     0
  0
CLASS
  1
SORTENTSTABLE
  2
AcDbSortentsTable
  3
ObjectDBX Classes
 90
        0
 91
        6
280
     0
281
     0
  0
CLASS
  1
EXACTERMXREFMAP
  2
ExAcTermXrefMap
  3
EXAC_SERVICE
 90
     1025
 91
        0
280
     1
281
     0
  0
CLASS
  1
DATATABLE
  2
AcDbDataTable
  3
ObjectDBX Classes
 90
        0
 91
        0
280
     0
281
     0
  0
CLASS
  1
RAPIDRTRENDERSETTINGS
  2
AcDbRapidRTRenderSettings
  3
ObjectDBX Classes
 90
     1024
 91
        6
280
     0
281
     0
  0
CLASS
  1
ACDB_MTEXTOBJECTCONTEXTDATA_CLASS
  2
AcDbMTextObjectContextData
  3
ObjectDBX Classes
 90
     1153
 91
        0
280
     0
281
     0
  0
CLASS
  1
WIPEOUTVARIABLES
  2
AcDbWipeoutVariables
  3
WipeOut|AutoCAD Express Tool|expresstools@autodesk.com
 90
        0
 91
        1
280
     0
281
     0
  0
CLASS
  1
SUN
  2
AcDbSun
  3
SCENEOE
 90
     1153
 91
       11
280
     0
281
     0
  0
CLASS
  1
IMAGEDEF
  2
AcDbRasterImageDef
  3
ObjectDBX Classes
 90
        0
 91
        1
280
     0
281
     0
  0
CLASS
  1
IMAGE
  2
AcDbRasterImage
  3
ISM
 90
      127
 91
        1
280
     0
281
     1
  0
CLASS
  1
IMAGEDEF_REACTOR
  2
AcDbRasterImageDefReactor
  3
ObjectDBX Classes
 90
        1
 91
        1
280
     0
281
     0
  0
CLASS
  1
GEODATA
  2
AcDbGeoData
  3
ObjectDBX Classes
 90
     4095
 91
        0
280
     0
281
     0
  0
CLASS
  1
MULTILEADER
  2
AcDbMLeader
  3
ACDB_MLEADER_CLASS
 90
     1025
 91
       11
280
     0
281
     1
  0
CLASS
  1
ZRXEBBLOCKEDITORCUSTOBJ
  2
CZwCbBlockEditorObject
  3
CZwCbBlockEditorObject
 90
     1024
 91
        0
280
     1
281
     0
  0
CLASS
  1
TAGROOTDATA
  2
ZcDbTagRootData
  3
ObjectDBX Classes
 90
        0
 91
        1
280
     1
281
     0
  0
CLASS
  1
TAG_EVALGRAPH
  2
ZcDbTagEvalGraph
  3
ObjectDBX Classes
 90
     1153
 91
        0
280
     1
281
     0
  0
ENDSEC
  0
SECTION
  2
TABLES
  0
TABLE
  2
VPORT
  5
8
330
0
100
AcDbSymbolTable
 70
     1
  0
VPORT
  5
94
330
8
100
AcDbSymbolTableRecord
100
AcDbViewportTableRecord
  2
*Active
 70
     0
 10
0.0
 20
0.0
 11
1.0
 21
1.0
 12
-822110109.1929831
 22
-569813899.8746517
 13
0.0
 23
0.0
 14
0.5
 24
0.5
 15
0.5
 25
0.5
 16
0.0
 26
0.0
 36
1009757674.291036
 17
829635257.3645739
 27
575601763.2274248
 37
0.0
 40
149.0546927149606
 41
2.948096885813148
 42
50.0
 43
0.0
 44
0.0
 50
0.0
 51
0.0
 71
     0
 72
  1000
 73
     1
 74
     3
 75
     0
 76
     0
 77
     0
 78
     0
281
     0
 65
     1
110
0.0
120
0.0
130
0.0
111
1.0
121
0.0
131
0.0
112
0.0
122
1.0
132
0.0
 79
     0
146
0.0
348
9F
 60
     3
 61
     5
292
     1
282
     1
141
0.0
142
0.0
 63
   250
421
  3355443
361
4F07
1001
ACAD_NAV_VCDISPLAY
1070
     3
  0
ENDTAB
  0
TABLE
  2
LTYPE
  5
5
330
0
100
AcDbSymbolTable
 70
     9
  0
LTYPE
  5
14
330
5
100
AcDbSymbolTableRecord
100
AcDbLinetypeTableRecord
  2
ByBlock
 70
     0
  3

 72
    65
 73
     0
 40
0.0
  0
LTYPE
  5
15
330
5
100
AcDbSymbolTableRecord
100
AcDbLinetypeTableRecord
  2
ByLayer
 70
     0
  3

 72
    65
 73
     0
 40
0.0
  0
LTYPE
  5
16
330
5
100
AcDbSymbolTableRecord
100
AcDbLinetypeTableRecord
  2
Continuous
 70
     0
  3
Solid line
 72
    65
 73
     0
 40
0.0
  0
LTYPE
  5
2B80
330
5
100
AcDbSymbolTableRecord
100
AcDbLinetypeTableRecord
  2
4001
 70
     0
  3
1    -----------------------linia ciagla
 72
    65
 73
     0
 40
0.0
  0
LTYPE
  5
2B81
330
5
100
AcDbSymbolTableRecord
100
AcDbLinetypeTableRecord
  2
ACAD_ISO02W100
 70
     0
  3
 linia kreskowa __ __ __ __ __ __ __ __ __ __ _
 72
    65
 73
     2
 40
15.0
 49
12.0
 74
     0
 49
-3.0
 74
     0
  0
LTYPE
  5
367F
330
5
100
AcDbSymbolTableRecord
100
AcDbLinetypeTableRecord
  2
ACAD_ISO03W100
 70
     0
  3
 linia kreska spacja __    __    __    __    __
 72
    65
 73
     2
 40
30.0
 49
12.0
 74
     0
 49
-18.0
 74
     0
  0
LTYPE
  5
6763
330
5
100
AcDbSymbolTableRecord
100
AcDbLinetypeTableRecord
  2
DGN Style 2
 70
     0
  3
Dgn Style 2
 72
    65
 73
     2
 40
0.0052243461207368
 49
0.0031346076724421
 74
     0
 49
-0.0020897384482947
 74
     0
  0
LTYPE
  5
6AAB
330
5
100
AcDbSymbolTableRecord
100
AcDbLinetypeTableRecord
  2
DASHED
 70
     0
  3
Dashed __ __ __ __ __ __ __ __ __ __ __ __ __ _
 72
    65
 73
     2
 40
19.05
 49
12.7
 74
     0
 49
-6.349999999999999
 74
     0
  0
LTYPE
  5
857D
330
5
100
AcDbSymbolTableRecord
100
AcDbLinetypeTableRecord
  2
( Dashed )
 70
     0
  3
Dashed line stroke pattern
 72
    65
 73
     2
 40
0.75
 49
0.5
 74
     0
 49
-0.25
 74
     0
  0
LTYPE
  5
96CA
330
5
100
AcDbSymbolTableRecord
100
AcDbLinetypeTableRecord
  2
Celestynow_test|1_3
 70
     0
  3
1_3
 72
    65
 73
     2
 40
1.0
 49
0.5
 74
     0
 49
-0.5
 74
     0
  0
LTYPE
  5
981F
330
5
100
AcDbSymbolTableRecord
100
AcDbLinetypeTableRecord
  2
GCAD_ISO03W100
 70
     0
  3
ISO dash space __    __    __    __    __    __
 72
    65
 73
     2
 40
30.0
 49
12.0
 74
     0
 49
-18.0
 74
     0
  0
ENDTAB
  0
TABLE
  2
LAYER
  5
2
102
{ACAD_XDICTIONARY
360
18E
102
}
330
0
100
AcDbSymbolTable
 70
    29
  0
LAYER
  5
10
102
{ACAD_XDICTIONARY
360
56F2
102
}
330
2
100
AcDbSymbolTableRecord
100
AcDbLayerTableRecord
  2
0
 70
     0
 62
     7
  6
Continuous
370
    18
390
F
347
98
1001
AcAecLayerStandard
1000

1000

1001
AcCmTransparency
1071
 33554687
  0
LAYER
  5
275
102
{ACAD_XDICTIONARY
360
56F4
102
}
330
2
100
AcDbSymbolTableRecord
100
AcDbLayerTableRecord
  2
Defpoints
 70
     0
 62
     7
  6
Continuous
290
     0
370
    -3
390
F
347
98
1001
AcAecLayerStandard
1000

1000

  0
LAYER
  5
2B82
102
{ACAD_XDICTIONARY
360
56FA
102
}
330
2
100
AcDbSymbolTableRecord
100
AcDbLayerTableRecord
  2
linia
 70
     0
 62
     7
  6
ACAD_ISO02W100
370
    15
390
F
347
98
1001
AcAecLayerStandard
1000

1000

  0
LAYER
  5
2B83
102
{ACAD_XDICTIONARY
360
56F8
102
}
330
2
100
AcDbSymbolTableRecord
100
AcDbLayerTableRecord
  2
istn.
 70
     0
 62
     5
  6
4001
370
    30
390
F
347
98
1001
AcAecLayerStandard
1000

1000

  0
LAYER
  5
2B84
102
{ACAD_XDICTIONARY
360
570A
102
}
330
2
100
AcDbSymbolTableRecord
100
AcDbLayerTableRecord
  2
yabella
 70
     0
 62
     7
  6
Continuous
370
    25
390
F
347
98
1001
AcAecLayerStandard
1000

1000

1001
AcCmTransparency
1071
        0
  0
LAYER
  5
2B85
102
{ACAD_XDICTIONARY
360
570C
102
}
330
2
100
AcDbSymbolTableRecord
100
AcDbLayerTableRecord
  2
światł
 70
     0
 62
     1
  6
Continuous
370
    30
390
F
347
98
1001
AcAecLayerStandard
1000

1000

1001
AcCmTransparency
1071
        0
  0
LAYER
  5
3680
102
{ACAD_XDICTIONARY
360
56F6
102
}
330
2
100
AcDbSymbolTableRecord
100
AcDbLayerTableRecord
  2
_mm zasięg trafo
 70
     0
 62
     6
  6
ACAD_ISO03W100
370
    35
390
F
347
98
1001
AcAecLayerStandard
1000

1000

1001
AcCmTransparency
1071
 33554687
  0
LAYER
  5
5B12
102
{ACAD_XDICTIONARY
360
5B13
102
}
330
2
100
AcDbSymbolTableRecord
100
AcDbLayerTableRecord
  2
!latarnie
 70
     0
 62
  -241
  6
Continuous
290
     0
370
   158
390
F
347
98
1001
AcAecLayerStandard
1000

1000

1001
AcCmTransparency
1071
 33554687
  0
LAYER
  5
5F68
102
{ACAD_XDICTIONARY
360
5F69
102
}
330
2
100
AcDbSymbolTableRecord
100
AcDbLayerTableRecord
  2
_mm zasieg zakres 4
 70
     0
 62
     6
  6
ACAD_ISO03W100
370
   140
390
F
347
98
1001
AcAecLayerStandard
1000

1000

1001
AcCmTransparency
1071
 33554687
  0
LAYER
  5
646B
102
{ACAD_XDICTIONARY
360
646C
102
}
330
2
100
AcDbSymbolTableRecord
100
AcDbLayerTableRecord
  2
_mm trafo
 70
     0
 62
     3
  6
Continuous
290
     0
370
    -3
390
F
347
98
1001
AcAecLayerStandard
1000

1000

1001
AcCmTransparency
1071
 33554687
  0
LAYER
  5
675D
102
{ACAD_XDICTIONARY
360
675E
102
}
330
2
100
AcDbSymbolTableRecord
100
AcDbLayerTableRecord
  2
@Tabelka
 70
     0
 62
     7
  6
Continuous
370
    13
390
F
347
98
1001
AcCmTransparency
1071
 33554687
1001
AcAecLayerStandard
1000

1000

  0
LAYER
  5
6760
102
{ACAD_XDICTIONARY
360
6761
102
}
330
2
100
AcDbSymbolTableRecord
100
AcDbLayerTableRecord
  2
@KonstrTabelki
 70
     0
 62
   253
  6
DGN Style 2
290
     0
370
     0
390
F
347
98
1001
AcCmTransparency
1071
 33554687
1001
AcAecLayerStandard
1000

1000

  0
LAYER
  5
6AAC
102
{ACAD_XDICTIONARY
360
6AAD
102
}
330
2
100
AcDbSymbolTableRecord
100
AcDbLayerTableRecord
  2
!trafo
 70
     0
 62
     6
  6
DASHED
370
    50
390
F
347
98
1001
AcAecLayerStandard
1000

1000

  0
LAYER
  5
6AAF
102
{ACAD_XDICTIONARY
360
6AB0
102
}
330
2
100
AcDbSymbolTableRecord
100
AcDbLayerTableRecord
  2
_MM opisy
 70
     0
 62
    -7
  6
Continuous
370
    -3
390
F
347
98
1001
AcAecLayerStandard
1000

1000

1001
AcCmTransparency
1071
 33554687
  0
LAYER
  5
6AB2
102
{ACAD_XDICTIONARY
360
6AB3
102
}
330
2
100
AcDbSymbolTableRecord
100
AcDbLayerTableRecord
  2
_MM ŚWIATŁOWÓD
 70
     0
 62
    -1
  6
Continuous
370
    50
390
F
347
98
1001
AcAecLayerStandard
1000

1000

1001
AcCmTransparency
1071
 33554687
  0
LAYER
  5
6AB5
102
{ACAD_XDICTIONARY
360
6AB6
102
}
330
2
100
AcDbSymbolTableRecord
100
AcDbLayerTableRecord
  2
_MM slupy
 70
     0
 62
    -5
  6
Continuous
370
    -3
390
F
347
98
1001
AcAecLayerStandard
1000

1000

1001
AcCmTransparency
1071
 33554687
  0
LAYER
  5
72C5
102
{ACAD_XDICTIONARY
360
72C6
102
}
330
2
100
AcDbSymbolTableRecord
100
AcDbLayerTableRecord
  2
!podklad
 70
     0
 62
     7
  6
Continuous
370
    18
390
F
347
98
1001
AcAecLayerStandard
1000

1000

1001
AcCmTransparency
1071
 33554687
  0
LAYER
  5
789B
102
{ACAD_XDICTIONARY
360
789C
102
}
330
2
100
AcDbSymbolTableRecord
100
AcDbLayerTableRecord
  2
_arkusze model
 70
     0
 62
    -7
  6
Continuous
290
     0
370
    50
390
F
347
98
1001
AcAecLayerStandard
1000

1000

1001
AcCmTransparency
1071
 33554687
  0
LAYER
  5
789E
102
{ACAD_XDICTIONARY
360
789F
102
}
330
2
100
AcDbSymbolTableRecord
100
AcDbLayerTableRecord
  2
_MM LINIA Sn
 70
     0
 62
   -40
  6
Continuous
370
    30
390
F
347
98
1001
AcAecLayerStandard
1000

1000

1001
AcCmTransparency
1071
 33554687
  0
LAYER
  5
7A14
102
{ACAD_XDICTIONARY
360
7A15
102
}
330
2
100
AcDbSymbolTableRecord
100
AcDbLayerTableRecord
  2
!zakres trafo
 70
     0
 62
     6
  6
DASHED
370
    53
390
F
347
98
1001
AcCmTransparency
1071
 33554687
1001
AcAecLayerStandard
1000

1000

  0
LAYER
  5
8577
102
{ACAD_XDICTIONARY
360
8578
102
}
330
2
100
AcDbSymbolTableRecord
100
AcDbLayerTableRecord
  2
!zasieg
 70
     0
 62
     6
  6
( Dashed )
370
    80
390
F
347
98
1001
AcCmTransparency
1071
 33554687
1001
AcAecLayerStandard
1000

1000

  0
LAYER
  5
887B
102
{ACAD_XDICTIONARY
360
90CE
102
}
330
2
100
AcDbSymbolTableRecord
100
AcDbLayerTableRecord
  2
makro-numeracja-punktow
 70
     0
 62
     7
  6
Continuous
290
     0
370
    -3
390
F
347
98
1001
AcAecLayerStandard
1000

1000

  0
LAYER
  5
8FAA
102
{ACAD_XDICTIONARY
360
8FAB
102
}
330
2
100
AcDbSymbolTableRecord
100
AcDbLayerTableRecord
  2
333 — obrby
 70
     0
 62
     1
  6
Continuous
290
     0
370
    -3
390
F
347
98
1001
AcAecLayerStandard
1000

1000

  0
LAYER
  5
96C4
102
{ACAD_XDICTIONARY
360
96C5
102
}
330
2
100
AcDbSymbolTableRecord
100
AcDbLayerTableRecord
  2
!SN
 70
     0
 62
     6
  6
Celestynow_test|1_3
370
    70
390
F
347
98
1001
AcCmTransparency
1071
 33554687
1001
AcAecLayerStandard
1000

1000

  0
LAYER
  5
9815
102
{ACAD_XDICTIONARY
360
9816
102
}
330
2
100
AcDbSymbolTableRecord
100
AcDbLayerTableRecord
  2
!tele
 70
     0
 62
    30
  6
Continuous
370
    50
390
F
347
98
1001
AcAecLayerStandard
1000

1000

  0
ENDTAB
  0
TABLE
  2
STYLE
  5
3
330
0
100
AcDbSymbolTable
 70
    16
  0
STYLE
  5
11
330
3
100
AcDbSymbolTableRecord
100
AcDbTextStyleTableRecord
  2
Standard
 70
     0
 40
0.0
 41
1.0
 50
0.0
 71
     0
 42
0.2
  3

  4

1001
ACAD
1000
Lato Light
1071
       34
  0
STYLE
  5
33E
330
3
100
AcDbSymbolTableRecord
100
AcDbTextStyleTableRecord
  2
nowy ja
 70
     0
 40
2.0
 41
1.0
 50
0.0
 71
     0
 42
0.2
  3

  4

1001
ACAD
1000
Lato Light
1071
       34
  0
STYLE
  5
6802
330
3
100
AcDbSymbolTableRecord
100
AcDbTextStyleTableRecord
  2
BardzoMale-PrawaGora
 70
     0
 40
0.0025
 41
1.0
 50
0.0
 71
     0
 42
0.2
  3
arial.ttf
  4

1001
ACAD
1000
Arial
1071
    60967
  0
STYLE
  5
782C
330
3
100
AcDbSymbolTableRecord
100
AcDbTextStyleTableRecord
  2
Annotative
 70
     0
 40
0.0
 41
1.0
 50
0.0
 71
     0
 42
0.2
  3
arial.ttf
  4

1001
AcadAnnotative
1000
AnnotativeData
1002
{
1070
     1
1070
     1
1002
}
1001
ACAD
1000
Arial
1071
       34
  0
STYLE
  5
782D
330
3
100
AcDbSymbolTableRecord
100
AcDbTextStyleTableRecord
  2
GA5-SIGN-TEXT
 70
     0
 40
0.0
 41
1.0
 50
0.0
 71
     0
 42
0.2
  3
GA_OZ_PION_0.ttf
  4

1001
ACAD
1000
GA_ZNAKI
1071
       34
  0
STYLE
  5
782E
330
3
100
AcDbSymbolTableRecord
100
AcDbTextStyleTableRecord
  2
GA5-ATR-TEXT
 70
     0
 40
0.0
 41
0.9
 50
0.0
 71
     0
 42
0.2
  3
arial.ttf
  4

1001
ACAD
1000
Arial
1071
       34
  0
STYLE
  5
782F
330
3
100
AcDbSymbolTableRecord
100
AcDbTextStyleTableRecord
  2
GA5-KP-TEXT
 70
     0
 40
0.0
 41
1.0
 50
0.0
 71
     0
 42
0.2
  3
txt.shx
  4

  0
STYLE
  5
7830
330
3
100
AcDbSymbolTableRecord
100
AcDbTextStyleTableRecord
  2
GA5-NIW-TEXT
 70
     0
 40
0.0
 41
1.0
 50
0.0
 71
     0
 42
0.2
  3
txt.shx
  4

  0
STYLE
  5
7831
330
3
100
AcDbSymbolTableRecord
100
AcDbTextStyleTableRecord
  2
GA_OZ_PION_TXT
 70
     0
 40
0.0
 41
1.0
 50
0.0
 71
     0
 42
0.2
  3
GA_OZ_PION_0.ttf
  4

1001
ACAD
1000
GA_ZNAKI
1071
       34
  0
STYLE
  5
7832
330
3
100
AcDbSymbolTableRecord
100
AcDbTextStyleTableRecord
  2
GA_OZ_PION_ATR
 70
     0
 40
0.0
 41
1.0
 50
0.0
 71
     0
 42
0.2
  3
GA_OZ_PION_0.ttf
  4

1001
ACAD
1000
GA_ZNAKI
1071
       34
  0
STYLE
  5
7833
330
3
100
AcDbSymbolTableRecord
100
AcDbTextStyleTableRecord
  2
ga_ub_txt
 70
     0
 40
0.0
 41
1.0
 50
0.0
 71
     0
 42
0.2
  3
GA_OZ_PION_0.ttf
  4

1001
ACAD
1000
GA_ZNAKI
1071
       34
  0
STYLE
  5
7834
330
3
100
AcDbSymbolTableRecord
100
AcDbTextStyleTableRecord
  2
GA-ATR-TEXT
 70
     0
 40
0.0
 41
0.9
 50
0.0
 71
     0
 42
0.2
  3
arial.ttf
  4

1001
ACAD
1000
Arial
1071
       34
  0
STYLE
  5
7835
330
3
100
AcDbSymbolTableRecord
100
AcDbTextStyleTableRecord
  2
GA-KP-TEXT
 70
     0
 40
0.0
 41
1.0
 50
0.0
 71
     0
 42
0.2
  3
txt.shx
  4

  0
STYLE
  5
7836
330
3
100
AcDbSymbolTableRecord
100
AcDbTextStyleTableRecord
  2
GA-NIW-TEXT
 70
     0
 40
0.0
 41
1.0
 50
0.0
 71
     0
 42
0.2
  3
txt.shx
  4

  0
STYLE
  5
7837
330
3
100
AcDbSymbolTableRecord
100
AcDbTextStyleTableRecord
  2
GA-SIGN-TEXT
 70
     0
 40
0.0
 41
1.0
 50
0.0
 71
     0
 42
0.2
  3
GA_OZ_PION_0.ttf
  4

1001
ACAD
1000
GA_ZNAKI
1071
       34
  0
STYLE
  5
8883
330
3
100
AcDbSymbolTableRecord
100
AcDbTextStyleTableRecord
  2
GeodText
 70
     0
 40
0.0
 41
1.0
 50
14.32394487827058
 71
     0
 42
0.2
  3
romans.shx
  4

  0
ENDTAB
  0
TABLE
  2
VIEW
  5
6
330
0
100
AcDbSymbolTable
 70
     2
  0
VIEW
  5
29BB
102
{ACAD_XDICTIONARY
360
29BC
102
}
330
6
100
AcDbSymbolTableRecord
100
AcDbViewTableRecord
  2
1
 70
     0
 40
11402.95615315437
 10
829509146.0021302
 20
575609708.6040675
 41
16959.59298539162
 11
0.0
 21
0.0
 31
1.0
 12
0.0
 22
0.0
 32
0.0
 42
50.0
 43
0.0
 44
0.0
 50
0.0
 71
     0
281
     0
 72
     1
 73
     0
348
9F
110
0.0
120
0.0
130
0.0
111
1.0
121
0.0
131
0.0
112
0.0
122
1.0
132
0.0
 79
     0
146
0.0
  0
VIEW
  5
6A54
102
{ACAD_XDICTIONARY
360
6A55
102
}
330
6
100
AcDbSymbolTableRecord
100
AcDbViewTableRecord
  2
2
 70
     0
 40
7246.601795662378
 10
-822096674.7951875
 20
-569831036.3540921
 41
13476.0136006461
 11
0.0
 21
0.0
 31
1009757674.291036
 12
829635257.3645739
 22
575601763.2274248
 32
0.0
 42
50.0
 43
0.0
 44
0.0
 50
0.0
 71
     0
281
     0
 72
     1
 73
     0
348
9F
110
0.0
120
0.0
130
0.0
111
1.0
121
0.0
131
0.0
112
0.0
122
1.0
132
0.0
 79
     0
146
0.0
  0
ENDTAB
  0
TABLE
  2
UCS
  5
7
330
0
100
AcDbSymbolTable
 70
     0
  0
ENDTAB
  0
TABLE
  2
APPID
  5
9
330
0
100
AcDbSymbolTable
 70
    34
  0
APPID
  5
12
330
9
100
AcDbSymbolTableRecord
100
AcDbRegAppTableRecord
  2
ACAD
 70
     0
  0
APPID
  5
DD
330
9
100
AcDbSymbolTableRecord
100
AcDbRegAppTableRecord
  2
AcadAnnoPO
 70
     0
  0
APPID
  5
DE
330
9
100
AcDbSymbolTableRecord
100
AcDbRegAppTableRecord
  2
AcadAnnotative
 70
     0
  0
APPID
  5
DF
330
9
100
AcDbSymbolTableRecord
100
AcDbRegAppTableRecord
  2
ACAD_DSTYLE_DIMJAG
 70
     0
  0
APPID
  5
E0
330
9
100
AcDbSymbolTableRecord
100
AcDbRegAppTableRecord
  2
ACAD_DSTYLE_DIMTALN
 70
     0
  0
APPID
  5
107
330
9
100
AcDbSymbolTableRecord
100
AcDbRegAppTableRecord
  2
ACAD_MLEADERVER
 70
     0
  0
APPID
  5
1A6
330
9
100
AcDbSymbolTableRecord
100
AcDbRegAppTableRecord
  2
ACAD_NAV_VCDISPLAY
 70
     0
  0
APPID
  5
30C
330
9
100
AcDbSymbolTableRecord
100
AcDbRegAppTableRecord
  2
ACAD_PSEXT
 70
     0
  0
APPID
  5
30D
330
9
100
AcDbSymbolTableRecord
100
AcDbRegAppTableRecord
  2
ADE
 70
     0
  0
APPID
  5
30E
330
9
100
AcDbSymbolTableRecord
100
AcDbRegAppTableRecord
  2
AcAecLayerStandard
 70
     0
  0
APPID
  5
30F
330
9
100
AcDbSymbolTableRecord
100
AcDbRegAppTableRecord
  2
ACAD_EXEMPT_FROM_CAD_STANDARDS
 70
     0
  0
APPID
  5
310
330
9
100
AcDbSymbolTableRecord
100
AcDbRegAppTableRecord
  2
ACAUTHENVIRON
 70
     0
  0
APPID
  5
311
330
9
100
AcDbSymbolTableRecord
100
AcDbRegAppTableRecord
  2
AcDbDynamicBlockTrueName
 70
     0
  0
APPID
  5
312
330
9
100
AcDbSymbolTableRecord
100
AcDbRegAppTableRecord
  2
AcDbDynamicBlockGUID
 70
     0
  0
APPID
  5
313
330
9
100
AcDbSymbolTableRecord
100
AcDbRegAppTableRecord
  2
AcCmTransparency
 70
     0
  0
APPID
  5
314
330
9
100
AcDbSymbolTableRecord
100
AcDbRegAppTableRecord
  2
GradientColor1ACI
 70
     0
  0
APPID
  5
315
330
9
100
AcDbSymbolTableRecord
100
AcDbRegAppTableRecord
  2
GradientColor2ACI
 70
     0
  0
APPID
  5
316
330
9
100
AcDbSymbolTableRecord
100
AcDbRegAppTableRecord
  2
ZcCmTransparency
 70
     0
  0
APPID
  5
317
330
9
100
AcDbSymbolTableRecord
100
AcDbRegAppTableRecord
  2
AcDbBlockRepETag
 70
     0
  0
APPID
  5
BDC
330
9
100
AcDbSymbolTableRecord
100
AcDbRegAppTableRecord
  2
BNS_SPRHATCH
 70
     0
  0
APPID
  5
1B40
330
9
100
AcDbSymbolTableRecord
100
AcDbRegAppTableRecord
  2
PLOTTRANSPARENCY
 70
     0
  0
APPID
  5
1DF9
330
9
100
AcDbSymbolTableRecord
100
AcDbRegAppTableRecord
  2
GA-745gt42108ijnhdte5638h15A
 70
     0
  0
APPID
  5
2964
330
9
100
AcDbSymbolTableRecord
100
AcDbRegAppTableRecord
  2
ZWTraffic
 70
     0
  0
APPID
  5
2965
330
9
100
AcDbSymbolTableRecord
100
AcDbRegAppTableRecord
  2
Drogi
 70
     0
  0
APPID
  5
2966
330
9
100
AcDbSymbolTableRecord
100
AcDbRegAppTableRecord
  2
_APP0
 70
     0
  0
APPID
  5
2B16
330
9
100
AcDbSymbolTableRecord
100
AcDbRegAppTableRecord
  2
AcadAnnoMonitorAlertIconDisabled
 70
     0
  0
APPID
  5
35C3
330
9
100
AcDbSymbolTableRecord
100
AcDbRegAppTableRecord
  2
ACAD_DSTYLE_DIMBREAK
 70
     0
  0
APPID
  5
5987
330
9
100
AcDbSymbolTableRecord
100
AcDbRegAppTableRecord
  2
AcLayerTools
 70
     0
  0
APPID
  5
6AB8
330
9
100
AcDbSymbolTableRecord
100
AcDbRegAppTableRecord
  2
HATCHBACKGROUNDCOLOR
 70
     0
  0
APPID
  5
785D
330
9
100
AcDbSymbolTableRecord
100
AcDbRegAppTableRecord
  2
_APP2B2B7
 70
     0
  0
APPID
  5
785E
330
9
100
AcDbSymbolTableRecord
100
AcDbRegAppTableRecord
  2
_APP2B2B6
 70
     0
  0
APPID
  5
96CF
330
9
100
AcDbSymbolTableRecord
100
AcDbRegAppTableRecord
  2
_APP7
 70
     0
  0
APPID
  5
96D0
330
9
100
AcDbSymbolTableRecord
100
AcDbRegAppTableRecord
  2
_APP8
 70
     0
  0
APPID
  5
96D1
330
9
100
AcDbSymbolTableRecord
100
AcDbRegAppTableRecord
  2
_APP9
 70
     0
  0
ENDTAB
  0
TABLE
  2
DIMSTYLE
  5
A
330
0
100
AcDbSymbolTable
 70
     6
100
AcDbDimStyleTable
 71
     0
  0
DIMSTYLE
105
27
102
{ACAD_REACTORS
330
2C91
330
2C92
330
2C88
330
2CA8
330
2CA9
330
2CA6
330
2CAB
330
2CA7
102
}
330
A
100
AcDbSymbolTableRecord
100
AcDbDimStyleTableRecord
  2
Standard
 70
     0
 41
10.0
140
13.0
340
11
1001
ACAD_DSTYLE_DIMJAG
1070
   388
1040
1.5
1001
ACAD_DSTYLE_DIMTALN
1070
   392
1070
     0
  0
DIMSTYLE
105
5719
330
A
100
AcDbSymbolTableRecord
100
AcDbDimStyleTableRecord
  2
ISO-25
 70
     0
 41
2.5
 42
0.625
 43
3.75
 44
1.25
 73
     0
 74
     0
 77
     1
 78
     8
140
2.5
141
2.5
143
0.03937007874016
147
0.625
171
     3
172
     1
271
     2
272
     2
274
     3
278
    44
283
     0
284
     8
340
11
  0
DIMSTYLE
105
7651
330
A
100
AcDbSymbolTableRecord
100
AcDbDimStyleTableRecord
  2
opis linie
 70
     0
  3
- <> m -
 69
     1
 70
     0
 73
     0
 74
     0
 75
     1
 76
     1
 77
     4
140
1.5
147
2.5
271
     0
178
   256
271
     0
272
     0
281
     1
282
     1
340
11
1001
AcadAnnotative
1000
AnnotativeData
1002
{
1070
     1
1070
     0
1002
}
1001
ACAD_DSTYLE_DIMJAG
1070
   388
1040
1.5
1001
ACAD_DSTYLE_DIMTALN
1070
   392
1070
     0
  0
DIMSTYLE
105
781E
330
A
100
AcDbSymbolTableRecord
100
AcDbDimStyleTableRecord
  2
Annotative
 70
     0
 40
0.0
 41
2.5
 42
0.625
 43
3.75
 44
1.25
 73
     0
 74
     0
 77
     1
 78
     8
140
2.5
141
2.5
143
0.03937007874016
147
0.625
171
     3
172
     1
271
     2
272
     2
274
     3
278
    44
283
     0
284
     8
340
11
1001
AcadAnnotative
1000
AnnotativeData
1002
{
1070
     1
1070
     1
1002
}
1001
ACAD_DSTYLE_DIMJAG
1070
   388
1040
1.5
1001
ACAD_DSTYLE_DIMTALN
1070
   392
1070
     0
  0
DIMSTYLE
105
7823
330
A
100
AcDbSymbolTableRecord
100
AcDbDimStyleTableRecord
  2
GA5-LEADER
 70
     0
 41
1.0
 42
1.0
 43
1.0
 44
1.0
 73
     0
 74
     0
 77
     1
 78
     8
140
1.0
141
1.0
143
0.03937007874016
147
1.0
171
     3
172
     1
271
     2
272
     2
274
     3
278
    44
283
     0
284
     8
340
11
  0
DIMSTYLE
105
7824
330
A
100
AcDbSymbolTableRecord
100
AcDbDimStyleTableRecord
  2
GA-LEADER
 70
     0
 41
1.0
 42
1.0
 43
1.0
 44
1.0
 73
     0
 74
     0
 77
     1
 78
     8
140
1.0
141
1.0
143
0.03937007874016
147
1.0
171
     3
172
     1
271
     2
272
     2
274
     3
278
    44
283
     0
284
     8
340
11
1001
ACAD_DSTYLE_DIMBREAK
1070
   391
1040
3.75
1001
ACAD_DSTYLE_DIMJAG
1070
   388
1040
1.5
1001
ACAD_DSTYLE_DIMTALN
1070
   392
1070
     0
  0
ENDTAB
  0
TABLE
  2
BLOCK_RECORD
  5
1
330
0
100
AcDbSymbolTable
 70
    22
  0
BLOCK_RECORD
  5
1F
102
{ACAD_XDICTIONARY
360
15D
102
}
330
1
100
AcDbSymbolTableRecord
100
AcDbBlockTableRecord
  2
*Model_Space
340
22
 70
     0
280
     1
281
     0
  0
BLOCK_RECORD
  5
BDD
102
{ACAD_XDICTIONARY
360
22F7
102
}
330
1
100
AcDbSymbolTableRecord
100
AcDbBlockTableRecord
  2
*Paper_Space
340
C13
 70
     0
280
     1
281
     0
  0
BLOCK_RECORD
  5
32A1
102
{ACAD_XDICTIONARY
360
5799
102
}
330
1
100
AcDbSymbolTableRecord
100
AcDbBlockTableRecord
  2
*Paper_Space0
340
32AE
 70
     0
280
     1
281
     0
  0
BLOCK_RECORD
  5
C7B
102
{ACAD_XDICTIONARY
360
5789
102
}
330
1
100
AcDbSymbolTableRecord
100
AcDbBlockTableRecord
  2
*Paper_Space1
340
CB1
 70
     0
280
     1
281
     0
  0
BLOCK_RECORD
  5
2CAC
330
1
100
AcDbSymbolTableRecord
100
AcDbBlockTableRecord
  2
*D2
340
0
 70
     0
280
     1
281
     0
  0
BLOCK_RECORD
  5
2CB9
330
1
100
AcDbSymbolTableRecord
100
AcDbBlockTableRecord
  2
*D3
340
0
 70
     0
280
     1
281
     0
  0
BLOCK_RECORD
  5
2CC6
330
1
100
AcDbSymbolTableRecord
100
AcDbBlockTableRecord
  2
*D4
340
0
 70
     0
280
     1
281
     0
  0
BLOCK_RECORD
  5
2CD3
330
1
100
AcDbSymbolTableRecord
100
AcDbBlockTableRecord
  2
*D5
340
0
 70
     0
280
     1
281
     0
  0
BLOCK_RECORD
  5
2CE0
330
1
100
AcDbSymbolTableRecord
100
AcDbBlockTableRecord
  2
*D6
340
0
 70
     0
280
     1
281
     0
  0
BLOCK_RECORD
  5
2CED
330
1
100
AcDbSymbolTableRecord
100
AcDbBlockTableRecord
  2
*D7
340
0
 70
     0
280
     1
281
     0
  0
BLOCK_RECORD
  5
2CFA
330
1
100
AcDbSymbolTableRecord
100
AcDbBlockTableRecord
  2
*D8
340
0
 70
     0
280
     1
281
     0
  0
BLOCK_RECORD
  5
2D07
330
1
100
AcDbSymbolTableRecord
100
AcDbBlockTableRecord
  2
*D9
340
0
 70
     0
280
     1
281
     0
  0
BLOCK_RECORD
  5
58
102
{ACAD_XDICTIONARY
360
34C0
102
}
330
1
100
AcDbSymbolTableRecord
100
AcDbBlockTableRecord
  2
*Paper_Space10
340
59
 70
     0
280
     1
281
     0
  0
BLOCK_RECORD
  5
324E
102
{ACAD_XDICTIONARY
360
5795
102
}
330
1
100
AcDbSymbolTableRecord
100
AcDbBlockTableRecord
  2
*Paper_Space11
340
325B
 70
     0
280
     1
281
     0
  0
BLOCK_RECORD
  5
6792
330
1
100
AcDbSymbolTableRecord
100
AcDbBlockTableRecord
  2
tabelka
340
0
310
280000002000000020000000010008000000000000040000000000003B157540000000000000000000000000000080000080000000808000800000008000800080800000C0C0C000C0DCC000F0CAA6000020400000206000002080000020A0000020C0000020E00000400000004020000040400000406000004080000040A0
310
000040C0000040E00000600000006020000060400000606000006080000060A0000060C0000060E00000800000008020000080400000806000008080000080A0000080C0000080E00000A0000000A0200000A0400000A0600000A0800000A0A00000A0C00000A0E00000C0000000C0200000C0400000C0600000C0800000C0
310
A00000C0C00000C0E00000E0000000E0200000E0400000E0600000E0800000E0A00000E0C00000E0E00040000000400020004000400040006000400080004000A0004000C0004000E00040200000402020004020400040206000402080004020A0004020C0004020E000404000004040200040404000404060004040800040
310
40A0004040C0004040E00040600000406020004060400040606000406080004060A0004060C0004060E00040800000408020004080400040806000408080004080A0004080C0004080E00040A0000040A0200040A0400040A0600040A0800040A0A00040A0C00040A0E00040C0000040C0200040C0400040C0600040C08000
310
40C0A00040C0C00040C0E00040E0000040E0200040E0400040E0600040E0800040E0A00040E0C00040E0E00080000000800020008000400080006000800080008000A0008000C0008000E00080200000802020008020400080206000802080008020A0008020C0008020E00080400000804020008040400080406000804080
310
008040A0008040C0008040E00080600000806020008060400080606000806080008060A0008060C0008060E00080800000808020008080400080806000808080008080A0008080C0008080E00080A0000080A0200080A0400080A0600080A0800080A0A00080A0C00080A0E00080C0000080C0200080C0400080C0600080C0
310
800080C0A00080C0C00080C0E00080E0000080E0200080E0400080E0600080E0800080E0A00080E0C00080E0E000C0000000C0002000C0004000C0006000C0008000C000A000C000C000C000E000C0200000C0202000C0204000C0206000C0208000C020A000C020C000C020E000C0400000C0402000C0404000C0406000C0
310
408000C040A000C040C000C040E000C0600000C0602000C0604000C0606000C0608000C060A000C060C000C060E000C0800000C0802000C0804000C0806000C0808000C080A000C080C000C080E000C0A00000C0A02000C0A04000C0A06000C0A08000C0A0A000C0A0C000C0A0E000C0C00000C0C02000C0C04000C0C06000
310
C0C08000C0C0A000F0FBFF00A4A0A000808080000000FF0000FF000000FFFF00FF000000FF00FF00FFFF0000FFFFFF0000000000000000000000000000000000000000000000000000000000000000000000000000000000000000000000000000000000000000000000000000000000000000000000000000000000000000
310
0000000000000000000000000000000000000000D8FFFFFFFFBF0A0000000000EAFFFFFFFF1E000000000000000000000000FFFFFFFFFFFFFFFFFFFFFFFFFFFFFFFFFFFFFFFF08FFFFFFFFFFFFFFFFFFFF00FFFFF7F7F7F7F7F7F7F7F7F7F7F7F7F7F5F6EE09F6EEF7F7FFFFFFFFFFFFFF00FFFFF7F7F7F7F7F7F7F7F7F7ED
310
FFFFFFFFFFFFFFFFFFFFFFFFFFFFFFFFFFFF00FFFFFFFFFFFFFFFFFFFFFFFFFFFFFFFFFFFFFFFFFFFFFFFFFFFFFFFFFFFFFF00FFFFFFFFFFFFFFFFFFFFFFFFFFFFFFFFFFFFFFFFFFFFFFFFFFFFFFFFFFFFFF00FF09FFFFFFFFFFFFFFFFFFFFFFFFFFFFFFF6FFFFFFFFFFFFFFFFFFF609FFFF00FFFFFFFFFFFFFFFFFFFFFFFF
310
FFFFFFFFFFFFFFFFFFFFFFFFFFFFFFFFFFFFFF00FFFFFFFFFFFFFFFFFFFFFFFFFFFFFFFFFFFFFFFFFFFFFFFFFFFFFFFFFFFFFF00FFFFFFFFFFFFFFFFFFFFFFFFFFFFFFFFFFFFFFFFFFFFFFFFFFFFFFFFFFFFFF00FF09FFFFFFFFFFFFFFFFFFFFFFFFFFFFFFFFFFFFFFFFFFFFFFFFFFFFFFF6FF00FFFFFFFFFFFFFFFFFFFFFF
310
FFFFFFFFFFFFFFFFFFFFFFFFFFFFFFFFFFFFFFFF00FFEDFFFFFFFFFFFFFFFFFFF6F707F6FFF6F7FFFFFFFFFFFFFFFFFFFFFFFFFF00FFEDFFFFFFFFFFFFFFFFFFFF07F609FFF607FFFFFFFFFFFFFFFFFFFFFFFFFF00FFFFFFFFFFFFFFFFFFFFFFFFFFFFF6FFFF07FFFFFFFFFFFFFFFFFFFFFFFFFF00FFFFFFFFFFFFFFFFFFFF
310
FFFFFFFFFFFFFFFFFFFFFFFFFFFFFFFFFFFFFFFFFF00FFFFFFFFFFFFFFFFFFFFFFFFFFFFFFFFFFFFFFFFFFFFFFFFFFFFFFFFFFFFFF00FFFFFFFFFFFFFFFFFFFFFFFFFFFFFFFFFFFFFFFFFFFFFFFFFFFFFFFFFFFFFF00FF09FFFFFFFFFFFFFFFFFFFFFFFFFFFFFFFFFFFFFFFFFFFFEEF7F7F7F7F7FF00FFFFFFFFFFFFFFFFFF
310
FFFFFFFFFFFFFFFFFFFFFFFFFFFFFFFFFFFFFFFFFFFF00FFFFFFFFFFFFFFFFFFFFFFFFFFFFFFFFFFFFFFFFFFFFFFFFFFFFFFFFFFFFFF00FFFFFFFFFFFFFFFFFFFFFFFFFFFFFFFFFFFFFFFFFFFFFFF608F7F7F7F7F7FF00FFFF09FFFFFF08EEF6F6FFF6FFFFFFFFFFFFFFFFFFFFF60707F7F7F7F7F7FF00FFFFFFFFFFFFFFFF
310
FFFFFFFFFFFFFFFFFFFFFFFFFFFFFFFFFFFFFFFFFFFFFF00000009FFFFFFFFFFFFBF0000D8FFFFFFFFFFB700D8FF1E000000000000000000000090FFFFBF9B09FFB70000D8FFF6FFFFFFF65DEAFF1E0000000000000000000000009AF59D9BEB075D0000509B12F307439A9BAB9D1200000000000000000000000000000000
310
0000000000000000000000000000000000000000000000000000000000000000000000000000000000000000000000000000000000000000
102
{BLKREFS
331
67F0
331
6934
331
69D1
331
6A10
331
6A4F
102
}
 70
     6
280
     1
281
     0
1001
AcDbDynamicBlockGUID
1000
{935d7591-dc4e-434f-8050-e622e3a57e8e}
  0
BLOCK_RECORD
  5
6A92
330
1
100
AcDbSymbolTableRecord
100
AcDbBlockTableRecord
  2
q
340
0
102
{BLKREFS
331
6D80
331
6D81
331
6D82
331
6D83
331
6D84
331
6D85
331
6D86
331
6D88
331
6D89
331
6D8A
331
6D8B
331
6D8C
331
6D93
331
6D94
331
6D95
331
6D98
331
6D9B
331
6D9C
331
6D9D
331
6D9E
331
6DA0
331
6DA1
331
6DA2
331
6DA3
331
6DA4
331
6DA5
331
6DA6
331
6DA7
331
6DA8
331
6DA9
331
6DAA
331
6DAB
331
6DAC
331
6DAD
331
6DAE
331
6DAF
331
6DB0
331
6DB1
331
6DB2
331
6DB3
331
6DB4
331
6DB5
331
6DB6
331
6DB7
331
6DB8
331
6DB9
331
6DBA
331
6DBB
331
6DBC
331
6DBD
331
6DBE
331
6DBF
331
6DC0
331
6DC1
331
6DC2
331
6DC3
331
6DC4
331
6DC5
331
6DC6
331
6DC7
331
6DC8
331
6DC9
331
6DCA
331
6DCB
331
6DE2
331
6DE3
331
6DE4
331
6DE5
331
6DE6
331
6DE7
331
6DE8
331
6DE9
331
6DEA
331
6DEB
331
6DEC
331
6DED
331
6DEE
331
6DEF
331
6DF0
331
6DF1
331
6DF2
331
6DF3
331
6DF4
331
6DF5
331
6DF6
331
6DF7
331
6DF8
331
6DF9
331
6DFE
331
6DFF
331
6E00
331
6E01
331
6E02
331
6E03
331
6E04
331
6E05
331
6E16
331
6E18
331
6E19
331
6E1A
331
6E1B
331
6E1C
331
6E1D
331
6E21
331
6E22
331
6E23
331
6E28
331
6E29
331
6E2A
331
6E2B
331
6E2C
331
6E2D
331
6E2E
331
6E2F
331
6E30
331
6E31
331
6E3C
331
6E3D
331
6E3E
331
6E3F
331
6E40
331
6E41
331
6E4B
331
6E4C
331
6E4E
331
6E4F
331
6E50
331
6E51
331
6E52
331
6E53
331
6E66
331
6E6F
331
6E70
331
6E71
331
6E72
331
6E73
331
6E77
331
6E78
331
6E79
331
6E7A
331
6E84
331
6E85
331
6E86
331
6E90
331
6E91
331
6E95
331
6E96
331
6E97
331
6E98
331
6E99
331
6E9A
331
6E9B
331
6E9C
331
6E9D
331
6E9E
331
6E9F
331
6EA0
331
6EA1
331
6EA2
331
6EA3
331
6EA4
331
6EA5
331
6EA6
331
6EA7
331
6EA8
331
6EAF
331
6EB0
331
6EB2
331
6EB3
331
6EB4
331
6EB5
331
6EB6
331
6EB7
331
6EB8
331
6EB9
331
6EBA
331
6EBB
331
6EBC
331
6EC2
331
6EC7
331
6EC8
331
6EC9
331
6ECB
331
6ECC
331
6ECD
331
6ECF
331
6ED0
331
6ED1
331
6ED2
331
6ED3
331
6ED4
331
6ED5
331
6ED6
331
6ED7
331
6ED8
331
6ED9
331
6EDA
331
6EDB
331
6EDC
331
6EDD
331
6EDE
331
6EDF
331
6EE0
331
6EE5
331
6EE6
331
6EE7
331
6EE8
331
6EE9
331
6EEA
331
6EEB
331
6EEC
331
6EED
331
6EEE
331
6EEF
331
6EF7
331
6F13
331
6F14
331
6F15
331
6F16
331
6F17
331
6F18
331
6F19
331
6F1A
331
6F1B
331
6F1C
331
6F1D
331
6F28
331
6F29
331
6F2A
331
6F2B
331
6F2C
331
6F2D
331
6F2E
331
6F2F
331
6F30
331
6F31
331
6F32
331
6F33
331
6F34
331
6F35
331
6F36
331
6F37
331
6F3F
331
6F40
331
6F41
331
6F42
331
6F43
331
6F47
331
6F48
331
6F49
331
6F4A
331
6F4B
331
6F4C
331
6F4D
331
6F4E
331
6F4F
331
6F50
331
6F55
331
6F56
331
6F57
331
6F58
331
6F59
331
6F5A
331
6F5B
331
6F5C
331
6F60
331
6F61
331
6F77
331
6F78
331
6F79
331
6F7A
331
6F7B
331
6F7C
331
6F7D
331
6F7E
331
6F7F
331
6F80
331
6F81
331
6F82
331
6F8A
331
6F8B
331
6F8C
331
6F8E
331
6F8F
331
6F90
331
6F91
331
6F92
331
6F95
331
6F96
331
6F97
331
6F98
331
6F99
331
6F9A
331
6F9D
331
6F9E
331
6F9F
331
6FA2
331
6FA3
331
6FA4
331
6FA5
331
6FA6
331
6FA7
331
6FA8
331
6FA9
331
6FAA
331
6FAC
331
6FAD
331
6FAE
331
6FAF
331
6FB0
331
6FB1
331
6FB2
331
6FB4
331
6FB5
331
6FB6
331
6FB7
331
6FB8
331
6FB9
331
6FBA
331
6FBB
331
6FBC
331
6FC0
331
6FC1
331
6FC2
331
6FC3
331
6FC4
331
6FC5
331
6FC6
331
6FC7
331
6FC8
331
6FC9
331
6FCA
331
6FCB
102
}
 70
     6
280
     1
281
     0
1001
AcadAnnotative
1000
AnnotativeData
1002
{
1070
     1
1070
     0
1002
}
1001
AcDbDynamicBlockGUID
1000
{cd593c64-676b-44a3-b377-c6d96458307d}
  0
BLOCK_RECORD
  5
6A97
330
1
100
AcDbSymbolTableRecord
100
AcDbBlockTableRecord
  2
ZN
340
0
102
{BLKREFS
331
6A94
102
}
 70
     6
280
     1
281
     0
1001
AcadAnnotative
1000
AnnotativeData
1002
{
1070
     1
1070
     0
1002
}
  0
BLOCK_RECORD
  5
6A9C
330
1
100
AcDbSymbolTableRecord
100
AcDbBlockTableRecord
  2
R
340
0
102
{BLKREFS
331
6D8E
331
6DCE
331
6DD1
331
6DD2
331
6DD4
331
6DD7
331
6DD9
331
6DDA
331
6DDE
331
6DDF
331
6DE1
331
6E24
331
6E26
331
6E3A
331
6E3B
331
6E42
331
6E44
331
6E48
331
6E49
331
6E4A
331
6E4D
331
6E54
331
6E62
331
6E63
331
6E67
331
6E68
331
6E87
331
6E8C
331
6E92
331
6E93
331
6E94
331
6EA9
331
6EAA
331
6EAC
331
6EAD
331
6EBE
331
6EBF
331
6EC3
331
6ECA
331
6EE1
331
6EE2
331
6EF0
331
6EF1
331
6EF3
331
6EF4
331
6F1E
331
6F1F
331
6F20
331
6F21
331
6F22
331
6F23
331
6F24
331
6F25
331
6F38
331
6F39
331
6F3A
331
6F3B
331
6F3C
331
6F3D
331
6F3E
331
6F44
331
6F45
331
6F46
331
6F51
331
6F52
331
6F53
331
6F54
331
6F5D
331
6F5E
331
6F5F
331
6F62
331
6F65
331
6F66
331
6F67
331
6F68
331
6F69
331
6F6A
331
6F6B
331
6F6C
331
6F6D
331
6F6E
331
6F6F
331
6F70
331
6F71
331
6F72
331
6F73
331
6F74
331
6F75
331
6F76
331
6F83
331
6F84
331
6F85
331
6F86
331
6F87
331
6F88
331
6F89
331
6F8D
331
6F93
331
6F94
331
6F9B
331
6F9C
331
6FA0
331
6FA1
331
6FB3
331
6FBD
331
6FBE
331
6FBF
331
6FCC
331
6FCD
331
6FCE
331
6FCF
331
6FD0
331
6FD1
102
}
 70
     6
280
     1
281
     0
1001
AcadAnnotative
1000
AnnotativeData
1002
{
1070
     1
1070
     0
1002
}
  0
BLOCK_RECORD
  5
6AA5
330
1
100
AcDbSymbolTableRecord
100
AcDbBlockTableRecord
  2
E
340
0
102
{BLKREFS
331
6D87
331
6D8F
331
6D90
331
6D91
331
6D92
331
6D96
331
6D97
331
6D99
331
6D9A
331
6DCC
331
6DCD
331
6DCF
331
6DD0
331
6DD3
331
6DD5
331
6DD6
331
6DD8
331
6DDB
331
6DDC
331
6DDD
331
6DE0
331
6DFA
331
6DFB
331
6DFC
331
6DFD
331
6E06
331
6E07
331
6E08
331
6E09
331
6E0A
331
6E0B
331
6E0C
331
6E0D
331
6E0E
331
6E0F
331
6E10
331
6E11
331
6E12
331
6E13
331
6E14
331
6E15
331
6E17
331
6E1E
331
6E1F
331
6E20
331
6E25
331
6E32
331
6E33
331
6E34
331
6E35
331
6E36
331
6E37
331
6E38
331
6E39
331
6E43
331
6E55
331
6E64
331
6E65
331
6E69
331
6E6A
331
6E6B
331
6E6C
331
6E6D
331
6E6E
331
6E74
331
6E75
331
6E76
331
6E7B
331
6E7C
331
6E7D
331
6E7E
331
6E7F
331
6E80
331
6E81
331
6E82
331
6E83
331
6E88
331
6E89
331
6E8A
331
6E8B
331
6E8D
331
6E8E
331
6E8F
331
6EAB
331
6EAE
331
6EB1
331
6EBD
331
6EC0
331
6EC1
331
6EC4
331
6EC5
331
6EC6
331
6ECE
331
6EE3
331
6EE4
331
6EF2
331
6EF5
331
6EF6
331
6EF8
331
6EF9
331
6EFB
331
6EFC
331
6EFD
331
6EFE
331
6EFF
331
6F00
331
6F01
331
6F02
331
6F03
331
6F04
331
6F05
102
}
 70
     6
280
     1
281
     0
1001
AcadAnnotative
1000
AnnotativeData
1002
{
1070
     1
1070
     0
1002
}
1001
AcDbDynamicBlockGUID
1000
{cb2d10e0-e04c-4fa4-9c17-05049ae1c8d1}
  0
BLOCK_RECORD
  5
781C
330
1
100
AcDbSymbolTableRecord
100
AcDbBlockTableRecord
  2
gaStandard
340
0
 70
     4
280
     1
281
     0
  0
BLOCK_RECORD
  5
78E3
330
1
100
AcDbSymbolTableRecord
100
AcDbBlockTableRecord
  2
trafo
340
0
 70
     6
280
     1
281
     0
1001
AcadAnnotative
1000
AnnotativeData
1002
{
1070
     1
1070
     0
1002
}
  0
BLOCK_RECORD
  5
887A
330
1
100
AcDbSymbolTableRecord
100
AcDbBlockTableRecord
  2
G$C0D6EC0B5
340
0
 70
     0
280
     1
281
     0
  0
BLOCK_RECORD
  5
9858
330
1
100
AcDbSymbolTableRecord
100
AcDbBlockTableRecord
  2
_None
340
0
 70
     0
280
     1
281
     0
  0
ENDTAB
  0
ENDSEC
  0
SECTION
  2
BLOCKS
  0
BLOCK
  5
20
330
1F
100
AcDbEntity
  8
0
100
AcDbBlockBegin
  2
*Model_Space
 70
     0
 10
0.0
 20
0.0
 30
0.0
  3
*Model_Space
  1

  0
ENDBLK
  5
21
330
1F
100
AcDbEntity
  8
0
100
AcDbBlockEnd
  0
BLOCK
  5
BDE
330
BDD
100
AcDbEntity
 67
     1
  8
0
100
AcDbBlockBegin
  2
*Paper_Space
 70
     0
 10
0.0
 20
0.0
 30
0.0
  3
*Paper_Space
  1

  0
ENDBLK
  5
C12
330
BDD
100
AcDbEntity
 67
     1
  8
0
100
AcDbBlockEnd
  0
BLOCK
  5
32A2
330
32A1
100
AcDbEntity
  8
0
100
AcDbBlockBegin
  2
*Paper_Space0
 70
     0
 10
0.0
 20
0.0
 30
0.0
  3
*Paper_Space0
  1

  0
VIEWPORT
  5
32A3
102
{ACAD_XDICTIONARY
360
32A4
102
}
330
32A1
100
AcDbEntity
  8
0
100
AcDbViewport
 10
0.0
 20
0.0
 30
0.0
 40
364.934004660361
 41
196.2398890235049
 68
     1
 69
    -1
 12
102.7404276033084
 22
106.8640226237278
 13
0.0
 23
0.0
 14
10.0
 24
10.0
 15
10.0
 25
10.0
 16
0.0
 26
0.0
 36
1.0
 17
0.0
 27
0.0
 37
0.0
 42
50.0
 43
0.0
 44
0.0
 45
196.2398890235049
 50
0.0
 51
0.0
 72
  1000
 90
   819232
  1

281
     0
 71
     1
 74
     0
110
0.0
120
0.0
130
0.0
111
1.0
121
0.0
131
0.0
112
0.0
122
1.0
132
0.0
 79
     0
146
0.0
170
     0
 61
     5
348
9F
292
     1
282
     1
141
0.0
142
0.0
 63
   250
421
  3355443
361
4F13
  0
VIEWPORT
  5
32A6
102
{ACAD_XDICTIONARY
360
32A7
102
}
330
32A1
100
AcDbEntity
  8
0
100
AcDbViewport
 10
97.5
 20
143.4999999999999
 30
0.0
 40
182.99815
 41
284.9971300000001
 69
    -1
 12
829536243.4048216
 22
575607317.5889949
 13
0.0
 23
0.0
 14
0.5
 24
0.5
 15
0.5
 25
0.5
 16
0.0
 26
0.0
 36
1.0
 17
0.0
 27
0.0
 37
0.0
 42
50.0
 43
0.0
 44
0.0
 45
1424.986975072823
 50
0.0
 51
0.0
 72
  1000
 90
   819296
  1

281
     0
 71
     1
 74
     0
110
0.0
120
0.0
130
0.0
111
1.0
121
0.0
131
0.0
112
0.0
122
1.0
132
0.0
 79
     0
146
0.0
170
     0
 61
     5
348
9F
292
     1
282
     1
141
0.0
142
0.0
 63
   250
421
  3355443
361
4F14
  0
MTEXT
  5
32AA
330
32A1
100
AcDbEntity
  8
0
100
AcDbMText
 10
138.8091996001247
 20
23.47210279630755
 30
0.0
 40
1.6
 41
31.68890445427047
 46
8.000000000444753
 71
     4
 72
     5
  1
Widok zamontowania światłowodu - 4
  7
nowy ja
 73
     1
 44
1.0
1001
ACAD
1000
MTEXTBEGIN
1070
    73
1070
     1
1070
    44
1040
1.0
1070
    74
1070
     0
1000
MTEXTEND
1000
ACAD_MTEXT_DEFINED_HEIGHT_BEGIN
1070
    46
1040
8.000000000444753
1000
ACAD_MTEXT_DEFINED_HEIGHT_END
  0
MTEXT
  5
32AB
330
32A1
100
AcDbEntity
  8
0
100
AcDbMText
 10
114.2112605814448
 20
23.47210279630767
 30
0.0
 40
1.6
 41
9.27906611826549
 46
5.990591423385023
 71
     5
 72
     5
  1
3.4
 73
     1
 44
1.0
1001
ACAD
1000
MTEXTBEGIN
1070
    73
1070
     1
1070
    44
1040
1.0
1070
    74
1070
     0
1000
MTEXTEND
1000
ACAD_MTEXT_DEFINED_HEIGHT_BEGIN
1070
    46
1040
5.990591423385023
1000
ACAD_MTEXT_DEFINED_HEIGHT_END
  0
MTEXT
  5
32AC
330
32A1
100
AcDbEntity
  8
0
100
AcDbMText
 10
129.3164348770318
 20
23.47210279630778
 30
0.0
 40
1.6
 41
9.27906611826549
 46
5.990591423385023
 71
     5
 72
     5
  1
1:5
 73
     1
 44
1.0
1001
ACAD
1000
MTEXTBEGIN
1070
    73
1070
     1
1070
    44
1040
1.0
1070
    74
1070
     0
1000
MTEXTEND
1000
ACAD_MTEXT_DEFINED_HEIGHT_BEGIN
1070
    46
1040
5.990591423385023
1000
ACAD_MTEXT_DEFINED_HEIGHT_END
  0
LWPOLYLINE
  5
5798
330
32A1
100
AcDbEntity
  8
0
100
AcDbPolyline
 90
        4
 70
     1
 43
0.0
 10
6.00092499999998
 20
285.998565
 10
188.999075
 20
285.998565
 10
188.999075
 20
1.001435000000014
 10
6.000924999999995
 20
1.001435000000014
  0
INSERT
  5
6A4F
330
32A1
100
AcDbEntity
  8
0
100
AcDbBlockReference
  2
tabelka
 10
188.999075
 20
1.001435000000016
 30
0.0
  0
ENDBLK
  5
32AD
330
32A1
100
AcDbEntity
  8
0
100
AcDbBlockEnd
  0
BLOCK
  5
C7C
330
C7B
100
AcDbEntity
  8
0
100
AcDbBlockBegin
  2
*Paper_Space1
 70
     0
 10
0.0
 20
0.0
 30
0.0
  3
*Paper_Space1
  1

  0
VIEWPORT
  5
C7D
102
{ACAD_XDICTIONARY
360
C7E
102
}
330
C7B
100
AcDbEntity
  8
0
100
AcDbViewport
 10
0.0
 20
0.0
 30
0.0
 40
161.0539267676368
 41
63.57391846090927
 68
     1
 69
    -1
 12
147.4239091742947
 22
21.81058399273368
 13
0.0
 23
0.0
 14
10.0
 24
10.0
 15
10.0
 25
10.0
 16
0.0
 26
0.0
 36
1.0
 17
0.0
 27
0.0
 37
0.0
 42
50.0
 43
0.0
 44
0.0
 45
63.57391846090927
 50
0.0
 51
0.0
 72
  1000
 90
   819232
  1

281
     0
 71
     1
 74
     0
110
0.0
120
0.0
130
0.0
111
1.0
121
0.0
131
0.0
112
0.0
122
1.0
132
0.0
 79
     0
146
0.0
170
     0
 61
     5
348
9F
292
     1
282
     1
141
0.0
142
0.0
 63
   250
421
  3355443
361
4F0F
  0
VIEWPORT
  5
C80
102
{ACAD_XDICTIONARY
360
C81
102
}
330
C7B
100
AcDbEntity
  8
0
100
AcDbViewport
 10
97.49999999999998
 20
143.5
 30
0.0
 40
182.9981499999999
 41
284.9971299999999
 69
    -1
 12
829536532.9306775
 22
575609888.4749444
 13
0.0
 23
0.0
 14
0.5
 24
0.5
 15
0.5
 25
0.5
 16
0.0
 26
0.0
 36
1.0
 17
0.0
 27
0.0
 37
0.0
 42
50.0
 43
0.0
 44
0.0
 45
1424.98565
 50
0.0
 51
0.0
 72
  1000
 90
   819296
  1

281
     0
 71
     1
 74
     0
110
0.0
120
0.0
130
0.0
111
1.0
121
0.0
131
0.0
112
0.0
122
1.0
132
0.0
 79
     0
146
0.0
170
     0
 61
     5
348
9F
292
     1
282
     1
141
0.0
142
0.0
 63
   250
421
  3355443
361
4F10
  0
MTEXT
  5
2E0E
330
C7B
100
AcDbEntity
  8
0
100
AcDbMText
 10
138.6081966564136
 20
23.36140721919571
 30
0.0
 40
1.6
 41
31.68890445427047
 46
8.000000000444753
 71
     4
 72
     5
  1
Widok zamontowania światłowodu - 2
  7
nowy ja
 73
     1
 44
1.0
1001
ACAD
1000
MTEXTBEGIN
1070
    73
1070
     1
1070
    44
1040
1.0
1070
    74
1070
     0
1000
MTEXTEND
1000
ACAD_MTEXT_DEFINED_HEIGHT_BEGIN
1070
    46
1040
8.000000000444753
1000
ACAD_MTEXT_DEFINED_HEIGHT_END
  0
MTEXT
  5
2E0F
330
C7B
100
AcDbEntity
  8
0
100
AcDbMText
 10
114.0102576377337
 20
23.36140721919582
 30
0.0
 40
1.6
 41
9.27906611826549
 46
5.990591423385023
 71
     5
 72
     5
  1
3.2
 73
     1
 44
1.0
1001
ACAD
1000
MTEXTBEGIN
1070
    73
1070
     1
1070
    44
1040
1.0
1070
    74
1070
     0
1000
MTEXTEND
1000
ACAD_MTEXT_DEFINED_HEIGHT_BEGIN
1070
    46
1040
5.990591423385023
1000
ACAD_MTEXT_DEFINED_HEIGHT_END
  0
MTEXT
  5
2E10
330
C7B
100
AcDbEntity
  8
0
100
AcDbMText
 10
129.1154319333207
 20
23.36140721919582
 30
0.0
 40
1.6
 41
9.27906611826549
 46
5.990591423385023
 71
     5
 72
     5
  1
1:5
 73
     1
 44
1.0
1001
ACAD
1000
MTEXTBEGIN
1070
    73
1070
     1
1070
    44
1040
1.0
1070
    74
1070
     0
1000
MTEXTEND
1000
ACAD_MTEXT_DEFINED_HEIGHT_BEGIN
1070
    46
1040
5.990591423385023
1000
ACAD_MTEXT_DEFINED_HEIGHT_END
  0
LWPOLYLINE
  5
5788
330
C7B
100
AcDbEntity
  8
0
100
AcDbPolyline
 90
        4
 70
     1
 43
0.0
 10
6.00092499999998
 20
285.998565
 10
188.9990749999999
 20
285.998565
 10
188.9990749999999
 20
1.001435000000014
 10
6.000924999999995
 20
1.001435000000014
  0
INSERT
  5
69D1
330
C7B
100
AcDbEntity
  8
0
100
AcDbBlockReference
  2
tabelka
 10
188.9990749999999
 20
1.001435000000016
 30
0.0
  0
ENDBLK
  5
CB0
330
C7B
100
AcDbEntity
  8
0
100
AcDbBlockEnd
  0
BLOCK
  5
2CAD
330
2CAC
100
AcDbEntity
  8
0
 62
     1
370
   100
100
AcDbBlockBegin
  2
*D2
 70
     1
 10
0.0
 20
0.0
 30
0.0
  3
*D2
  1

  0
LINE
  5
2D72
330
2CAC
100
AcDbEntity
  8
yabella
 62
     0
440
 16777216
370
    -2
100
AcDbLine
 10
829534392.4114474
 20
575607827.1650174
 30
0.0
 11
829534288.6510251
 21
575607826.9107546
 31
0.0
  0
LINE
  5
2D73
330
2CAC
100
AcDbEntity
  8
yabella
 62
     0
440
 16777216
370
    -2
100
AcDbLine
 10
829534392.6044616
 20
575607748.3992082
 30
0.0
 11
829534288.8440393
 21
575607748.1449453
 31
0.0
  0
LINE
  5
2D74
330
2CAC
100
AcDbEntity
  8
yabella
 62
     0
440
 16777216
370
    -2
100
AcDbLine
 10
829534288.8555294
 20
575607816.9112258
 30
0.0
 11
829534288.912764
 21
575607793.5546868
 31
0.0
  0
LINE
  5
2D75
330
2CAC
100
AcDbEntity
  8
yabella
 62
     0
440
 16777216
370
    -2
100
AcDbLine
 10
829534288.9995339
 20
575607758.1453563
 30
0.0
 11
829534288.9422991
 21
575607781.5018955
 31
0.0
  0
SOLID
  5
2D76
330
2CAC
100
AcDbEntity
  8
yabella
 62
     0
440
 16777216
370
   100
100
AcDbTrace
 10
829534290.5221911
 20
575607816.9153099
 30
0.0
 11
829534287.1888678
 21
575607816.9071416
 31
0.0
 12
829534288.8310246
 22
575607826.9111958
 32
0.0
 13
829534288.8310246
 23
575607826.9111958
 33
0.0
  0
SOLID
  5
2D77
330
2CAC
100
AcDbEntity
  8
yabella
 62
     0
440
 16777216
370
   100
100
AcDbTrace
 10
829534290.6661955
 20
575607758.1494404
 30
0.0
 11
829534287.3328724
 21
575607758.1412722
 31
0.0
 12
829534289.0240386
 22
575607748.1453864
 32
0.0
 13
829534289.0240386
 23
575607748.1453864
 33
0.0
  0
MTEXT
  5
2D78
330
2CAC
100
AcDbEntity
  8
yabella
 62
     0
440
 16777216
100
AcDbMText
 10
829534288.9275314
 20
575607787.5282913
 30
0.0
 40
10.0
 41
0.0
 46
0.0
 71
     5
 72
     1
  1
\A1;min. 1,5m
 73
     1
 44
1.0
1001
ACAD
1000
MTEXTBEGIN
1070
    73
1070
     1
1070
    44
1040
1.0
1070
    74
1070
     0
1000
MTEXTEND
  0
POINT
  5
2D79
330
2CAC
100
AcDbEntity
  8
Defpoints
 62
     0
440
 16777216
370
   100
100
AcDbPoint
 10
829534392.4739473
 20
575607827.1651706
 30
0.0
  0
POINT
  5
2D7A
330
2CAC
100
AcDbEntity
  8
Defpoints
 62
     0
440
 16777216
370
   100
100
AcDbPoint
 10
829534392.6669614
 20
575607748.3993613
 30
0.0
  0
POINT
  5
2D7B
330
2CAC
100
AcDbEntity
  8
Defpoints
 62
     0
440
 16777216
370
   100
100
AcDbPoint
 10
829534289.0240386
 20
575607748.1453864
 30
0.0
  0
ENDBLK
  5
2CAE
330
2CAC
100
AcDbEntity
  8
0
 62
     1
370
   100
100
AcDbBlockEnd
  0
BLOCK
  5
2CBA
330
2CB9
100
AcDbEntity
  8
0
 62
     1
370
   100
100
AcDbBlockBegin
  2
*D3
 70
     1
 10
0.0
 20
0.0
 30
0.0
  3
*D3
  1

  0
LINE
  5
2D7C
330
2CB9
100
AcDbEntity
  8
yabella
 62
     0
440
 16777216
370
    -2
100
AcDbLine
 10
829534504.9619735
 20
575607603.3158042
 30
0.0
 11
829534435.2564487
 21
575607603.1449922
 31
0.0
  0
LINE
  5
2D7D
330
2CB9
100
AcDbEntity
  8
yabella
 62
     0
440
 16777216
370
    -2
100
AcDbLine
 10
829534505.4071921
 20
575607421.6295154
 30
0.0
 11
829534435.7016674
 21
575607421.4587034
 31
0.0
  0
LINE
  5
2D7E
330
2CB9
100
AcDbEntity
  8
yabella
 62
     0
440
 16777216
370
    -2
100
AcDbLine
 10
829534435.4609529
 20
575607593.1454633
 30
0.0
 11
829534435.6443418
 21
575607518.3074833
 31
0.0
  0
LINE
  5
2D7F
330
2CB9
100
AcDbEntity
  8
yabella
 62
     0
440
 16777216
370
    -2
100
AcDbLine
 10
829534435.8571622
 20
575607431.4591145
 30
0.0
 11
829534435.6737732
 21
575607506.2970945
 31
0.0
  0
SOLID
  5
2D80
330
2CB9
100
AcDbEntity
  8
yabella
 62
     0
440
 16777216
370
   100
100
AcDbTrace
 10
829534437.1276145
 20
575607593.1495474
 30
0.0
 11
829534433.7942912
 21
575607593.1413792
 31
0.0
 12
829534435.4364482
 22
575607603.1454333
 32
0.0
 13
829534435.4364482
 23
575607603.1454333
 33
0.0
  0
SOLID
  5
2D81
330
2CB9
100
AcDbEntity
  8
yabella
 62
     0
440
 16777216
370
   100
100
AcDbTrace
 10
829534437.5238236
 20
575607431.4631987
 30
0.0
 11
829534434.1905005
 21
575607431.4550304
 31
0.0
 12
829534435.8816668
 22
575607421.4591444
 32
0.0
 13
829534435.8816668
 23
575607421.4591444
 33
0.0
  0
MTEXT
  5
2D82
330
2CB9
100
AcDbEntity
  8
yabella
 62
     0
440
 16777216
100
AcDbMText
 10
829534435.6590575
 20
575607512.3022887
 30
0.0
 40
10.0
 41
0.0
 46
0.0
 71
     5
 72
     1
  1
\A1;1,5m
 73
     1
 44
1.0
1001
ACAD
1000
MTEXTBEGIN
1070
    73
1070
     1
1070
    44
1040
1.0
1070
    74
1070
     0
1000
MTEXTEND
  0
POINT
  5
2D83
330
2CB9
100
AcDbEntity
  8
Defpoints
 62
     0
440
 16777216
370
   100
100
AcDbPoint
 10
829534505.0244732
 20
575607603.3159573
 30
0.0
  0
POINT
  5
2D84
330
2CB9
100
AcDbEntity
  8
Defpoints
 62
     0
440
 16777216
370
   100
100
AcDbPoint
 10
829534505.4696918
 20
575607421.6296684
 30
0.0
  0
POINT
  5
2D85
330
2CB9
100
AcDbEntity
  8
Defpoints
 62
     0
440
 16777216
370
   100
100
AcDbPoint
 10
829534435.8816668
 20
575607421.4591444
 30
0.0
  0
ENDBLK
  5
2CBB
330
2CB9
100
AcDbEntity
  8
0
 62
     1
370
   100
100
AcDbBlockEnd
  0
BLOCK
  5
2CC7
330
2CC6
100
AcDbEntity
  8
0
 62
     1
370
   100
100
AcDbBlockBegin
  2
*D4
 70
     1
 10
0.0
 20
0.0
 30
0.0
  3
*D4
  1

  0
LINE
  5
2D86
330
2CC6
100
AcDbEntity
  8
yabella
 62
     0
440
 16777216
370
    -2
100
AcDbLine
 10
829534564.0557698
 20
575607082.6665633
 30
0.0
 11
829534702.1406019
 21
575607083.0049375
 31
0.0
  0
LINE
  5
2D87
330
2CC6
100
AcDbEntity
  8
yabella
 62
     0
440
 16777216
370
    -2
100
AcDbLine
 10
829534564.3410914
 20
575606966.2315452
 30
0.0
 11
829534702.4259237
 21
575606966.5699193
 31
0.0
  0
LINE
  5
2D88
330
2CC6
100
AcDbEntity
  8
yabella
 62
     0
440
 16777216
370
    -2
100
AcDbLine
 10
829534701.9851073
 20
575607073.0045265
 30
0.0
 11
829534702.088461
 21
575607030.8275175
 31
0.0
  0
LINE
  5
2D89
330
2CC6
100
AcDbEntity
  8
yabella
 62
     0
440
 16777216
370
    -2
100
AcDbLine
 10
829534702.2214196
 20
575606976.5694483
 30
0.0
 11
829534702.1180656
 21
575607018.7464573
 31
0.0
  0
SOLID
  5
2D8A
330
2CC6
100
AcDbEntity
  8
yabella
 62
     0
440
 16777216
370
   100
100
AcDbTrace
 10
829534703.6517689
 20
575607073.0086106
 30
0.0
 11
829534700.3184456
 21
575607073.0004424
 31
0.0
 12
829534701.9606024
 22
575607083.0044964
 32
0.0
 13
829534701.9606024
 23
575607083.0044964
 33
0.0
  0
SOLID
  5
2D8B
330
2CC6
100
AcDbEntity
  8
yabella
 62
     0
440
 16777216
370
   100
100
AcDbTrace
 10
829534703.8880812
 20
575606976.5735325
 30
0.0
 11
829534700.5547579
 21
575606976.5653642
 31
0.0
 12
829534702.2459242
 22
575606966.5694782
 32
0.0
 13
829534702.2459242
 23
575606966.5694782
 33
0.0
  0
MTEXT
  5
2D8C
330
2CC6
100
AcDbEntity
  8
yabella
 62
     0
440
 16777216
100
AcDbMText
 10
829534702.1032634
 20
575607024.7869874
 30
0.0
 40
10.0
 41
0.0
 46
0.0
 71
     5
 72
     1
  1
\A1;0,8m
 73
     1
 44
1.0
1001
ACAD
1000
MTEXTBEGIN
1070
    73
1070
     1
1070
    44
1040
1.0
1070
    74
1070
     0
1000
MTEXTEND
  0
POINT
  5
2D8D
330
2CC6
100
AcDbEntity
  8
Defpoints
 62
     0
440
 16777216
370
   100
100
AcDbPoint
 10
829534563.9932699
 20
575607082.6664101
 30
0.0
  0
POINT
  5
2D8E
330
2CC6
100
AcDbEntity
  8
Defpoints
 62
     0
440
 16777216
370
   100
100
AcDbPoint
 10
829534564.2785918
 20
575606966.231392
 30
0.0
  0
POINT
  5
2D8F
330
2CC6
100
AcDbEntity
  8
Defpoints
 62
     0
440
 16777216
370
   100
100
AcDbPoint
 10
829534702.2459242
 20
575606966.5694782
 30
0.0
  0
ENDBLK
  5
2CC8
330
2CC6
100
AcDbEntity
  8
0
 62
     1
370
   100
100
AcDbBlockEnd
  0
BLOCK
  5
2CD4
330
2CD3
100
AcDbEntity
  8
0
 62
     1
370
   100
100
AcDbBlockBegin
  2
*D5
 70
     1
 10
0.0
 20
0.0
 30
0.0
  3
*D5
  1

  0
LINE
  5
2DC9
330
2CD3
100
AcDbEntity
  8
0
 62
     0
440
 16777216
370
    -2
100
AcDbLine
 10
829534509.2544179
 20
575610199.213493
 30
0.0
 11
829534257.2344981
 21
575610199.213493
 31
0.0
  0
LINE
  5
2DCA
330
2CD3
100
AcDbEntity
  8
0
 62
     0
440
 16777216
370
    -2
100
AcDbLine
 10
829534494.6357142
 20
575609199.1776702
 30
0.0
 11
829534257.2344981
 21
575609199.1776702
 31
0.0
  0
LINE
  5
2DCB
330
2CD3
100
AcDbEntity
  8
0
 62
     0
440
 16777216
370
    -2
100
AcDbLine
 10
829534257.414498
 20
575610189.2134931
 30
0.0
 11
829534257.414498
 21
575609714.9774545
 31
0.0
  0
LINE
  5
2DCC
330
2CD3
100
AcDbEntity
  8
0
 62
     0
440
 16777216
370
    -2
100
AcDbLine
 10
829534257.414498
 20
575609209.1776702
 30
0.0
 11
829534257.414498
 21
575609699.1055816
 31
0.0
  0
SOLID
  5
2DCD
330
2CD3
100
AcDbEntity
  8
0
 62
     0
440
 16777216
370
   100
100
AcDbTrace
 10
829534255.7478313
 20
575610189.2134931
 30
0.0
 11
829534259.0811646
 21
575610189.2134931
 31
0.0
 12
829534257.414498
 22
575610199.213493
 32
0.0
 13
829534257.414498
 23
575610199.213493
 33
0.0
  0
SOLID
  5
2DCE
330
2CD3
100
AcDbEntity
  8
0
 62
     0
440
 16777216
370
   100
100
AcDbTrace
 10
829534255.7478313
 20
575609209.1776702
 30
0.0
 11
829534259.0811646
 21
575609209.1776702
 31
0.0
 12
829534257.414498
 22
575609199.1776702
 32
0.0
 13
829534257.414498
 23
575609199.1776702
 33
0.0
  0
MTEXT
  5
2DCF
330
2CD3
100
AcDbEntity
  8
0
 62
     0
440
 16777216
100
AcDbMText
 10
829534257.414498
 20
575609707.0415183
 30
0.0
 40
13.0
 41
0.0
 46
0.0
 71
     5
 72
     1
  1
\A1;{\Q10;h=10,0 m}
 73
     1
 44
1.0
1001
ACAD
1000
MTEXTBEGIN
1070
    73
1070
     1
1070
    44
1040
1.0
1070
    74
1070
     0
1000
MTEXTEND
  0
POINT
  5
2DD0
330
2CD3
100
AcDbEntity
  8
Defpoints
 62
     0
440
 16777216
370
   100
100
AcDbPoint
 10
829534509.3169178
 20
575610199.213493
 30
0.0
  0
POINT
  5
2DD1
330
2CD3
100
AcDbEntity
  8
Defpoints
 62
     0
440
 16777216
370
   100
100
AcDbPoint
 10
829534494.6982142
 20
575609199.1776702
 30
0.0
  0
POINT
  5
2DD2
330
2CD3
100
AcDbEntity
  8
Defpoints
 62
     0
440
 16777216
370
   100
100
AcDbPoint
 10
829534257.414498
 20
575609199.1776702
 30
0.0
  0
ENDBLK
  5
2CD5
330
2CD3
100
AcDbEntity
  8
0
 62
     1
370
   100
100
AcDbBlockEnd
  0
BLOCK
  5
2CE1
330
2CE0
100
AcDbEntity
  8
0
 62
     1
370
   100
100
AcDbBlockBegin
  2
*D6
 70
     1
 10
0.0
 20
0.0
 30
0.0
  3
*D6
  1

  0
LINE
  5
2D9A
330
2CE0
100
AcDbEntity
  8
0
 62
     0
440
 16777216
370
    -2
100
AcDbLine
 10
829534371.2489598
 20
575610142.3847407
 30
0.0
 11
829534318.3125625
 21
575610142.3847407
 31
0.0
  0
LINE
  5
2D9B
330
2CE0
100
AcDbEntity
  8
0
 62
     0
440
 16777216
370
    -2
100
AcDbLine
 10
829534368.8716288
 20
575610062.0066804
 30
0.0
 11
829534318.3125625
 21
575610062.0066804
 31
0.0
  0
LINE
  5
2D9C
330
2CE0
100
AcDbEntity
  8
0
 62
     0
440
 16777216
370
    -2
100
AcDbLine
 10
829534318.4925625
 20
575610132.3847406
 30
0.0
 11
829534318.4925625
 21
575610110.003025
 31
0.0
  0
LINE
  5
2D9D
330
2CE0
100
AcDbEntity
  8
0
 62
     0
440
 16777216
370
    -2
100
AcDbLine
 10
829534318.4925625
 20
575610072.0066803
 30
0.0
 11
829534318.4925625
 21
575610094.388396
 31
0.0
  0
SOLID
  5
2D9E
330
2CE0
100
AcDbEntity
  8
0
 62
     0
440
 16777216
370
   100
100
AcDbTrace
 10
829534316.8258959
 20
575610132.3847406
 30
0.0
 11
829534320.1592292
 21
575610132.3847406
 31
0.0
 12
829534318.4925625
 22
575610142.3847407
 32
0.0
 13
829534318.4925625
 23
575610142.3847407
 33
0.0
  0
SOLID
  5
2D9F
330
2CE0
100
AcDbEntity
  8
0
 62
     0
440
 16777216
370
   100
100
AcDbTrace
 10
829534316.8258959
 20
575610072.0066803
 30
0.0
 11
829534320.1592292
 21
575610072.0066803
 31
0.0
 12
829534318.4925625
 22
575610062.0066804
 32
0.0
 13
829534318.4925625
 23
575610062.0066804
 33
0.0
  0
MTEXT
  5
2DA0
330
2CE0
100
AcDbEntity
  8
0
 62
     0
440
 16777216
100
AcDbMText
 10
829534318.4925624
 20
575610102.1957108
 30
0.0
 40
13.0
 41
0.0
 46
0.0
 71
     5
 72
     1
  1
\A1;{\Q10;min. 1,5 m}
 73
     1
 44
1.0
1001
ACAD
1000
MTEXTBEGIN
1070
    73
1070
     1
1070
    44
1040
1.0
1070
    74
1070
     0
1000
MTEXTEND
  0
POINT
  5
2DA1
330
2CE0
100
AcDbEntity
  8
Defpoints
 62
     0
440
 16777216
370
   100
100
AcDbPoint
 10
829534371.3114597
 20
575610142.3847407
 30
0.0
  0
POINT
  5
2DA2
330
2CE0
100
AcDbEntity
  8
Defpoints
 62
     0
440
 16777216
370
   100
100
AcDbPoint
 10
829534368.9341288
 20
575610062.0066804
 30
0.0
  0
POINT
  5
2DA3
330
2CE0
100
AcDbEntity
  8
Defpoints
 62
     0
440
 16777216
370
   100
100
AcDbPoint
 10
829534318.4925625
 20
575610062.0066804
 30
0.0
  0
ENDBLK
  5
2CE2
330
2CE0
100
AcDbEntity
  8
0
 62
     1
370
   100
100
AcDbBlockEnd
  0
BLOCK
  5
2CEE
330
2CED
100
AcDbEntity
  8
0
 62
     1
370
   100
100
AcDbBlockBegin
  2
*D7
 70
     1
 10
0.0
 20
0.0
 30
0.0
  3
*D7
  1

  0
LINE
  5
2DA4
330
2CED
100
AcDbEntity
  8
0
 62
     0
440
 16777216
370
    -2
100
AcDbLine
 10
829534491.9871736
 20
575609917.8154838
 30
0.0
 11
829534436.9724915
 21
575609917.8154838
 31
0.0
  0
LINE
  5
2DA5
330
2CED
100
AcDbEntity
  8
0
 62
     0
440
 16777216
370
    -2
100
AcDbLine
 10
829534489.1191554
 20
575609737.0486169
 30
0.0
 11
829534436.9724915
 21
575609737.0486169
 31
0.0
  0
LINE
  5
2DA6
330
2CED
100
AcDbEntity
  8
0
 62
     0
440
 16777216
370
    -2
100
AcDbLine
 10
829534437.1524915
 20
575609907.8154838
 30
0.0
 11
829534437.1524915
 21
575609835.2118029
 31
0.0
  0
LINE
  5
2DA7
330
2CED
100
AcDbEntity
  8
0
 62
     0
440
 16777216
370
    -2
100
AcDbLine
 10
829534437.1524915
 20
575609747.0486168
 30
0.0
 11
829534437.1524915
 21
575609819.6522977
 31
0.0
  0
SOLID
  5
2DA8
330
2CED
100
AcDbEntity
  8
0
 62
     0
440
 16777216
370
   100
100
AcDbTrace
 10
829534435.4858249
 20
575609907.8154838
 30
0.0
 11
829534438.8191582
 21
575609907.8154838
 31
0.0
 12
829534437.1524915
 22
575609917.8154838
 32
0.0
 13
829534437.1524915
 23
575609917.8154838
 33
0.0
  0
SOLID
  5
2DA9
330
2CED
100
AcDbEntity
  8
0
 62
     0
440
 16777216
370
   100
100
AcDbTrace
 10
829534435.4858249
 20
575609747.0486168
 30
0.0
 11
829534438.8191582
 21
575609747.0486168
 31
0.0
 12
829534437.1524915
 22
575609737.0486169
 32
0.0
 13
829534437.1524915
 23
575609737.0486169
 33
0.0
  0
MTEXT
  5
2DAA
330
2CED
100
AcDbEntity
  8
0
 62
     0
440
 16777216
100
AcDbMText
 10
829534437.1524913
 20
575609827.4320505
 30
0.0
 40
13.0
 41
0.0
 46
0.0
 71
     5
 72
     1
  1
\A1;1,5m
 73
     1
 44
1.0
1001
ACAD
1000
MTEXTBEGIN
1070
    73
1070
     1
1070
    44
1040
1.0
1070
    74
1070
     0
1000
MTEXTEND
  0
POINT
  5
2DAB
330
2CED
100
AcDbEntity
  8
Defpoints
 62
     0
440
 16777216
370
   100
100
AcDbPoint
 10
829534492.0496736
 20
575609917.8154838
 30
0.0
  0
POINT
  5
2DAC
330
2CED
100
AcDbEntity
  8
Defpoints
 62
     0
440
 16777216
370
   100
100
AcDbPoint
 10
829534489.1816554
 20
575609737.0486169
 30
0.0
  0
POINT
  5
2DAD
330
2CED
100
AcDbEntity
  8
Defpoints
 62
     0
440
 16777216
370
   100
100
AcDbPoint
 10
829534437.1524915
 20
575609737.0486169
 30
0.0
  0
ENDBLK
  5
2CEF
330
2CED
100
AcDbEntity
  8
0
 62
     1
370
   100
100
AcDbBlockEnd
  0
BLOCK
  5
2CFB
330
2CFA
100
AcDbEntity
  8
0
 62
     1
370
   100
100
AcDbBlockBegin
  2
*D8
 70
     1
 10
0.0
 20
0.0
 30
0.0
  3
*D8
  1

  0
LINE
  5
2DAE
330
2CFA
100
AcDbEntity
  8
0
 62
     0
440
 16777216
370
    -2
100
AcDbLine
 10
829534562.6474578
 20
575609398.0501841
 30
0.0
 11
829534717.828093
 21
575609398.0501841
 31
0.0
  0
LINE
  5
2DAF
330
2CFA
100
AcDbEntity
  8
0
 62
     0
440
 16777216
370
    -2
100
AcDbLine
 10
829534562.6474578
 20
575609281.674443
 30
0.0
 11
829534717.828093
 21
575609281.674443
 31
0.0
  0
LINE
  5
2DB0
330
2CFA
100
AcDbEntity
  8
0
 62
     0
440
 16777216
370
    -2
100
AcDbLine
 10
829534717.648093
 20
575609388.0501841
 30
0.0
 11
829534717.648093
 21
575609347.6880026
 31
0.0
  0
LINE
  5
2DB1
330
2CFA
100
AcDbEntity
  8
0
 62
     0
440
 16777216
370
    -2
100
AcDbLine
 10
829534717.648093
 20
575609291.6744431
 30
0.0
 11
829534717.648093
 21
575609332.0366245
 31
0.0
  0
SOLID
  5
2DB2
330
2CFA
100
AcDbEntity
  8
0
 62
     0
440
 16777216
370
   100
100
AcDbTrace
 10
829534715.9814264
 20
575609388.0501841
 30
0.0
 11
829534719.3147597
 21
575609388.0501841
 31
0.0
 12
829534717.648093
 22
575609398.0501841
 32
0.0
 13
829534717.648093
 23
575609398.0501841
 33
0.0
  0
SOLID
  5
2DB3
330
2CFA
100
AcDbEntity
  8
0
 62
     0
440
 16777216
370
   100
100
AcDbTrace
 10
829534715.9814264
 20
575609291.6744431
 30
0.0
 11
829534719.3147597
 21
575609291.6744431
 31
0.0
 12
829534717.648093
 22
575609281.674443
 32
0.0
 13
829534717.648093
 23
575609281.674443
 33
0.0
  0
MTEXT
  5
2DB4
330
2CFA
100
AcDbEntity
  8
0
 62
     0
440
 16777216
100
AcDbMText
 10
829534717.648093
 20
575609339.8623138
 30
0.0
 40
13.0
 41
0.0
 46
0.0
 71
     5
 72
     1
  1
\A1;0,8m
 73
     1
 44
1.0
1001
ACAD
1000
MTEXTBEGIN
1070
    73
1070
     1
1070
    44
1040
1.0
1070
    74
1070
     0
1000
MTEXTEND
  0
POINT
  5
2DB5
330
2CFA
100
AcDbEntity
  8
Defpoints
 62
     0
440
 16777216
370
   100
100
AcDbPoint
 10
829534562.5849577
 20
575609398.0501841
 30
0.0
  0
POINT
  5
2DB6
330
2CFA
100
AcDbEntity
  8
Defpoints
 62
     0
440
 16777216
370
   100
100
AcDbPoint
 10
829534562.5849577
 20
575609281.674443
 30
0.0
  0
POINT
  5
2DB7
330
2CFA
100
AcDbEntity
  8
Defpoints
 62
     0
440
 16777216
370
   100
100
AcDbPoint
 10
829534717.648093
 20
575609281.674443
 30
0.0
  0
ENDBLK
  5
2CFC
330
2CFA
100
AcDbEntity
  8
0
 62
     1
370
   100
100
AcDbBlockEnd
  0
BLOCK
  5
2D08
330
2D07
100
AcDbEntity
  8
0
 62
     1
370
   100
100
AcDbBlockBegin
  2
*D9
 70
     1
 10
0.0
 20
0.0
 30
0.0
  3
*D9
  1

  0
LINE
  5
2DB8
330
2D07
100
AcDbEntity
  8
0
 62
     0
440
 16777216
370
    -2
100
AcDbLine
 10
829534509.2544179
 20
575607883.770461
 30
0.0
 11
829534206.5493024
 21
575607883.770461
 31
0.0
  0
LINE
  5
2DB9
330
2D07
100
AcDbEntity
  8
0
 62
     0
440
 16777216
370
    -2
100
AcDbLine
 10
829534494.6357142
 20
575606883.734638
 30
0.0
 11
829534206.5493024
 21
575606883.734638
 31
0.0
  0
LINE
  5
2DBA
330
2D07
100
AcDbEntity
  8
0
 62
     0
440
 16777216
370
    -2
100
AcDbLine
 10
829534206.7293022
 20
575607873.7704609
 30
0.0
 11
829534206.7293022
 21
575607391.688486
 31
0.0
  0
LINE
  5
2DBB
330
2D07
100
AcDbEntity
  8
0
 62
     0
440
 16777216
370
    -2
100
AcDbLine
 10
829534206.7293022
 20
575606893.734638
 30
0.0
 11
829534206.7293022
 21
575607375.816613
 31
0.0
  0
SOLID
  5
2DBC
330
2D07
100
AcDbEntity
  8
0
 62
     0
440
 16777216
370
   100
100
AcDbTrace
 10
829534205.0626356
 20
575607873.7704609
 30
0.0
 11
829534208.3959688
 21
575607873.7704609
 31
0.0
 12
829534206.7293022
 22
575607883.770461
 32
0.0
 13
829534206.7293022
 23
575607883.770461
 33
0.0
  0
SOLID
  5
2DBD
330
2D07
100
AcDbEntity
  8
0
 62
     0
440
 16777216
370
   100
100
AcDbTrace
 10
829534205.0626356
 20
575606893.734638
 30
0.0
 11
829534208.3959688
 21
575606893.734638
 31
0.0
 12
829534206.7293022
 22
575606883.734638
 32
0.0
 13
829534206.7293022
 23
575606883.734638
 33
0.0
  0
MTEXT
  5
2DBE
330
2D07
100
AcDbEntity
  8
0
 62
     0
440
 16777216
100
AcDbMText
 10
829534206.7293022
 20
575607383.7525497
 30
0.0
 40
13.0
 41
0.0
 46
0.0
 71
     5
 72
     1
  1
\A1;h=10,0m
 73
     1
 44
1.0
1001
ACAD
1000
MTEXTBEGIN
1070
    73
1070
     1
1070
    44
1040
1.0
1070
    74
1070
     0
1000
MTEXTEND
  0
POINT
  5
2DBF
330
2D07
100
AcDbEntity
  8
Defpoints
 62
     0
440
 16777216
370
   100
100
AcDbPoint
 10
829534509.3169178
 20
575607883.770461
 30
0.0
  0
POINT
  5
2DC0
330
2D07
100
AcDbEntity
  8
Defpoints
 62
     0
440
 16777216
370
   100
100
AcDbPoint
 10
829534494.6982142
 20
575606883.734638
 30
0.0
  0
POINT
  5
2DC1
330
2D07
100
AcDbEntity
  8
Defpoints
 62
     0
440
 16777216
370
   100
100
AcDbPoint
 10
829534206.7293022
 20
575606883.734638
 30
0.0
  0
ENDBLK
  5
2D09
330
2D07
100
AcDbEntity
  8
0
 62
     1
370
   100
100
AcDbBlockEnd
  0
BLOCK
  5
5A
330
58
100
AcDbEntity
  8
0
100
AcDbBlockBegin
  2
*Paper_Space10
 70
     0
 10
0.0
 20
0.0
 30
0.0
  3
*Paper_Space10
  1

  0
VIEWPORT
  5
32B
102
{ACAD_XDICTIONARY
360
32C
102
}
330
58
100
AcDbEntity
  8
0
100
AcDbViewport
 10
0.0
 20
0.0
 30
0.0
 40
403.2783257555568
 41
136.792765426474
 68
     1
 69
    -1
 12
196.8477788381806
 22
73.71958895257576
 13
0.0
 23
0.0
 14
10.0
 24
10.0
 15
10.0
 25
10.0
 16
0.0
 26
0.0
 36
1.0
 17
0.0
 27
0.0
 37
0.0
 42
50.0
 43
0.0
 44
0.0
 45
136.792765426474
 50
0.0
 51
0.0
 72
  1000
 90
   819232
  1

281
     0
 71
     1
 74
     0
110
0.0
120
0.0
130
0.0
111
1.0
121
0.0
131
0.0
112
0.0
122
1.0
132
0.0
 79
     0
146
0.0
170
     0
 61
     5
348
9F
292
     1
282
     1
141
0.0
142
0.0
 63
   250
421
  3355443
361
4F0D
  0
VIEWPORT
  5
337
102
{ACAD_XDICTIONARY
360
338
102
}
330
58
100
AcDbEntity
  8
0
100
AcDbViewport
 10
92.49999999999994
 20
143.5
 30
0.0
 40
182.9981499999999
 41
284.9971299999999
 69
    -1
 12
829534666.6184244
 22
575609626.8479218
 13
0.0
 23
0.0
 14
0.5
 24
0.5
 15
0.5
 25
0.5
 16
0.0
 26
0.0
 36
1.0
 17
0.0
 27
0.0
 37
0.0
 42
50.0
 43
0.0
 44
0.0
 45
1425.034317116861
 50
0.0
 51
0.0
 72
  1000
 90
   819296
  1

281
     0
 71
     1
 74
     0
110
0.0
120
0.0
130
0.0
111
1.0
121
0.0
131
0.0
112
0.0
122
1.0
132
0.0
 79
     0
146
0.0
170
     0
 61
     5
348
9F
292
     1
282
     1
141
0.0
142
0.0
 63
   250
421
  3355443
361
4F0E
  0
MTEXT
  5
B9C
330
58
100
AcDbEntity
  8
0
100
AcDbMText
 10
133.6081966564127
 20
23.36140721919647
 30
0.0
 40
1.6
 41
31.68890445427047
 46
8.000000000444753
 71
     4
 72
     5
  1
Widok zamontowania światłowodu - 1
  7
nowy ja
 73
     1
 44
1.0
1001
ACAD
1000
MTEXTBEGIN
1070
    73
1070
     1
1070
    44
1040
1.0
1070
    74
1070
     0
1000
MTEXTEND
1000
ACAD_MTEXT_DEFINED_HEIGHT_BEGIN
1070
    46
1040
8.000000000444753
1000
ACAD_MTEXT_DEFINED_HEIGHT_END
  0
MTEXT
  5
2A0B
330
58
100
AcDbEntity
  8
0
100
AcDbMText
 10
109.0102576377328
 20
23.36140721919659
 30
0.0
 40
1.6
 41
9.27906611826549
 46
5.990591423385023
 71
     5
 72
     5
  1
3.1
 73
     1
 44
1.0
1001
ACAD
1000
MTEXTBEGIN
1070
    73
1070
     1
1070
    44
1040
1.0
1070
    74
1070
     0
1000
MTEXTEND
1000
ACAD_MTEXT_DEFINED_HEIGHT_BEGIN
1070
    46
1040
5.990591423385023
1000
ACAD_MTEXT_DEFINED_HEIGHT_END
  0
MTEXT
  5
2A0C
330
58
100
AcDbEntity
  8
0
100
AcDbMText
 10
124.1154319333197
 20
23.36140721919659
 30
0.0
 40
1.6
 41
9.27906611826549
 46
5.990591423385023
 71
     5
 72
     5
  1
1:50
 73
     1
 44
1.0
1001
ACAD
1000
MTEXTBEGIN
1070
    73
1070
     1
1070
    44
1040
1.0
1070
    74
1070
     0
1000
MTEXTEND
1000
ACAD_MTEXT_DEFINED_HEIGHT_BEGIN
1070
    46
1040
5.990591423385023
1000
ACAD_MTEXT_DEFINED_HEIGHT_END
  0
LWPOLYLINE
  5
5782
330
58
100
AcDbEntity
  8
0
100
AcDbPolyline
 90
        4
 70
     1
 43
0.0
 10
1.00092499999998
 20
285.998565
 10
183.9990749999999
 20
285.998565
 10
183.9990749999999
 20
1.001435000000014
 10
1.000924999999995
 20
1.001435000000014
  0
INSERT
  5
6934
330
58
100
AcDbEntity
  8
0
100
AcDbBlockReference
  2
tabelka
 10
183.999075
 20
1.001435000000016
 30
0.0
  0
ENDBLK
  5
5B
330
58
100
AcDbEntity
  8
0
100
AcDbBlockEnd
  0
BLOCK
  5
324F
330
324E
100
AcDbEntity
  8
0
100
AcDbBlockBegin
  2
*Paper_Space11
 70
     0
 10
0.0
 20
0.0
 30
0.0
  3
*Paper_Space11
  1

  0
VIEWPORT
  5
3250
102
{ACAD_XDICTIONARY
360
3251
102
}
330
324E
100
AcDbEntity
  8
0
100
AcDbViewport
 10
0.0
 20
0.0
 30
0.0
 40
739.3081150002974
 41
291.8321506580122
 68
     1
 69
    -1
 12
278.724941540402
 22
137.4925822555499
 13
0.0
 23
0.0
 14
10.0
 24
10.0
 15
10.0
 25
10.0
 16
0.0
 26
0.0
 36
1.0
 17
0.0
 27
0.0
 37
0.0
 42
50.0
 43
0.0
 44
0.0
 45
291.8321506580122
 50
0.0
 51
0.0
 72
  1000
 90
   819232
  1

281
     0
 71
     1
 74
     0
110
0.0
120
0.0
130
0.0
111
1.0
121
0.0
131
0.0
112
0.0
122
1.0
132
0.0
 79
     0
146
0.0
170
     0
 61
     5
348
9F
292
     1
282
     1
141
0.0
142
0.0
 63
   250
421
  3355443
361
4F11
  0
VIEWPORT
  5
3253
102
{ACAD_XDICTIONARY
360
3254
102
}
330
324E
100
AcDbEntity
  8
0
100
AcDbViewport
 10
97.5
 20
143.4999999999999
 30
0.0
 40
182.99815
 41
284.9971300000001
 69
    -1
 12
-8.892439126968383
 22
0.0
 13
0.0
 23
0.0
 14
0.5
 24
0.5
 15
0.5
 25
0.5
 16
0.0
 26
0.0
 36
1009678909.952518
 17
829534633.7748313
 27
575607350.6109059
 37
0.0
 42
50.0
 43
0.0
 44
0.0
 45
1454.598287918974
 50
0.0
 51
0.0
 72
  1000
 90
   819296
  1

281
     0
 71
     1
 74
     0
110
0.0
120
0.0
130
0.0
111
1.0
121
0.0
131
0.0
112
0.0
122
1.0
132
0.0
 79
     0
146
0.0
170
     0
 61
     5
348
9F
292
     1
282
     1
141
0.0
142
0.0
 63
   250
421
  3355443
361
4F12
  0
MTEXT
  5
3257
330
324E
100
AcDbEntity
  8
0
100
AcDbMText
 10
138.3091996001247
 20
23.97210279630754
 30
0.0
 40
1.6
 41
31.68890445427047
 46
8.000000000444753
 71
     4
 72
     5
  1
Widok zamontowania światłowodu - 3
  7
nowy ja
 73
     1
 44
1.0
1001
ACAD
1000
MTEXTBEGIN
1070
    73
1070
     1
1070
    44
1040
1.0
1070
    74
1070
     0
1000
MTEXTEND
1000
ACAD_MTEXT_DEFINED_HEIGHT_BEGIN
1070
    46
1040
8.000000000444753
1000
ACAD_MTEXT_DEFINED_HEIGHT_END
  0
MTEXT
  5
3258
330
324E
100
AcDbEntity
  8
0
100
AcDbMText
 10
113.7112605814448
 20
23.97210279630766
 30
0.0
 40
1.6
 41
9.27906611826549
 46
5.990591423385023
 71
     5
 72
     5
  1
3.3
 73
     1
 44
1.0
1001
ACAD
1000
MTEXTBEGIN
1070
    73
1070
     1
1070
    44
1040
1.0
1070
    74
1070
     0
1000
MTEXTEND
1000
ACAD_MTEXT_DEFINED_HEIGHT_BEGIN
1070
    46
1040
5.990591423385023
1000
ACAD_MTEXT_DEFINED_HEIGHT_END
  0
MTEXT
  5
3259
330
324E
100
AcDbEntity
  8
0
100
AcDbMText
 10
128.8164348770318
 20
23.97210279630777
 30
0.0
 40
1.6
 41
9.27906611826549
 46
5.990591423385023
 71
     5
 72
     5
  1
1:50
 73
     1
 44
1.0
1001
ACAD
1000
MTEXTBEGIN
1070
    73
1070
     1
1070
    44
1040
1.0
1070
    74
1070
     0
1000
MTEXTEND
1000
ACAD_MTEXT_DEFINED_HEIGHT_BEGIN
1070
    46
1040
5.990591423385023
1000
ACAD_MTEXT_DEFINED_HEIGHT_END
  0
LWPOLYLINE
  5
5794
330
324E
100
AcDbEntity
  8
0
100
AcDbPolyline
 90
        4
 70
     1
 43
0.0
 10
6.00092499999998
 20
285.998565
 10
188.999075
 20
285.998565
 10
188.999075
 20
1.001435000000014
 10
6.000924999999995
 20
1.001435000000014
  0
INSERT
  5
6A10
330
324E
100
AcDbEntity
  8
0
100
AcDbBlockReference
  2
tabelka
 10
188.999075
 20
1.001435000000016
 30
0.0
  0
ENDBLK
  5
325A
330
324E
100
AcDbEntity
  8
0
100
AcDbBlockEnd
  0
BLOCK
  5
6793
330
6792
100
AcDbEntity
  8
0
100
AcDbBlockBegin
  2
tabelka
 70
     0
 10
0.0
 20
0.0
 30
0.0
  3
tabelka
  1

  0
LINE
  5
99A2
330
6792
100
AcDbEntity
  8
@Tabelka
370
    40
100
AcDbLine
 10
-81.49999999999858
 20
63.91411131522271
 30
0.0
 11
-1.499999999998635
 21
63.91411131522271
 31
0.0
  0
LINE
  5
99A3
330
6792
100
AcDbEntity
  8
@Tabelka
370
    40
100
AcDbLine
 10
-81.49999999999858
 20
59.46637020469755
 30
0.0
 11
-1.499999999998635
 21
59.46637020469755
 31
0.0
  0
MTEXT
  5
99A4
330
6792
100
AcDbEntity
  8
@Tabelka
100
AcDbMText
 10
-41.49999999999908
 20
62.52301816870043
 30
0.0
 40
2.0
 41
0.0
 46
0.0
 71
     2
 72
     1
  1
{\fLato Light|b1|i0|c238|p34;INWESTOR}
 73
     2
 44
0.825
1001
ACAD
1000
MTEXTBEGIN
1070
    73
1070
     2
1070
    44
1040
0.825
1070
    74
1070
     0
1000
MTEXTEND
  0
LINE
  5
99A5
330
6792
100
AcDbEntity
  8
@Tabelka
370
    40
100
AcDbLine
 10
-81.49999999999858
 20
51.33049775488688
 30
0.0
 11
-1.499999999998635
 21
51.33049775488688
 31
0.0
  0
MTEXT
  5
99A6
330
6792
100
AcDbEntity
  8
@Tabelka
100
AcDbMText
 10
-80.60122693475973
 20
49.93940460836437
 30
0.0
 40
1.3
 41
0.0
 46
0.0
 71
     4
 72
     1
  1
{\fLato Light|b1|i0|c238|p34;Obiekt:}
 73
     2
 44
0.9461538461538461
1001
ACAD
1000
MTEXTBEGIN
1070
    73
1070
     2
1070
    44
1040
0.9461538461538461
1070
    74
1070
     0
1000
MTEXTEND
  0
LINE
  5
99A7
330
6792
100
AcDbEntity
  8
@Tabelka
370
    40
100
AcDbLine
 10
-18.36460436299558
 20
25.44817733817035
 30
0.0
 11
-18.36460436299558
 21
18.6412985929553
 31
0.0
  0
LINE
  5
99A8
330
6792
100
AcDbEntity
  8
@Tabelka
370
    40
100
AcDbLine
 10
-18.36460436299558
 20
15.11375749043008
 30
0.0
 11
-18.36460436299558
 21
1.499999999999946
 31
0.0
  0
LINE
  5
99A9
330
6792
100
AcDbEntity
  8
@Tabelka
370
    40
100
AcDbLine
 10
-81.49999999999904
 20
18.6412985929553
 30
0.0
 11
-1.49999999999909
 21
18.6412985929553
 31
0.0
  0
LINE
  5
99AA
330
6792
100
AcDbEntity
  8
@Tabelka
370
    40
100
AcDbLine
 10
-51.28965140882428
 20
1.499999999999854
 30
0.0
 11
-51.28965140882428
 21
15.11375749043008
 31
0.0
  0
LINE
  5
99AB
330
6792
100
AcDbEntity
  8
@Tabelka
370
    40
100
AcDbLine
 10
-51.28965140882428
 20
18.6412985929553
 30
0.0
 11
-51.28965140882428
 21
25.44817733817035
 31
0.0
  0
LINE
  5
99AC
330
6792
100
AcDbEntity
  8
@Tabelka
370
    40
100
AcDbLine
 10
-37.05292209996469
 20
1.499999999999893
 30
0.0
 11
-37.05292209996469
 21
15.11375749043008
 31
0.0
  0
LINE
  5
99AD
330
6792
100
AcDbEntity
  8
@Tabelka
370
    40
100
AcDbLine
 10
-81.49999999999904
 20
15.11375749043008
 30
0.0
 11
-1.49999999999909
 21
15.11375749043008
 31
0.0
  0
MTEXT
  5
99AE
330
6792
100
AcDbEntity
  8
@Tabelka
100
AcDbMText
 10
-80.60122693475973
 20
16.87752804169258
 30
0.0
 40
1.3
 41
0.0
 46
0.0
 71
     4
 72
     1
  1
{\fLato Light|b1|i0|c238|p34;Opracował:}
 73
     2
 44
0.9461538461538461
1001
ACAD
1000
MTEXTBEGIN
1070
    73
1070
     2
1070
    44
1040
0.9461538461538461
1070
    74
1070
     0
1000
MTEXTEND
  0
MTEXT
  5
99AF
330
6792
100
AcDbEntity
  8
@Tabelka
100
AcDbMText
 10
-50.39087834358497
 20
16.87752804169258
 30
0.0
 40
1.3
 41
0.0
 46
0.0
 71
     4
 72
     1
  1
{\fLato Light|b1|i0|c238|p34;Specjalność:}
 73
     2
 44
0.9461538461538461
1001
ACAD
1000
MTEXTBEGIN
1070
    73
1070
     2
1070
    44
1040
0.9461538461538461
1070
    74
1070
     0
1000
MTEXTEND
  0
MTEXT
  5
99B0
330
6792
100
AcDbEntity
  8
@Tabelka
100
AcDbMText
 10
-36.15414903472583
 20
16.87752804169258
 30
0.0
 40
1.3
 41
0.0
 46
0.0
 71
     4
 72
     1
  1
{\fLato Light|b1|i0|c238|p34;Nr uprawnień:}
 73
     2
 44
0.9461538461538461
1001
ACAD
1000
MTEXTBEGIN
1070
    73
1070
     2
1070
    44
1040
0.9461538461538461
1070
    74
1070
     0
1000
MTEXTEND
  0
MTEXT
  5
99B1
330
6792
100
AcDbEntity
  8
@Tabelka
100
AcDbMText
 10
-17.46583129775672
 20
16.87752804169258
 30
0.0
 40
1.3
 41
0.0
 46
0.0
 71
     4
 72
     1
  1
{\fLato Light|b1|i0|c238|p34;Podpis:}
 73
     2
 44
0.9461538461538461
1001
ACAD
1000
MTEXTBEGIN
1070
    73
1070
     2
1070
    44
1040
0.9461538461538461
1070
    74
1070
     0
1000
MTEXTEND
  0
MTEXT
  5
99B2
330
6792
100
AcDbEntity
  8
@Tabelka
100
AcDbMText
 10
-44.53320441779692
 20
11.53426079909015
 30
0.0
 40
1.5
 41
22.91501524390242
 46
0.0
 71
     5
 72
     1
  1
{\W0.9;telekomunikacja}
 73
     2
 44
0.825
1001
ACAD
1000
MTEXTBEGIN
1070
    73
1070
     2
1070
    44
1040
0.825
1070
    74
1070
     0
1000
MTEXTEND
  0
MTEXT
  5
99B3
330
6792
100
AcDbEntity
  8
@Tabelka
100
AcDbMText
 10
-27.54074742294893
 20
11.45580777521902
 30
0.0
 40
1.5
 41
22.91501524390242
 46
0.0
 71
     5
 72
     1
  1
{\W0.9;PDL/0137/PWOT/16}
 73
     2
 44
0.825
1001
AcadAnnotative
1000
AnnotativeData
1002
{
1070
     1
1070
     0
1002
}
1001
ACAD
1000
MTEXTBEGIN
1070
    73
1070
     2
1070
    44
1040
0.825
1070
    74
1070
     0
1000
MTEXTEND
  0
MTEXT
  5
99B4
330
6792
100
AcDbEntity
  8
@Tabelka
100
AcDbMText
 10
-80.60122693475973
 20
11.71031811782245
 30
0.0
 40
1.5
 41
27.92753095343501
 46
0.0
 71
     4
 72
     1
  1
Projektant:\Pinż. Tomasz Waśko
 73
     2
 44
0.8250000000000001
1001
AcadAnnotative
1000
AnnotativeData
1002
{
1070
     1
1070
     0
1002
}
1001
ACAD
1000
MTEXTBEGIN
1070
    73
1070
     2
1070
    44
1040
0.8250000000000001
1070
    74
1070
     0
1000
MTEXTEND
  0
LINE
  5
99B5
330
6792
100
AcDbEntity
  8
@Tabelka
370
    40
100
AcDbLine
 10
-81.49999999999948
 20
39.08127439636428
 30
0.0
 11
-1.499999999999545
 21
39.08127439636428
 31
0.0
  0
LINE
  5
99B6
330
6792
100
AcDbEntity
  8
@Tabelka
370
    40
100
AcDbLine
 10
-18.36460436299649
 20
28.86083213848133
 30
0.0
 11
-1.5
 21
28.86083213848133
 31
0.0
  0
LINE
  5
99B7
330
6792
100
AcDbEntity
  8
@Tabelka
370
    40
100
AcDbLine
 10
-18.36460436299603
 20
28.8608321384811
 30
0.0
 11
-18.36460436299603
 21
18.64129859295507
 31
0.0
  0
LINE
  5
99B8
330
6792
100
AcDbEntity
  8
@Tabelka
370
    40
100
AcDbLine
 10
-81.49999999999948
 20
18.6412985929553
 30
0.0
 11
-1.499999999999545
 21
18.6412985929553
 31
0.0
  0
MTEXT
  5
99B9
330
6792
100
AcDbEntity
  8
@Tabelka
100
AcDbMText
 10
-17.46583129775672
 20
27.46973899195882
 30
0.0
 40
1.3
 41
0.0
 46
0.0
 71
     4
 72
     1
  1
{\fLato Light|b1|i0|c238|p34;Data:}
 73
     2
 44
0.9461538461538461
1001
ACAD
1000
MTEXTBEGIN
1070
    73
1070
     2
1070
    44
1040
0.9461538461538461
1070
    74
1070
     0
1000
MTEXTEND
  0
LINE
  5
99BA
330
6792
100
AcDbEntity
  8
@Tabelka
370
    40
100
AcDbLine
 10
-81.49999999999948
 20
39.08127439636428
 30
0.0
 11
-18.36460436299649
 21
39.08127439636428
 31
0.0
  0
LINE
  5
99BB
330
6792
100
AcDbEntity
  8
@Tabelka
370
    40
100
AcDbLine
 10
-81.49999999999948
 20
28.86083213848133
 30
0.0
 11
-18.36460436299649
 21
28.86083213848133
 31
0.0
  0
LINE
  5
99BC
330
6792
100
AcDbEntity
  8
@Tabelka
370
    40
100
AcDbLine
 10
-18.36460436299649
 20
39.08127439636428
 30
0.0
 11
-18.36460436299649
 21
28.86083213848133
 31
0.0
  0
LINE
  5
99BD
330
6792
100
AcDbEntity
  8
@Tabelka
370
    40
100
AcDbLine
 10
-51.28965140882474
 20
18.6412985929553
 30
0.0
 11
-51.28965140882474
 21
28.86083213848133
 31
0.0
  0
LINE
  5
99BE
330
6792
100
AcDbEntity
  8
@Tabelka
370
    40
100
AcDbLine
 10
-68.47763472453198
 20
18.6412985929553
 30
0.0
 11
-68.47763472453198
 21
28.86083213848133
 31
0.0
  0
MTEXT
  5
99BF
330
6792
100
AcDbEntity
  8
@Tabelka
100
AcDbMText
 10
-50.39087834358497
 20
27.37833736683433
 30
0.0
 40
1.3
 41
0.0
 46
0.0
 71
     4
 72
     1
  1
{\fLato Light|b1|i0|c238|p34;Nazwa rysunku:}
 73
     2
 44
0.9461538461538461
1001
ACAD
1000
MTEXTBEGIN
1070
    73
1070
     2
1070
    44
1040
0.9461538461538461
1070
    74
1070
     0
1000
MTEXTEND
  0
MTEXT
  5
99C0
330
6792
100
AcDbEntity
  8
@Tabelka
100
AcDbMText
 10
-80.60122693476017
 20
27.46973899195904
 30
0.0
 40
1.3
 41
0.0
 46
0.0
 71
     4
 72
     1
  1
{\fLato Light|b1|i0|c238|p34;Nr rysunku:}
 73
     2
 44
0.9461538461538461
1001
ACAD
1000
MTEXTBEGIN
1070
    73
1070
     2
1070
    44
1040
0.9461538461538461
1070
    74
1070
     0
1000
MTEXTEND
  0
MTEXT
  5
99C1
330
6792
100
AcDbEntity
  8
@Tabelka
100
AcDbMText
 10
-67.57886165929267
 20
27.46973899195904
 30
0.0
 40
1.3
 41
0.0
 46
0.0
 71
     4
 72
     1
  1
{\fLato Light|b1|i0|c238|p34;Skala:}
 73
     2
 44
0.9461538461538461
1001
ACAD
1000
MTEXTBEGIN
1070
    73
1070
     2
1070
    44
1040
0.9461538461538461
1070
    74
1070
     0
1000
MTEXTEND
  0
MTEXT
  5
99C2
330
6792
100
AcDbEntity
  8
@Tabelka
100
AcDbMText
 10
-80.60122693476017
 20
37.69018124984177
 30
0.0
 40
1.3
 41
8.645594157557624
 46
0.0
 71
     4
 72
     1
  1
{\fLato Light|b1|i0|c238|p34;Stadium:}
 73
     2
 44
0.9461538461538461
1001
ACAD
1000
MTEXTBEGIN
1070
    73
1070
     2
1070
    44
1040
0.9461538461538461
1070
    74
1070
     0
1000
MTEXTEND
  0
MTEXT
  5
99C3
330
6792
100
AcDbEntity
  8
@Tabelka
100
AcDbMText
 10
-17.46583129775717
 20
37.69018124984177
 30
0.0
 40
1.3
 41
0.0
 46
0.0
 71
     4
 72
     1
  1
{\fLato Light|b1|i0|c238|p34;Branża:}
 73
     2
 44
0.9461538461538461
1001
ACAD
1000
MTEXTBEGIN
1070
    73
1070
     2
1070
    44
1040
0.9461538461538461
1070
    74
1070
     0
1000
MTEXTEND
  0
MLINE
  5
99C4
330
6792
100
AcDbEntity
  8
@Tabelka
370
    40
100
AcDbMline
  2
1 5MMOBWODKA1
340
676E
 40
1.0
 70
     1
 71
     3
 72
     4
 73
     2
 10
-1.5
 20
1.499999999999992
 30
0.0
210
0.0
220
0.0
230
1.0
 11
-1.5
 21
1.499999999999992
 31
0.0
 12
0.0000000000000219
 22
1.0
 32
0.0
 13
-0.7071067811865408
 23
0.7071067811865543
 33
0.0
 74
     2
 41
0.0
 41
0.0
 75
     0
 74
     2
 41
-2.121320343559616
 41
0.0
 75
     0
 11
-1.499999999998635
 21
63.91411131522271
 31
0.0
 12
-1.0
 22
0.0
 32
0.0
 13
-0.7071067811865554
 23
-0.7071067811865399
 33
0.0
 74
     2
 41
0.0
 41
0.0
 75
     0
 74
     2
 41
-2.121320343559665
 41
0.0
 75
     0
 11
-81.49999999999858
 21
63.91411131522271
 31
0.0
 12
0.0000000000000073
 22
-1.0
 32
0.0
 13
0.7071067811865503
 23
-0.7071067811865449
 33
0.0
 74
     2
 41
0.0
 41
0.0
 75
     0
 74
     2
 41
-2.121320343559649
 41
0.0
 75
     0
 11
-81.49999999999812
 21
1.499999999999765
 31
0.0
 12
1.0
 22
0.0000000000000028
 32
0.0
 13
0.707106781186544
 23
0.7071067811865511
 33
0.0
 74
     2
 41
0.0
 41
0.0
 75
     0
 74
     2
 41
-2.121320343559637
 41
0.0
 75
     0
  0
MTEXT
  5
99C5
330
6792
100
AcDbEntity
  8
@Tabelka
100
AcDbMText
 10
-9.932302181497561
 20
22.35997221919592
 30
0.0
 40
2.0
 41
0.0
 46
0.0
 71
     5
 72
     1
  1
10.2026
 73
     2
 44
0.825
1001
AcadAnnotative
1000
AnnotativeData
1002
{
1070
     1
1070
     0
1002
}
1001
ACAD
1000
MTEXTBEGIN
1070
    73
1070
     2
1070
    44
1040
0.825
1070
    74
1070
     0
1000
MTEXTEND
  0
LINE
  5
99C6
330
6792
100
AcDbEntity
  8
@KonstrTabelki
370
     0
100
AcDbLine
 10
-65.1104439215278
 20
18.6412985929553
 30
0.0
 11
-65.1104439215278
 21
15.11375749043008
 31
0.0
  0
LINE
  5
99C7
330
6792
100
AcDbEntity
  8
@KonstrTabelki
370
     0
100
AcDbLine
 10
-81.49999999999904
 20
16.87752804169258
 30
0.0
 11
-1.499999999998635
 21
16.87752804169258
 31
0.0
  0
LINE
  5
99C8
330
6792
100
AcDbEntity
  8
@KonstrTabelki
370
     0
100
AcDbLine
 10
-50.39087834358497
 20
18.64129859295507
 30
0.0
 11
-50.39087834358497
 21
13.40540114262262
 31
0.0
  0
LINE
  5
99C9
330
6792
100
AcDbEntity
  8
@KonstrTabelki
370
     0
100
AcDbLine
 10
-1.499999999998635
 20
49.93940460836437
 30
0.0
 11
-81.49999999999904
 21
49.93940460836437
 31
0.0
  0
LINE
  5
99CA
330
6792
100
AcDbEntity
  8
@KonstrTabelki
370
     0
100
AcDbLine
 10
-81.49999999999904
 20
48.54831146184209
 30
0.0
 11
-1.499999999998635
 21
48.54831146184209
 31
0.0
  0
LINE
  5
99CB
330
6792
100
AcDbEntity
  8
@KonstrTabelki
370
     0
100
AcDbLine
 10
-1.499999999998635
 20
62.52301816870043
 30
0.0
 11
-81.49999999999904
 21
62.52301816870043
 31
0.0
  0
LINE
  5
99CC
330
6792
100
AcDbEntity
  8
@KonstrTabelki
370
     0
100
AcDbLine
 10
-1.499999999998635
 20
58.07527705817527
 30
0.0
 11
-81.49999999999904
 21
58.07527705817527
 31
0.0
  0
LINE
  5
99CD
330
6792
100
AcDbEntity
  8
@KonstrTabelki
370
     0
100
AcDbLine
 10
-20.43332252021173
 20
15.11375749043008
 30
0.0
 11
-20.43332252021173
 21
8.306878745214813
 31
0.0
  0
LINE
  5
99CE
330
6792
100
AcDbEntity
  8
@KonstrTabelki
370
     0
100
AcDbLine
 10
-18.36460436299558
 20
11.71031811782245
 30
0.0
 11
-37.05292209996469
 21
11.71031811782245
 31
0.0
  0
LINE
  5
99CF
330
6792
100
AcDbEntity
  8
@KonstrTabelki
370
     0
100
AcDbLine
 10
-37.05292209996469
 20
14.24737573817583
 30
0.0
 11
-18.36460436299558
 21
14.24737573817583
 31
0.0
  0
LINE
  5
99D0
330
6792
100
AcDbEntity
  8
@KonstrTabelki
370
     0
100
AcDbLine
 10
-27.70876323148059
 20
14.24737573817583
 30
0.0
 11
-27.70876323148059
 21
9.308859140842965
 31
0.0
  0
LINE
  5
99D1
330
6792
100
AcDbEntity
  8
@KonstrTabelki
370
     0
100
AcDbLine
 10
-37.05292209996469
 20
11.71031811782245
 30
0.0
 11
-81.49999999999904
 21
11.71031811782245
 31
0.0
  0
LINE
  5
99D2
330
6792
100
AcDbEntity
  8
@KonstrTabelki
370
     0
100
AcDbLine
 10
-37.05292209996469
 20
13.77325346156192
 30
0.0
 11
-81.49999999999904
 21
13.77325346156192
 31
0.0
  0
LINE
  5
99D3
330
6792
100
AcDbEntity
  8
@KonstrTabelki
370
     0
100
AcDbLine
 10
-1.49999999999909
 20
22.35997221919592
 30
0.0
 11
-18.36460436299558
 21
22.35997221919592
 31
0.0
  0
LINE
  5
99D4
330
6792
100
AcDbEntity
  8
@KonstrTabelki
370
     0
100
AcDbLine
 10
-1.499999999999545
 20
27.46973899195882
 30
0.0
 11
-18.36460436299649
 21
27.46973899195882
 31
0.0
  0
LINE
  5
99D5
330
6792
100
AcDbEntity
  8
@KonstrTabelki
370
     0
100
AcDbLine
 10
-9.932302181497561
 20
19.67918594681668
 30
0.0
 11
-9.932302181497561
 21
28.8608321384811
 31
0.0
  0
LINE
  5
99D6
330
6792
100
AcDbEntity
  8
@KonstrTabelki
370
     0
100
AcDbLine
 10
-17.46583129775672
 20
28.8608321384811
 30
0.0
 11
-17.46583129775672
 21
22.94180597197851
 31
0.0
  0
LINE
  5
99D7
330
6792
100
AcDbEntity
  8
@KonstrTabelki
370
     0
100
AcDbLine
 10
-81.49999999999948
 20
26.07864584543677
 30
0.0
 11
-1.49999999999909
 21
26.07864584543677
 31
0.0
  0
LINE
  5
99D8
330
6792
100
AcDbEntity
  8
@KonstrTabelki
370
     0
100
AcDbLine
 10
-1.49999999999909
 20
22.35997221919592
 30
0.0
 11
-81.49999999999948
 21
22.35997221919592
 31
0.0
  0
LINE
  5
99D9
330
6792
100
AcDbEntity
  8
@KonstrTabelki
370
     0
100
AcDbLine
 10
-59.88364306667836
 20
18.6412985929553
 30
0.0
 11
-59.88364306667836
 21
26.07864584543677
 31
0.0
  0
LINE
  5
99DA
330
6792
100
AcDbEntity
  8
@KonstrTabelki
370
     0
100
AcDbLine
 10
-74.98881736226531
 20
18.6412985929553
 30
0.0
 11
-74.98881736226531
 21
26.07864584543677
 31
0.0
  0
LINE
  5
99DB
330
6792
100
AcDbEntity
  8
@KonstrTabelki
370
     0
100
AcDbLine
 10
-81.49999999999948
 20
36.29908810331949
 30
0.0
 11
-1.49999999999909
 21
36.29908810331949
 31
0.0
  0
LINE
  5
99DC
330
6792
100
AcDbEntity
  8
@KonstrTabelki
370
     0
100
AcDbLine
 10
-53.2673292651516
 20
26.07864584543654
 30
0.0
 11
-53.2673292651516
 21
28.86083213848133
 31
0.0
  0
LINE
  5
99DD
330
6792
100
AcDbEntity
  8
@KonstrTabelki
370
     0
100
AcDbLine
 10
-1.49999999999909
 20
27.46973899195904
 30
0.0
 11
-81.49999999999948
 21
27.46973899195904
 31
0.0
  0
LINE
  5
99DE
330
6792
100
AcDbEntity
  8
@KonstrTabelki
370
     0
100
AcDbLine
 10
-67.57886165929267
 20
28.86083213848133
 30
0.0
 11
-67.57886165929267
 21
26.07864584543677
 31
0.0
  0
LINE
  5
99DF
330
6792
100
AcDbEntity
  8
@KonstrTabelki
370
     0
100
AcDbLine
 10
-50.39087834358543
 20
29.8993457360591
 30
0.0
 11
-50.39087834358543
 21
18.6412985929553
 31
0.0
  0
LINE
  5
99E0
330
6792
100
AcDbEntity
  8
@KonstrTabelki
370
     0
100
AcDbLine
 10
-1.49999999999909
 20
37.69018124984177
 30
0.0
 11
-81.49999999999948
 21
37.69018124984177
 31
0.0
  0
LINE
  5
99E1
330
6792
100
AcDbEntity
  8
@KonstrTabelki
370
     0
100
AcDbLine
 10
-36.15414903472583
 20
19.67981219053308
 30
0.0
 11
-36.15414903472583
 21
18.6412985929553
 31
0.0
  0
LINE
  5
99E2
330
6792
100
AcDbEntity
  8
@KonstrTabelki
370
     0
100
AcDbLine
 10
-9.932302181497561
 20
19.67918594681668
 30
0.0
 11
-9.932302181497561
 21
39.08127439636428
 31
0.0
  0
LINE
  5
99E3
330
6792
100
AcDbEntity
  8
@KonstrTabelki
370
     0
100
AcDbLine
 10
-78.46308923679174
 20
36.29908810331949
 30
0.0
 11
-78.46308923679174
 21
28.86083213848133
 31
0.0
  0
LINE
  5
99E4
330
6792
100
AcDbEntity
  8
@KonstrTabelki
370
     0
100
AcDbLine
 10
-81.49999999999948
 20
32.57996012090028
 30
0.0
 11
-1.49999999999909
 21
32.57996012090028
 31
0.0
  0
LINE
  5
99E5
330
6792
100
AcDbEntity
  8
@KonstrTabelki
370
     0
100
AcDbLine
 10
-17.46583129775717
 20
39.43575056541522
 30
0.0
 11
-17.46583129775717
 21
22.94180597197874
 31
0.0
  0
MTEXT
  5
99E6
330
6792
100
AcDbEntity
  8
@Tabelka
100
AcDbMText
 10
-9.596801998601222
 20
32.33952350960634
 30
0.0
 40
2.0
 41
0.0
 46
0.0
 71
     5
 72
     1
  1
{\fLato Light|b1|i0|c238|p34;\W0.8;Telekomunikacja}
 73
     2
 44
0.7687499999999998
1001
ACAD
1000
MTEXTBEGIN
1070
    73
1070
     2
1070
    44
1040
0.7687499999999998
1070
    74
1070
     0
1000
MTEXTEND
  0
MTEXT
  5
99E7
330
6792
100
AcDbEntity
  8
@Tabelka
100
AcDbMText
 10
-80.26572675186292
 20
32.33952350960634
 30
0.0
 40
1.5
 41
0.0
 46
0.0
 71
     4
 72
     1
  1
Projekt wykonawczy
 73
     2
 44
0.8249999999999998
1001
ACAD
1000
MTEXTBEGIN
1070
    73
1070
     2
1070
    44
1040
0.8249999999999998
1070
    74
1070
     0
1000
MTEXTEND
  0
LINE
  5
99E8
330
6792
100
AcDbEntity
  8
@KonstrTabelki
370
     0
100
AcDbLine
 10
-80.60122693476017
 20
28.86083213848133
 30
0.0
 11
-80.60122693476017
 21
26.07864584543677
 31
0.0
  0
LWPOLYLINE
  5
99E9
330
6792
100
AcDbEntity
  8
@KonstrTabelki
100
AcDbPolyline
 90
        2
 70
     0
 43
0.0
 10
-51.28965140882428
 20
18.6412985929553
 10
-51.28965140882428
 20
28.86083213848133
  0
LINE
  5
99EA
330
6792
100
AcDbEntity
  8
@Tabelka
370
    40
100
AcDbLine
 10
-51.28965140882428
 20
28.86083213848133
 30
0.0
 11
-51.28965140882428
 21
35.66771088369637
 31
0.0
  0
LINE
  5
99EB
330
6792
100
AcDbEntity
  8
@Tabelka
370
    40
100
AcDbLine
 10
-51.28965140882474
 20
28.86083213848133
 30
0.0
 11
-51.28965140882474
 21
39.08036568400735
 31
0.0
  0
LWPOLYLINE
  5
99EC
330
6792
100
AcDbEntity
  8
@KonstrTabelki
100
AcDbPolyline
 90
        2
 70
     0
 43
0.0
 10
-51.28965140882428
 20
28.86083213848133
 10
-51.28965140882428
 20
39.08036568400735
  0
MTEXT
  5
99ED
330
6792
100
AcDbEntity
  8
@Tabelka
100
AcDbMText
 10
-50.39087834358543
 20
37.69018124984177
 30
0.0
 40
1.3
 41
16.11409352676877
 46
0.0
 71
     4
 72
     1
  1
{\fLato Light|b1|i0|c238|p34;Numer stacji trafo:}
 73
     2
 44
0.9461538461538461
1001
ACAD
1000
MTEXTBEGIN
1070
    73
1070
     2
1070
    44
1040
0.9461538461538461
1070
    74
1070
     0
1000
MTEXTEND
  0
LINE
  5
99EE
330
6792
100
AcDbEntity
  8
@Tabelka
370
    40
100
AcDbLine
 10
-81.49999999999904
 20
8.306878745214813
 30
0.0
 11
-1.49999999999909
 21
8.306878745214813
 31
0.0
  0
LINE
  5
99EF
330
6792
100
AcDbEntity
  8
@Tabelka
370
    40
100
AcDbLine
 10
-81.49999999999904
 20
8.306878745214813
 30
0.0
 11
-1.49999999999909
 21
8.306878745214813
 31
0.0
  0
MTEXT
  5
99F0
330
6792
100
AcDbEntity
  8
@Tabelka
100
AcDbMText
 10
-80.60122693475973
 20
4.903439372607177
 30
0.0
 40
1.5
 41
27.92753095343501
 46
0.0
 71
     4
 72
     1
  1
Projektant:\Pmgr inż. Katarzyna Bukłaho
 73
     2
 44
0.8250000000000001
1001
AcadAnnotative
1000
AnnotativeData
1002
{
1070
     1
1070
     0
1002
}
1001
ACAD
1000
MTEXTBEGIN
1070
    73
1070
     2
1070
    44
1040
0.8250000000000001
1070
    74
1070
     0
1000
MTEXTEND
  0
LINE
  5
99F1
330
6792
100
AcDbEntity
  8
@KonstrTabelki
370
     0
100
AcDbLine
 10
-18.36460436299558
 20
4.903439372607177
 30
0.0
 11
-37.05292209996469
 21
4.903439372607177
 31
0.0
  0
LINE
  5
99F2
330
6792
100
AcDbEntity
  8
@KonstrTabelki
370
     0
100
AcDbLine
 10
-37.05292209996469
 20
7.440496992960557
 30
0.0
 11
-18.36460436299558
 21
7.440496992960557
 31
0.0
  0
LINE
  5
99F3
330
6792
100
AcDbEntity
  8
@KonstrTabelki
370
     0
100
AcDbLine
 10
-27.70876323148059
 20
7.440496992960557
 30
0.0
 11
-27.70876323148059
 21
2.501980395627693
 31
0.0
  0
LINE
  5
99F4
330
6792
100
AcDbEntity
  8
@KonstrTabelki
370
     0
100
AcDbLine
 10
-37.05292209996469
 20
4.903439372607177
 30
0.0
 11
-81.49999999999904
 21
4.903439372607177
 31
0.0
  0
LINE
  5
99F5
330
6792
100
AcDbEntity
  8
@KonstrTabelki
370
     0
100
AcDbLine
 10
-37.05292209996469
 20
6.966374716346646
 30
0.0
 11
-81.49999999999904
 21
6.966374716346646
 31
0.0
  0
MTEXT
  5
99F6
330
6792
100
AcDbEntity
  8
@Tabelka
100
AcDbMText
 10
-27.65690650045235
 20
4.617454181904182
 30
0.0
 40
1.5
 41
22.91501524390242
 46
0.0
 71
     5
 72
     1
  1
{\W0.8;PDL/0095/PWBE/22}
 73
     2
 44
0.825
1001
AcadAnnotative
1000
AnnotativeData
1002
{
1070
     1
1070
     0
1002
}
1001
ACAD
1000
MTEXTBEGIN
1070
    73
1070
     2
1070
    44
1040
0.825
1070
    74
1070
     0
1000
MTEXTEND
  0
MTEXT
  5
99F7
330
6792
100
AcDbEntity
  8
@Tabelka
100
AcDbMText
 10
-43.90578029152971
 20
4.640613529179251
 30
0.0
 40
1.5
 41
22.91501524390242
 46
0.0
 71
     5
 72
     1
  1
energetyka
 73
     2
 44
0.825
1001
ACAD
1000
MTEXTBEGIN
1070
    73
1070
     2
1070
    44
1040
0.825
1070
    74
1070
     0
1000
MTEXTEND
  0
MTEXT
  5
99F8
330
6792
100
AcDbEntity
  8
@Tabelka
100
AcDbMText
 10
-41.49999999999858
 20
58.07527705817506
 30
0.0
 40
2.0
 41
0.0
 46
0.0
 71
     2
 72
     1
  1
24IT Media sp. z o. o.\Pul. Wrzosowa 17 05-408 Glinianka
 73
     2
 44
0.825
1001
AcadAnnotative
1000
AnnotativeData
1002
{
1070
     1
1070
     0
1002
}
1001
ACAD
1000
MTEXTBEGIN
1070
    73
1070
     2
1070
    44
1040
0.825
1070
    74
1070
     0
1000
MTEXTEND
  0
MTEXT
  5
99F9
330
6792
100
AcDbEntity
  8
0
 62
    18
420
        0
100
AcDbMText
 10
-80.43186621504327
 20
47.41646797822967
 30
0.0
 40
2.0
 41
76.95582950157221
 46
0.0
 71
     1
 72
     1
  1
\pxsm1.15,ql;{\fLato Light|b0|i0|c238|p34;\C256;Projektowane podwieszenie światłowodu na istn. słupach nN w miejscowości Halinów}
  7
BardzoMale-PrawaGora
 73
     2
 44
0.825
1001
AcadAnnotative
1000
AnnotativeData
1002
{
1070
     1
1070
     0
1002
}
1001
ACAD
1000
MTEXTBEGIN
1070
    73
1070
     2
1070
    44
1040
0.825
1070
    74
1070
     0
1000
MTEXTEND
  0
MTEXT
  5
99FA
330
6792
100
AcDbEntity
  8
0
 62
     1
100
AcDbMText
 10
-49.66852653100798
 20
32.61635837896489
 30
1.0
 40
1.6
 41
26.35767255594817
 46
0.0
 71
     4
 72
     5
  1
{\C18;\c0;03-1341}
 73
     1
 44
1.0
1001
AcadAnnotative
1000
AnnotativeData
1002
{
1070
     1
1070
     0
1002
}
1001
ACAD
1000
MTEXTBEGIN
1070
    73
1070
     1
1070
    44
1040
1.0
1070
    74
1070
     0
1000
MTEXTEND
  0
ENDBLK
  5
67EC
330
6792
100
AcDbEntity
  8
0
100
AcDbBlockEnd
  0
BLOCK
  5
6A93
330
6A92
100
AcDbEntity
  8
_MM slupy
100
AcDbBlockBegin
  2
q
 70
     0
 10
0.0
 20
0.0
 30
0.0
  3
q
  1
Acad:XRef
  0
INSERT
  5
6A94
330
6A92
100
AcDbEntity
  8
_MM slupy
100
AcDbBlockReference
  2
ZN
 10
0.0
 20
0.0
 30
0.0
  0
MULTILEADER
  5
6A95
330
6A92
100
AcDbEntity
  8
_MM opisy
160
              1184
310
A0040000210000000C000000100000000D0000000C00000016000000000000C00C00000012000000FF7F00000C00000017000000FFFFFFFF1000000018000000000000000000F03F10000000190000000000000000000000100000001A00000000000000000000000C00000016000000000000C00C00000014000000010000
310
000C00000016000000FFFFFFC26C0000000700000004000000665D2932E1D61240FE4B3156596A28400000000000000000C3C6810C5F422E40FE4B3156596A28400000000000000000C3C6810C5F422E4083A818CEFF911A400000000000000000665D2932E1D6124083A818CEFF911A4000000000000000000C0000001400
310
0000010000000C00000016000000000000C0CC0000002600000011C50EC7105612403E07D5E7664D2440000000000000000000000000000000000000000000000000000000000000F03F000000000000F03F00000000000000000000000000000000730042017500700020006E004E00000007000000010000000000000000
310
000040000000000000F03F0000000000000000000000000000F03F0000000000000000000000000000000000000000000000000000000000000000220000004C00610074006F0020004C0069006700680074000000000000000000000000000C00000016000000000000C0CC000000260000009228E53062A81140A72F9C9D
310
930B1B40000000000000000000000000000000000000000000000000000000000000F03F000000000000F03F0000000000000000000000000000000050002D00310030002F005A004E00000007000000010000000000000000000040000000000000F03F0000000000000000000000000000F03F0000000000000000000000
310
000000000000000000000000000000000000000000220000004C00610074006F0020004C0069006700680074000000000000000000000000000C000000100000000D0000000C00000016000000000000C03C0000000600000002000000CCBA5264C2AD05404D7B5228EA9F19400000000000000000CCBA5264C2AD0D404D7B
310
5228EA9F194000000000000000000C000000100000000D0000000C00000014000000010000005400000007000000030000000A99DDD6EE60E13FA785F54FD864EB3F0000000000000000000000000000000000000000000000000000000000000000545EE53A0E38CE3F1703E460AB8CEF3F00000000000000000C00000014
310
000000010000000C000000100000000D0000003C00000006000000020000009FF09665F2EED83F5FC46CD8C178ED3F0000000000000000CCBA5264C2AD05404D7B5228EA9F194000000000000000000C00000016000000000000C00C00000012000000FF7F00000C00000017000000FFFFFFFF0C000000100000000D000000
310
0C00000016000000000000C0840000000600000005000000CCBA5264C2AD0D40FE4B3156596A2A40000000000000000062E340862F213040FE4B3156596A2A40000000000000000062E340862F21304083A818CEFF9116400000000000000000CCBA5264C2AD0D4083A818CEFF9116400000000000000000CCBA5264C2AD0D
310
40FE4B3156596A2A4000000000000000000C0000000E000000000000000C00000017000000FDFFFFFF
100
AcDbMLeader
270
     2
300
CONTEXT_DATA{
 40
1.0
 10
3.709843429350575
 20
6.406166677507667
 30
0.0
 41
2.0
140
1.0
145
1.0
174
     5
175
     5
176
     0
177
     0
290
     1
304
\pxql;słup nN\PP-10/ZN
 11
0.0
 21
0.0
 31
1.0
340
11
 12
4.709843429350575
 22
12.20771283485191
 32
0.0
 13
1.0
 23
0.0
 33
0.0
 42
0.0
 43
0.0
 44
0.0
 45
1.0
170
     1
 90
-1073741824
171
     1
172
     5
 91
-1023410175
141
1.0
 92
        0
291
     1
292
     1
173
     0
293
     0
142
0.0
143
0.0
294
     0
295
     0
296
     0
110
1.717372272163629
120
-1.420251553878188
130
0.0
111
1.0
121
0.0
131
0.0
112
0.0
122
1.0
132
0.0
297
     0
302
LEADER{
290
     1
291
     1
 10
2.709843429350575
 20
6.406166677507667
 30
0.0
 11
1.0
 21
0.0
 31
0.0
 90
        0
 40
1.0
304
LEADER_LINE{
 10
0.0
 20
0.0
 30
0.0
 91
        0
170
     1
 92
-1056964608
340
0
171
    -2
 40
0.0
341
0
 93
        0
305
}
271
     0
303
}
272
     9
273
     9
301
}
340
D8
 90
   279552
170
     1
 91
-1056964608
341
14
171
    -2
290
     1
291
     1
 41
1.0
 42
1.0
172
     2
343
11
173
     5
 95
        5
174
     1
175
     2
 92
-1056964608
292
     1
 93
-1056964608
 10
1.0
 20
1.0
 30
1.0
 43
0.0
176
     0
293
     0
294
     0
178
     0
179
     1
 45
1.0
271
     0
272
     9
273
     9
  0
ENDBLK
  5
6A96
330
6A92
100
AcDbEntity
  8
_MM slupy
100
AcDbBlockEnd
  0
BLOCK
  5
6A98
330
6A97
100
AcDbEntity
  8
_MM ŚWIATŁOWÓD
100
AcDbBlockBegin
  2
ZN
 70
     0
 10
0.0
 20
0.0
 30
0.0
  3
ZN
  1
Acad:XRef
  0
HATCH
  5
6A99
330
6A97
100
AcDbEntity
  8
_MM slupy
440
 33554687
100
AcDbHatch
 10
0.0
 20
0.0
 30
0.0
210
0.0
220
0.0
230
1.0
  2
SOLID
 70
     1
 71
     0
 91
        1
 92
        7
 72
     1
 73
     1
 93
        2
 10
0.0
 20
-0.8571021789684891
 42
0.0
 10
0.0
 20
0.8571021789684891
 42
0.9999999999999998
 97
        0
 75
     1
 76
     1
 47
0.0
 98
        1
 10
-0.2585831470787525
 20
0.4618848059326411
450
        0
451
        0
460
0.0
461
1.0
452
        0
462
0.0
453
        2
463
0.0
 63
     5
421
      255
463
1.0
 63
     2
421
 16776960
470
LINEAR
1001
ACAD
1010
0.0
1020
0.0
1030
0.0
1001
AcadAnnotative
1000
AnnotativeData
1002
{
1070
     1
1070
     0
1002
}
1001
HATCHBACKGROUNDCOLOR
1071
-939524096
1000

1000

  0
CIRCLE
  5
6A9A
330
6A97
100
AcDbEntity
  8
_MM slupy
100
AcDbCircle
 10
0.0
 20
0.0
 30
0.0
 40
0.8571021786401598
  0
ENDBLK
  5
6A9B
330
6A97
100
AcDbEntity
  8
_MM ŚWIATŁOWÓD
100
AcDbBlockEnd
  0
BLOCK
  5
6A9D
330
6A9C
100
AcDbEntity
  8
_MM ŚWIATŁOWÓD
100
AcDbBlockBegin
  2
R
 70
     0
 10
0.0
 20
0.0
 30
0.0
  3
R
  1
Acad:XRef
  0
HATCH
  5
6A9E
330
6A9C
100
AcDbEntity
  8
_MM slupy
440
 33554687
100
AcDbHatch
 10
0.0
 20
0.0
 30
0.0
210
0.0
220
0.0
230
1.0
  2
SOLID
 70
     1
 71
     0
 91
        1
 92
        7
 72
     1
 73
     1
 93
        2
 10
0.9308777833357453
 20
0.8571021808311343
 42
0.0
 10
0.9308777833357453
 20
-0.857102177105844
 42
0.9999999999999998
 97
        0
 75
     1
 76
     1
 47
0.0
 98
        1
 10
1.189460930414497
 20
-0.4618848040699959
450
        0
451
        0
460
0.0
461
1.0
452
        0
462
0.0
453
        2
463
0.0
 63
     5
421
      255
463
1.0
 63
     2
421
 16776960
470
LINEAR
1001
ACAD
1010
0.0
1020
0.0
1030
0.0
1001
AcadAnnotative
1000
AnnotativeData
1002
{
1070
     1
1070
     0
1002
}
1001
HATCHBACKGROUNDCOLOR
1071
-939524096
1000

1000

  0
CIRCLE
  5
6A9F
330
6A9C
100
AcDbEntity
  8
_MM slupy
100
AcDbCircle
 10
0.9308777833357453
 20
0.0000000018626451
 30
0.0
 40
0.8571021786401598
  0
HATCH
  5
6AA0
330
6A9C
100
AcDbEntity
  8
_MM slupy
440
 33554687
100
AcDbHatch
 10
0.0
 20
0.0
 30
0.0
210
0.0
220
0.0
230
1.0
  2
SOLID
 70
     1
 71
     0
 91
        1
 92
        7
 72
     1
 73
     1
 93
        2
 10
-0.9308777833357453
 20
-0.8571021798998117
 42
0.0
 10
-0.9308777833357453
 20
0.8571021780371665
 42
0.9999999999999998
 97
        0
 75
     1
 76
     1
 47
0.0
 98
        1
 10
-1.189460930414497
 20
0.4618848050013185
450
        0
451
        0
460
0.0
461
1.0
452
        0
462
0.0
453
        2
463
0.0
 63
     5
421
      255
463
1.0
 63
     2
421
 16776960
470
LINEAR
1001
ACAD
1010
0.0
1020
0.0
1030
0.0
1001
AcadAnnotative
1000
AnnotativeData
1002
{
1070
     1
1070
     0
1002
}
1001
HATCHBACKGROUNDCOLOR
1071
-939524096
1000

1000

  0
CIRCLE
  5
6AA1
330
6A9C
100
AcDbEntity
  8
_MM slupy
100
AcDbCircle
 10
-0.9308777833357453
 20
-0.0000000009313226
 30
0.0
 40
0.8571021786401598
  0
LWPOLYLINE
  5
6AA2
330
6A9C
100
AcDbEntity
  8
_MM slupy
100
AcDbPolyline
 90
        2
 70
     0
 43
0.0
 10
-0.9308777833357453
 20
0.8571021780371665
 10
0.9308777833357453
 20
0.8571021808311343
  0
LWPOLYLINE
  5
6AA3
330
6A9C
100
AcDbEntity
  8
_MM slupy
100
AcDbPolyline
 90
        2
 70
     0
 43
0.0
 10
-0.9308777833357453
 20
-0.8571021798998117
 10
0.9308777833357453
 20
-0.857102177105844
  0
ENDBLK
  5
6AA4
330
6A9C
100
AcDbEntity
  8
_MM ŚWIATŁOWÓD
100
AcDbBlockEnd
  0
BLOCK
  5
6AA6
330
6AA5
100
AcDbEntity
  8
_MM ŚWIATŁOWÓD
100
AcDbBlockBegin
  2
E
 70
     0
 10
0.0
 20
0.0
 30
0.0
  3
E
  1
Acad:XRef
  0
CIRCLE
  5
6AA7
330
6AA5
100
AcDbEntity
  8
_MM slupy
100
AcDbCircle
 10
0.0
 20
0.0
 30
0.0
 40
0.8571021786401598
  0
HATCH
  5
6AA8
330
6AA5
100
AcDbEntity
  8
_MM slupy
100
AcDbHatch
 10
0.0
 20
0.0
 30
0.0
210
0.0
220
0.0
230
1.0
  2
SOLID
 70
     1
 71
     0
 91
        1
 92
        7
 72
     1
 73
     1
 93
        2
 10
0.2659733965992927
 20
0.3717533545568585
 42
1.000000004499573
 10
-0.2659733928740022
 20
-0.3717533508315683
 42
1.000000004499572
 97
        0
 75
     1
 76
     1
 47
0.0076109542855809
 98
        1
 10
0.0037275701761246
 20
-0.0523459548130632
450
        0
451
        0
460
0.0
461
0.0
452
        0
462
0.0
453
        2
463
0.0
 63
     5
421
      255
463
1.0
 63
     2
421
 16776960
470
LINEAR
1001
GradientColor1ACI
1070
     5
1001
GradientColor2ACI
1070
     2
1001
ACAD
1010
0.0
1020
0.0
1030
0.0
  0
CIRCLE
  5
6AA9
330
6AA5
100
AcDbEntity
  8
_MM slupy
100
AcDbCircle
 10
0.0000000037252903
 20
0.0
 30
0.0
 40
0.4571021786401598
  0
ENDBLK
  5
6AAA
330
6AA5
100
AcDbEntity
  8
_MM ŚWIATŁOWÓD
100
AcDbBlockEnd
  0
BLOCK
  5
9987
330
781C
100
AcDbEntity
  8
0
100
AcDbBlockBegin
  2
gaStandard
 70
     0
 10
0.0
 20
0.0
 30
0.0
  3
gaStandard
  1

  0
ENDBLK
  5
9988
330
781C
100
AcDbEntity
  8
0
100
AcDbBlockEnd
  0
BLOCK
  5
78E4
330
78E3
100
AcDbEntity
  8
_arkusze model
100
AcDbBlockBegin
  2
trafo
 70
     0
 10
0.0
 20
0.0
 30
0.0
  3
trafo
  1

  0
LWPOLYLINE
  5
78E5
330
78E3
100
AcDbEntity
  8
_mm trafo
100
AcDbPolyline
 90
        5
 70
   129
 43
0.0
 10
-0.5169995911419392
 20
-1.523946878500282
 10
1.644884634763002
 20
-0.9619457693770527
 10
0.9839746840298175
 20
1.580417184159159
 10
-1.171670658513903
 20
0.9924604445695877
 10
-0.5169995911419392
 20
-1.523946878500282
  0
HATCH
  5
78E6
330
78E3
100
AcDbEntity
  8
_mm trafo
100
AcDbHatch
 10
0.0
 20
0.0
 30
0.0
210
0.0
220
0.0
230
1.0
  2
SOLID
 70
     1
 71
     0
 91
        1
 92
        7
 72
     0
 73
     1
 93
        4
 10
-1.154536539688706
 20
1.016924733296036
 10
-0.5218138257041574
 20
-1.505090727470815
 10
1.644884638488292
 20
-0.9619457712396979
 10
1.006149406544864
 20
1.586078689433634
 97
        0
 75
     1
 76
     1
 47
0.0122615982672015
 98
        1
 10
-0.3378079012036323
 20
0.2822133973240852
450
        0
451
        0
460
0.0
461
0.0
452
        0
462
0.0
453
        2
463
0.0
 63
     5
421
      255
463
1.0
 63
     2
421
 16776960
470
LINEAR
1001
GradientColor1ACI
1070
     5
1001
GradientColor2ACI
1070
     2
1001
ACAD
1010
0.0
1020
0.0
1030
0.0
  0
LINE
  5
78E7
330
78E3
100
AcDbEntity
  8
_MM LINIA Sn
 62
     2
370
    60
100
AcDbLine
 10
0.5828169202432037
 20
-0.9153794357553124
 30
0.0
 11
-0.321801271289587
 21
-0.231092756614089
 31
0.0
  0
LINE
  5
78E8
330
78E3
100
AcDbEntity
  8
_MM LINIA Sn
 62
     2
370
    60
100
AcDbLine
 10
-0.321801271289587
 20
-0.231092756614089
 30
0.0
 11
0.5764489611610771
 21
0.0235602678731084
 31
0.0
  0
LINE
  5
78E9
330
78E3
100
AcDbEntity
  8
_MM LINIA Sn
 62
     2
370
    60
100
AcDbLine
 10
0.5764489611610771
 20
0.0235602678731084
 30
0.0
 11
-0.4304556539282203
 21
0.899287880398333
 31
0.0
  0
LINE
  5
78EA
330
78E3
100
AcDbEntity
  8
_MM LINIA Sn
 62
     2
370
    60
100
AcDbLine
 10
0.4099786086007953
 20
-0.8960715467110276
 30
0.0
 11
0.5828169202432037
 21
-0.9153794357553124
 31
0.0
  0
LINE
  5
78EB
330
78E3
100
AcDbEntity
  8
_MM LINIA Sn
 62
     2
370
    60
100
AcDbLine
 10
0.5828169202432037
 20
-0.9153794357553124
 30
0.0
 11
0.5547992568463087
 21
-0.7203441979363561
 31
0.0
  0
LINE
  5
78EC
330
78E3
100
AcDbEntity
  8
_MM LINIA Sn
 62
     2
370
    60
100
AcDbLine
 10
0.5547992568463087
 20
-0.7203441979363561
 30
0.0
 11
0.4099786086007953
 21
-0.8960715467110276
 31
0.0
  0
ENDBLK
  5
78ED
330
78E3
100
AcDbEntity
  8
_arkusze model
100
AcDbBlockEnd
  0
BLOCK
  5
8BD8
330
887A
100
AcDbEntity
  8
0
100
AcDbBlockBegin
  2
G$C0D6EC0B5
 70
     0
 10
0.0
 20
0.0
 30
0.0
  3
G$C0D6EC0B5
  1

  0
MTEXT
  5
88A5
330
887A
100
AcDbEntity
  8
makro-numeracja-punktow
 62
     6
100
AcDbMText
 10
0.0
 20
2966.441000002437
 30
0.0
 40
1.0
 41
0.0
 46
0.0
 71
     7
 72
     5
  1
1
  7
GeodText
 73
     1
 44
0.8
1001
ACAD
1000
MTEXTBEGIN
1070
    73
1070
     1
1070
    44
1040
0.8
1070
    74
1070
     0
1000
MTEXTEND
  0
MTEXT
  5
88A6
330
887A
100
AcDbEntity
  8
makro-numeracja-punktow
 62
     6
100
AcDbMText
 10
33.04999999981374
 20
2951.62400000263
 30
0.0
 40
1.0
 41
0.0
 46
0.0
 71
     7
 72
     5
  1
2
  7
GeodText
 73
     1
 44
0.8
1001
ACAD
1000
MTEXTBEGIN
1070
    73
1070
     1
1070
    44
1040
0.8
1070
    74
1070
     0
1000
MTEXTEND
  0
MTEXT
  5
88A7
330
887A
100
AcDbEntity
  8
makro-numeracja-punktow
 62
     6
100
AcDbMText
 10
56.83799999952316
 20
2941.403000002727
 30
0.0
 40
1.0
 41
0.0
 46
0.0
 71
     7
 72
     5
  1
3
  7
GeodText
 73
     1
 44
0.8
1001
ACAD
1000
MTEXTBEGIN
1070
    73
1070
     1
1070
    44
1040
0.8
1070
    74
1070
     0
1000
MTEXTEND
  0
MTEXT
  5
88A8
330
887A
100
AcDbEntity
  8
makro-numeracja-punktow
 62
     6
100
AcDbMText
 10
82.7050000000745
 20
2931.214000002481
 30
0.0
 40
1.0
 41
0.0
 46
0.0
 71
     7
 72
     5
  1
4
  7
GeodText
 73
     1
 44
0.8
1001
ACAD
1000
MTEXTBEGIN
1070
    73
1070
     1
1070
    44
1040
0.8
1070
    74
1070
     0
1000
MTEXTEND
  0
MTEXT
  5
88A9
330
887A
100
AcDbEntity
  8
makro-numeracja-punktow
 62
     6
100
AcDbMText
 10
110.8940000003203
 20
2919.948000002653
 30
0.0
 40
1.0
 41
0.0
 46
0.0
 71
     7
 72
     5
  1
5
  7
GeodText
 73
     1
 44
0.8
1001
ACAD
1000
MTEXTBEGIN
1070
    73
1070
     1
1070
    44
1040
0.8
1070
    74
1070
     0
1000
MTEXTEND
  0
MTEXT
  5
88AA
330
887A
100
AcDbEntity
  8
makro-numeracja-punktow
 62
     6
100
AcDbMText
 10
141.0249999994412
 20
2907.787000001409
 30
0.0
 40
1.0
 41
0.0
 46
0.0
 71
     7
 72
     5
  1
6
  7
GeodText
 73
     1
 44
0.8
1001
ACAD
1000
MTEXTBEGIN
1070
    73
1070
     1
1070
    44
1040
0.8
1070
    74
1070
     0
1000
MTEXTEND
  0
MTEXT
  5
88AB
330
887A
100
AcDbEntity
  8
makro-numeracja-punktow
 62
     6
100
AcDbMText
 10
185.4019999988377
 20
2885.68100000266
 30
0.0
 40
1.0
 41
0.0
 46
0.0
 71
     7
 72
     5
  1
7
  7
GeodText
 73
     1
 44
0.8
1001
ACAD
1000
MTEXTBEGIN
1070
    73
1070
     1
1070
    44
1040
0.8
1070
    74
1070
     0
1000
MTEXTEND
  0
MTEXT
  5
88AC
330
887A
100
AcDbEntity
  8
makro-numeracja-punktow
 62
     6
100
AcDbMText
 10
230.1849999995902
 20
2867.597000002861
 30
0.0
 40
1.0
 41
0.0
 46
0.0
 71
     7
 72
     5
  1
8
  7
GeodText
 73
     1
 44
0.8
1001
ACAD
1000
MTEXTBEGIN
1070
    73
1070
     1
1070
    44
1040
0.8
1070
    74
1070
     0
1000
MTEXTEND
  0
MTEXT
  5
88AD
330
887A
100
AcDbEntity
  8
makro-numeracja-punktow
 62
     6
100
AcDbMText
 10
262.9620000002906
 20
2856.751000002027
 30
0.0
 40
1.0
 41
0.0
 46
0.0
 71
     7
 72
     5
  1
9
  7
GeodText
 73
     1
 44
0.8
1001
ACAD
1000
MTEXTBEGIN
1070
    73
1070
     1
1070
    44
1040
0.8
1070
    74
1070
     0
1000
MTEXTEND
  0
MTEXT
  5
88AE
330
887A
100
AcDbEntity
  8
makro-numeracja-punktow
 62
     6
100
AcDbMText
 10
328.5179999992251
 20
2831.049000002444
 30
0.0
 40
1.0
 41
0.0
 46
0.0
 71
     7
 72
     5
  1
10
  7
GeodText
 73
     1
 44
0.8
1001
ACAD
1000
MTEXTBEGIN
1070
    73
1070
     1
1070
    44
1040
0.8
1070
    74
1070
     0
1000
MTEXTEND
  0
MTEXT
  5
88AF
330
887A
100
AcDbEntity
  8
makro-numeracja-punktow
 62
     6
100
AcDbMText
 10
347.9399999994785
 20
2880.994000002742
 30
0.0
 40
1.0
 41
0.0
 46
0.0
 71
     7
 72
     5
  1
11
  7
GeodText
 73
     1
 44
0.8
1001
ACAD
1000
MTEXTBEGIN
1070
    73
1070
     1
1070
    44
1040
0.8
1070
    74
1070
     0
1000
MTEXTEND
  0
MTEXT
  5
88B0
330
887A
100
AcDbEntity
  8
makro-numeracja-punktow
 62
     6
100
AcDbMText
 10
369.9349999995902
 20
2931.324000002816
 30
0.0
 40
1.0
 41
0.0
 46
0.0
 71
     7
 72
     5
  1
12
  7
GeodText
 73
     1
 44
0.8
1001
ACAD
1000
MTEXTBEGIN
1070
    73
1070
     1
1070
    44
1040
0.8
1070
    74
1070
     0
1000
MTEXTEND
  0
MTEXT
  5
88B1
330
887A
100
AcDbEntity
  8
makro-numeracja-punktow
 62
     6
100
AcDbMText
 10
391.5809999983758
 20
2981.145000002347
 30
0.0
 40
1.0
 41
0.0
 46
0.0
 71
     7
 72
     5
  1
13
  7
GeodText
 73
     1
 44
0.8
1001
ACAD
1000
MTEXTBEGIN
1070
    73
1070
     1
1070
    44
1040
0.8
1070
    74
1070
     0
1000
MTEXTEND
  0
MTEXT
  5
88B2
330
887A
100
AcDbEntity
  8
makro-numeracja-punktow
 62
     6
100
AcDbMText
 10
1971.432999999262
 20
2791.28700000234
 30
0.0
 40
1.0
 41
0.0
 46
0.0
 71
     7
 72
     5
  1
14
  7
GeodText
 73
     1
 44
0.8
1001
ACAD
1000
MTEXTBEGIN
1070
    73
1070
     1
1070
    44
1040
0.8
1070
    74
1070
     0
1000
MTEXTEND
  0
MTEXT
  5
88B3
330
887A
100
AcDbEntity
  8
makro-numeracja-punktow
 62
     6
100
AcDbMText
 10
1990.402999999001
 20
2781.017000002787
 30
0.0
 40
1.0
 41
0.0
 46
0.0
 71
     7
 72
     5
  1
15
  7
GeodText
 73
     1
 44
0.8
1001
ACAD
1000
MTEXTBEGIN
1070
    73
1070
     1
1070
    44
1040
0.8
1070
    74
1070
     0
1000
MTEXTEND
  0
MTEXT
  5
88B4
330
887A
100
AcDbEntity
  8
makro-numeracja-punktow
 62
     6
100
AcDbMText
 10
2033.50299999956
 20
2762.937000002712
 30
0.0
 40
1.0
 41
0.0
 46
0.0
 71
     7
 72
     5
  1
16
  7
GeodText
 73
     1
 44
0.8
1001
ACAD
1000
MTEXTBEGIN
1070
    73
1070
     1
1070
    44
1040
0.8
1070
    74
1070
     0
1000
MTEXTEND
  0
MTEXT
  5
88B5
330
887A
100
AcDbEntity
  8
makro-numeracja-punktow
 62
     6
100
AcDbMText
 10
2075.102999998257
 20
2745.209000003524
 30
0.0
 40
1.0
 41
0.0
 46
0.0
 71
     7
 72
     5
  1
17
  7
GeodText
 73
     1
 44
0.8
1001
ACAD
1000
MTEXTBEGIN
1070
    73
1070
     1
1070
    44
1040
0.8
1070
    74
1070
     0
1000
MTEXTEND
  0
MTEXT
  5
88B6
330
887A
100
AcDbEntity
  8
makro-numeracja-punktow
 62
     6
100
AcDbMText
 10
2114.163000000641
 20
2728.647000003606
 30
0.0
 40
1.0
 41
0.0
 46
0.0
 71
     7
 72
     5
  1
18
  7
GeodText
 73
     1
 44
0.8
1001
ACAD
1000
MTEXTBEGIN
1070
    73
1070
     1
1070
    44
1040
0.8
1070
    74
1070
     0
1000
MTEXTEND
  0
MTEXT
  5
88B7
330
887A
100
AcDbEntity
  8
makro-numeracja-punktow
 62
     6
100
AcDbMText
 10
2153.967961962335
 20
2712.032962379977
 30
0.0
 40
1.0
 41
0.0
 46
0.0
 71
     7
 72
     5
  1
19
  7
GeodText
 73
     1
 44
0.8
1001
ACAD
1000
MTEXTBEGIN
1070
    73
1070
     1
1070
    44
1040
0.8
1070
    74
1070
     0
1000
MTEXTEND
  0
MTEXT
  5
88B8
330
887A
100
AcDbEntity
  8
makro-numeracja-punktow
 62
     6
100
AcDbMText
 10
2174.602999998256
 20
2703.267000001855
 30
0.0
 40
1.0
 41
0.0
 46
0.0
 71
     7
 72
     5
  1
20
  7
GeodText
 73
     1
 44
0.8
1001
ACAD
1000
MTEXTBEGIN
1070
    73
1070
     1
1070
    44
1040
0.8
1070
    74
1070
     0
1000
MTEXTEND
  0
MTEXT
  5
88B9
330
887A
100
AcDbEntity
  8
makro-numeracja-punktow
 62
     6
100
AcDbMText
 10
2195.28299999889
 20
2694.527000002563
 30
0.0
 40
1.0
 41
0.0
 46
0.0
 71
     7
 72
     5
  1
21
  7
GeodText
 73
     1
 44
0.8
1001
ACAD
1000
MTEXTBEGIN
1070
    73
1070
     1
1070
    44
1040
0.8
1070
    74
1070
     0
1000
MTEXTEND
  0
MTEXT
  5
88BA
330
887A
100
AcDbEntity
  8
makro-numeracja-punktow
 62
     6
100
AcDbMText
 10
2229.183000000194
 20
2679.927000003867
 30
0.0
 40
1.0
 41
0.0
 46
0.0
 71
     7
 72
     5
  1
22
  7
GeodText
 73
     1
 44
0.8
1001
ACAD
1000
MTEXTBEGIN
1070
    73
1070
     1
1070
    44
1040
0.8
1070
    74
1070
     0
1000
MTEXTEND
  0
MTEXT
  5
88BB
330
887A
100
AcDbEntity
  8
makro-numeracja-punktow
 62
     6
100
AcDbMText
 10
2237.112999998965
 20
2681.184000003152
 30
0.0
 40
1.0
 41
0.0
 46
0.0
 71
     7
 72
     5
  1
23
  7
GeodText
 73
     1
 44
0.8
1001
ACAD
1000
MTEXTBEGIN
1070
    73
1070
     1
1070
    44
1040
0.8
1070
    74
1070
     0
1000
MTEXTEND
  0
MTEXT
  5
88BC
330
887A
100
AcDbEntity
  8
makro-numeracja-punktow
 62
     6
100
AcDbMText
 10
2244.760999998078
 20
2699.009000003338
 30
0.0
 40
1.0
 41
0.0
 46
0.0
 71
     7
 72
     5
  1
24
  7
GeodText
 73
     1
 44
0.8
1001
ACAD
1000
MTEXTBEGIN
1070
    73
1070
     1
1070
    44
1040
0.8
1070
    74
1070
     0
1000
MTEXTEND
  0
MTEXT
  5
88BD
330
887A
100
AcDbEntity
  8
makro-numeracja-punktow
 62
     6
100
AcDbMText
 10
2252.753000000492
 20
2717.645000001416
 30
0.0
 40
1.0
 41
0.0
 46
0.0
 71
     7
 72
     5
  1
25
  7
GeodText
 73
     1
 44
0.8
1001
ACAD
1000
MTEXTBEGIN
1070
    73
1070
     1
1070
    44
1040
0.8
1070
    74
1070
     0
1000
MTEXTEND
  0
MTEXT
  5
88BE
330
887A
100
AcDbEntity
  8
makro-numeracja-punktow
 62
     6
100
AcDbMText
 10
2264.76900000032
 20
2745.710000001825
 30
0.0
 40
1.0
 41
0.0
 46
0.0
 71
     7
 72
     5
  1
26
  7
GeodText
 73
     1
 44
0.8
1001
ACAD
1000
MTEXTBEGIN
1070
    73
1070
     1
1070
    44
1040
0.8
1070
    74
1070
     0
1000
MTEXTEND
  0
MTEXT
  5
88BF
330
887A
100
AcDbEntity
  8
makro-numeracja-punktow
 62
     6
100
AcDbMText
 10
2280.041999999434
 20
2783.089000003413
 30
0.0
 40
1.0
 41
0.0
 46
0.0
 71
     7
 72
     5
  1
27
  7
GeodText
 73
     1
 44
0.8
1001
ACAD
1000
MTEXTBEGIN
1070
    73
1070
     1
1070
    44
1040
0.8
1070
    74
1070
     0
1000
MTEXTEND
  0
MTEXT
  5
88C0
330
887A
100
AcDbEntity
  8
makro-numeracja-punktow
 62
     6
100
AcDbMText
 10
2291.833999998868
 20
2810.402000003494
 30
0.0
 40
1.0
 41
0.0
 46
0.0
 71
     7
 72
     5
  1
28
  7
GeodText
 73
     1
 44
0.8
1001
ACAD
1000
MTEXTBEGIN
1070
    73
1070
     1
1070
    44
1040
0.8
1070
    74
1070
     0
1000
MTEXTEND
  0
MTEXT
  5
88C1
330
887A
100
AcDbEntity
  8
makro-numeracja-punktow
 62
     6
100
AcDbMText
 10
2307.651999996975
 20
2848.484000002965
 30
0.0
 40
1.0
 41
0.0
 46
0.0
 71
     7
 72
     5
  1
29
  7
GeodText
 73
     1
 44
0.8
1001
ACAD
1000
MTEXTBEGIN
1070
    73
1070
     1
1070
    44
1040
0.8
1070
    74
1070
     0
1000
MTEXTEND
  0
MTEXT
  5
88C2
330
887A
100
AcDbEntity
  8
makro-numeracja-punktow
 62
     6
100
AcDbMText
 10
2318.200999999419
 20
2873.63500000257
 30
0.0
 40
1.0
 41
0.0
 46
0.0
 71
     7
 72
     5
  1
30
  7
GeodText
 73
     1
 44
0.8
1001
ACAD
1000
MTEXTBEGIN
1070
    73
1070
     1
1070
    44
1040
0.8
1070
    74
1070
     0
1000
MTEXTEND
  0
MTEXT
  5
88C3
330
887A
100
AcDbEntity
  8
makro-numeracja-punktow
 62
     6
100
AcDbMText
 10
2333.982999999076
 20
2831.057000002824
 30
0.0
 40
1.0
 41
0.0
 46
0.0
 71
     7
 72
     5
  1
31
  7
GeodText
 73
     1
 44
0.8
1001
ACAD
1000
MTEXTBEGIN
1070
    73
1070
     1
1070
    44
1040
0.8
1070
    74
1070
     0
1000
MTEXTEND
  0
MTEXT
  5
88C4
330
887A
100
AcDbEntity
  8
makro-numeracja-punktow
 62
     6
100
AcDbMText
 10
2366.902999999002
 20
2817.157000002451
 30
0.0
 40
1.0
 41
0.0
 46
0.0
 71
     7
 72
     5
  1
32
  7
GeodText
 73
     1
 44
0.8
1001
ACAD
1000
MTEXTBEGIN
1070
    73
1070
     1
1070
    44
1040
0.8
1070
    74
1070
     0
1000
MTEXTEND
  0
MTEXT
  5
88C5
330
887A
100
AcDbEntity
  8
makro-numeracja-punktow
 62
     6
100
AcDbMText
 10
2404.572999998928
 20
2801.087000001222
 30
0.0
 40
1.0
 41
0.0
 46
0.0
 71
     7
 72
     5
  1
33
  7
GeodText
 73
     1
 44
0.8
1001
ACAD
1000
MTEXTBEGIN
1070
    73
1070
     1
1070
    44
1040
0.8
1070
    74
1070
     0
1000
MTEXTEND
  0
MTEXT
  5
88C6
330
887A
100
AcDbEntity
  8
makro-numeracja-punktow
 62
     6
100
AcDbMText
 10
2300.01399999857
 20
2847.109000003897
 30
0.0
 40
1.0
 41
0.0
 46
0.0
 71
     7
 72
     5
  1
34
  7
GeodText
 73
     1
 44
0.8
1001
ACAD
1000
MTEXTBEGIN
1070
    73
1070
     1
1070
    44
1040
0.8
1070
    74
1070
     0
1000
MTEXTEND
  0
MTEXT
  5
88C7
330
887A
100
AcDbEntity
  8
makro-numeracja-punktow
 62
     6
100
AcDbMText
 10
2265.682999999262
 20
2861.547000003048
 30
0.0
 40
1.0
 41
0.0
 46
0.0
 71
     7
 72
     5
  1
35
  7
GeodText
 73
     1
 44
0.8
1001
ACAD
1000
MTEXTBEGIN
1070
    73
1070
     1
1070
    44
1040
0.8
1070
    74
1070
     0
1000
MTEXTEND
  0
MTEXT
  5
88C8
330
887A
100
AcDbEntity
  8
makro-numeracja-punktow
 62
     6
100
AcDbMText
 10
2232.762999999337
 20
2875.677000002936
 30
0.0
 40
1.0
 41
0.0
 46
0.0
 71
     7
 72
     5
  1
36
  7
GeodText
 73
     1
 44
0.8
1001
ACAD
1000
MTEXTBEGIN
1070
    73
1070
     1
1070
    44
1040
0.8
1070
    74
1070
     0
1000
MTEXTEND
  0
MTEXT
  5
88C9
330
887A
100
AcDbEntity
  8
makro-numeracja-punktow
 62
     6
100
AcDbMText
 10
2203.923000000417
 20
2887.767000002787
 30
0.0
 40
1.0
 41
0.0
 46
0.0
 71
     7
 72
     5
  1
37
  7
GeodText
 73
     1
 44
0.8
1001
ACAD
1000
MTEXTBEGIN
1070
    73
1070
     1
1070
    44
1040
0.8
1070
    74
1070
     0
1000
MTEXTEND
  0
MTEXT
  5
88CA
330
887A
100
AcDbEntity
  8
makro-numeracja-punktow
 62
     6
100
AcDbMText
 10
2176.432999999263
 20
2899.827000002377
 30
0.0
 40
1.0
 41
0.0
 46
0.0
 71
     7
 72
     5
  1
38
  7
GeodText
 73
     1
 44
0.8
1001
ACAD
1000
MTEXTBEGIN
1070
    73
1070
     1
1070
    44
1040
0.8
1070
    74
1070
     0
1000
MTEXTEND
  0
MTEXT
  5
88CB
330
887A
100
AcDbEntity
  8
makro-numeracja-punktow
 62
     6
100
AcDbMText
 10
2149.012999999337
 20
2911.53700000234
 30
0.0
 40
1.0
 41
0.0
 46
0.0
 71
     7
 72
     5
  1
39
  7
GeodText
 73
     1
 44
0.8
1001
ACAD
1000
MTEXTBEGIN
1070
    73
1070
     1
1070
    44
1040
0.8
1070
    74
1070
     0
1000
MTEXTEND
  0
MTEXT
  5
88CC
330
887A
100
AcDbEntity
  8
makro-numeracja-punktow
 62
     6
100
AcDbMText
 10
2123.082999999635
 20
2922.69700000342
 30
0.0
 40
1.0
 41
0.0
 46
0.0
 71
     7
 72
     5
  1
40
  7
GeodText
 73
     1
 44
0.8
1001
ACAD
1000
MTEXTBEGIN
1070
    73
1070
     1
1070
    44
1040
0.8
1070
    74
1070
     0
1000
MTEXTEND
  0
MTEXT
  5
88CD
330
887A
100
AcDbEntity
  8
makro-numeracja-punktow
 62
     6
100
AcDbMText
 10
2222.294999998994
 20
2644.599000002258
 30
0.0
 40
1.0
 41
0.0
 46
0.0
 71
     7
 72
     5
  1
41
  7
GeodText
 73
     1
 44
0.8
1001
ACAD
1000
MTEXTBEGIN
1070
    73
1070
     1
1070
    44
1040
0.8
1070
    74
1070
     0
1000
MTEXTEND
  0
MTEXT
  5
88CE
330
887A
100
AcDbEntity
  8
makro-numeracja-punktow
 62
     6
100
AcDbMText
 10
2211.472999999299
 20
2620.337000002153
 30
0.0
 40
1.0
 41
0.0
 46
0.0
 71
     7
 72
     5
  1
42
  7
GeodText
 73
     1
 44
0.8
1001
ACAD
1000
MTEXTBEGIN
1070
    73
1070
     1
1070
    44
1040
0.8
1070
    74
1070
     0
1000
MTEXTEND
  0
MTEXT
  5
88CF
330
887A
100
AcDbEntity
  8
makro-numeracja-punktow
 62
     6
100
AcDbMText
 10
2200.072999998927
 20
2593.057000002824
 30
0.0
 40
1.0
 41
0.0
 46
0.0
 71
     7
 72
     5
  1
43
  7
GeodText
 73
     1
 44
0.8
1001
ACAD
1000
MTEXTBEGIN
1070
    73
1070
     1
1070
    44
1040
0.8
1070
    74
1070
     0
1000
MTEXTEND
  0
MTEXT
  5
88D0
330
887A
100
AcDbEntity
  8
makro-numeracja-punktow
 62
     6
100
AcDbMText
 10
2305.44375959225
 20
2535.152342159301
 30
0.0
 40
1.0
 41
0.0
 46
0.0
 71
     7
 72
     5
  1
44
  7
GeodText
 73
     1
 44
0.8
1001
ACAD
1000
MTEXTBEGIN
1070
    73
1070
     1
1070
    44
1040
0.8
1070
    74
1070
     0
1000
MTEXTEND
  0
MTEXT
  5
88D1
330
887A
100
AcDbEntity
  8
makro-numeracja-punktow
 62
     6
100
AcDbMText
 10
2322.310220889747
 20
2575.198409484699
 30
0.0
 40
1.0
 41
0.0
 46
0.0
 71
     7
 72
     5
  1
45
  7
GeodText
 73
     1
 44
0.8
1001
ACAD
1000
MTEXTBEGIN
1070
    73
1070
     1
1070
    44
1040
0.8
1070
    74
1070
     0
1000
MTEXTEND
  0
MTEXT
  5
88D2
330
887A
100
AcDbEntity
  8
makro-numeracja-punktow
 62
     6
100
AcDbMText
 10
2331.544372882694
 20
2595.928138454445
 30
0.0
 40
1.0
 41
0.0
 46
0.0
 71
     7
 72
     5
  1
46
  7
GeodText
 73
     1
 44
0.8
1001
ACAD
1000
MTEXTBEGIN
1070
    73
1070
     1
1070
    44
1040
0.8
1070
    74
1070
     0
1000
MTEXTEND
  0
MTEXT
  5
88D3
330
887A
100
AcDbEntity
  8
makro-numeracja-punktow
 62
     6
100
AcDbMText
 10
2339.48399999924
 20
2615.594000002369
 30
0.0
 40
1.0
 41
0.0
 46
0.0
 71
     7
 72
     5
  1
47
  7
GeodText
 73
     1
 44
0.8
1001
ACAD
1000
MTEXTBEGIN
1070
    73
1070
     1
1070
    44
1040
0.8
1070
    74
1070
     0
1000
MTEXTEND
  0
MTEXT
  5
88D4
330
887A
100
AcDbEntity
  8
makro-numeracja-punktow
 62
     6
100
AcDbMText
 10
2354.102999999188
 20
2650.297000003979
 30
0.0
 40
1.0
 41
0.0
 46
0.0
 71
     7
 72
     5
  1
48
  7
GeodText
 73
     1
 44
0.8
1001
ACAD
1000
MTEXTBEGIN
1070
    73
1070
     1
1070
    44
1040
0.8
1070
    74
1070
     0
1000
MTEXTEND
  0
MTEXT
  5
88D5
330
887A
100
AcDbEntity
  8
makro-numeracja-punktow
 62
     6
100
AcDbMText
 10
2367.722999999299
 20
2682.877000002191
 30
0.0
 40
1.0
 41
0.0
 46
0.0
 71
     7
 72
     5
  1
49
  7
GeodText
 73
     1
 44
0.8
1001
ACAD
1000
MTEXTBEGIN
1070
    73
1070
     1
1070
    44
1040
0.8
1070
    74
1070
     0
1000
MTEXTEND
  0
MTEXT
  5
88D6
330
887A
100
AcDbEntity
  8
makro-numeracja-punktow
 62
     6
100
AcDbMText
 10
2382.995000000112
 20
2719.093000002205
 30
0.0
 40
1.0
 41
0.0
 46
0.0
 71
     7
 72
     5
  1
50
  7
GeodText
 73
     1
 44
0.8
1001
ACAD
1000
MTEXTBEGIN
1070
    73
1070
     1
1070
    44
1040
0.8
1070
    74
1070
     0
1000
MTEXTEND
  0
MTEXT
  5
88D7
330
887A
100
AcDbEntity
  8
makro-numeracja-punktow
 62
     6
100
AcDbMText
 10
2388.141999999061
 20
2732.619000002742
 30
0.0
 40
1.0
 41
0.0
 46
0.0
 71
     7
 72
     5
  1
51
  7
GeodText
 73
     1
 44
0.8
1001
ACAD
1000
MTEXTBEGIN
1070
    73
1070
     1
1070
    44
1040
0.8
1070
    74
1070
     0
1000
MTEXTEND
  0
MTEXT
  5
88D8
330
887A
100
AcDbEntity
  8
makro-numeracja-punktow
 62
     6
100
AcDbMText
 10
2559.147999999114
 20
2660.538000003435
 30
0.0
 40
1.0
 41
0.0
 46
0.0
 71
     7
 72
     5
  1
52
  7
GeodText
 73
     1
 44
0.8
1001
ACAD
1000
MTEXTBEGIN
1070
    73
1070
     1
1070
    44
1040
0.8
1070
    74
1070
     0
1000
MTEXTEND
  0
MTEXT
  5
88D9
330
887A
100
AcDbEntity
  8
makro-numeracja-punktow
 62
     6
100
AcDbMText
 10
2564.091999999248
 20
2644.193000002764
 30
0.0
 40
1.0
 41
0.0
 46
0.0
 71
     7
 72
     5
  1
53
  7
GeodText
 73
     1
 44
0.8
1001
ACAD
1000
MTEXTBEGIN
1070
    73
1070
     1
1070
    44
1040
0.8
1070
    74
1070
     0
1000
MTEXTEND
  0
MTEXT
  5
88DA
330
887A
100
AcDbEntity
  8
makro-numeracja-punktow
 62
     6
100
AcDbMText
 10
2549.203999998979
 20
2609.130000001751
 30
0.0
 40
1.0
 41
0.0
 46
0.0
 71
     7
 72
     5
  1
54
  7
GeodText
 73
     1
 44
0.8
1001
ACAD
1000
MTEXTBEGIN
1070
    73
1070
     1
1070
    44
1040
0.8
1070
    74
1070
     0
1000
MTEXTEND
  0
MTEXT
  5
88DB
330
887A
100
AcDbEntity
  8
makro-numeracja-punktow
 62
     6
100
AcDbMText
 10
2533.932999999263
 20
2572.50700000301
 30
0.0
 40
1.0
 41
0.0
 46
0.0
 71
     7
 72
     5
  1
55
  7
GeodText
 73
     1
 44
0.8
1001
ACAD
1000
MTEXTBEGIN
1070
    73
1070
     1
1070
    44
1040
0.8
1070
    74
1070
     0
1000
MTEXTEND
  0
MTEXT
  5
88DC
330
887A
100
AcDbEntity
  8
makro-numeracja-punktow
 62
     6
100
AcDbMText
 10
2520.879000000656
 20
2542.192000002601
 30
0.0
 40
1.0
 41
0.0
 46
0.0
 71
     7
 72
     5
  1
56
  7
GeodText
 73
     1
 44
0.8
1001
ACAD
1000
MTEXTBEGIN
1070
    73
1070
     1
1070
    44
1040
0.8
1070
    74
1070
     0
1000
MTEXTEND
  0
MTEXT
  5
88DD
330
887A
100
AcDbEntity
  8
makro-numeracja-punktow
 62
     6
100
AcDbMText
 10
2509.420999998227
 20
2514.727000002749
 30
0.0
 40
1.0
 41
0.0
 46
0.0
 71
     7
 72
     5
  1
57
  7
GeodText
 73
     1
 44
0.8
1001
ACAD
1000
MTEXTBEGIN
1070
    73
1070
     1
1070
    44
1040
0.8
1070
    74
1070
     0
1000
MTEXTEND
  0
MTEXT
  5
88DE
330
887A
100
AcDbEntity
  8
makro-numeracja-punktow
 62
     6
100
AcDbMText
 10
2497.570618110709
 20
2486.837850556709
 30
0.0
 40
1.0
 41
0.0
 46
0.0
 71
     7
 72
     5
  1
58
  7
GeodText
 73
     1
 44
0.8
1001
ACAD
1000
MTEXTBEGIN
1070
    73
1070
     1
1070
    44
1040
0.8
1070
    74
1070
     0
1000
MTEXTEND
  0
MTEXT
  5
88DF
330
887A
100
AcDbEntity
  8
makro-numeracja-punktow
 62
     6
100
AcDbMText
 10
2487.394763565622
 20
2462.191075370647
 30
0.0
 40
1.0
 41
0.0
 46
0.0
 71
     7
 72
     5
  1
59
  7
GeodText
 73
     1
 44
0.8
1001
ACAD
1000
MTEXTBEGIN
1070
    73
1070
     1
1070
    44
1040
0.8
1070
    74
1070
     0
1000
MTEXTEND
  0
MTEXT
  5
88E0
330
887A
100
AcDbEntity
  8
makro-numeracja-punktow
 62
     6
100
AcDbMText
 10
2707.632133624517
 20
2481.166504957713
 30
0.0
 40
1.0
 41
0.0
 46
0.0
 71
     7
 72
     5
  1
60
  7
GeodText
 73
     1
 44
0.8
1001
ACAD
1000
MTEXTBEGIN
1070
    73
1070
     1
1070
    44
1040
0.8
1070
    74
1070
     0
1000
MTEXTEND
  0
MTEXT
  5
88E1
330
887A
100
AcDbEntity
  8
makro-numeracja-punktow
 62
     6
100
AcDbMText
 10
2733.212999999523
 20
2472.617000002414
 30
0.0
 40
1.0
 41
0.0
 46
0.0
 71
     7
 72
     5
  1
61
  7
GeodText
 73
     1
 44
0.8
1001
ACAD
1000
MTEXTBEGIN
1070
    73
1070
     1
1070
    44
1040
0.8
1070
    74
1070
     0
1000
MTEXTEND
  0
MTEXT
  5
88E2
330
887A
100
AcDbEntity
  8
makro-numeracja-punktow
 62
     6
100
AcDbMText
 10
2725.272999998182
 20
2522.00700000301
 30
0.0
 40
1.0
 41
0.0
 46
0.0
 71
     7
 72
     5
  1
62
  7
GeodText
 73
     1
 44
0.8
1001
ACAD
1000
MTEXTBEGIN
1070
    73
1070
     1
1070
    44
1040
0.8
1070
    74
1070
     0
1000
MTEXTEND
  0
MTEXT
  5
88E3
330
887A
100
AcDbEntity
  8
makro-numeracja-punktow
 62
     6
100
AcDbMText
 10
2736.7229999993
 20
2548.647000002675
 30
0.0
 40
1.0
 41
0.0
 46
0.0
 71
     7
 72
     5
  1
63
  7
GeodText
 73
     1
 44
0.8
1001
ACAD
1000
MTEXTBEGIN
1070
    73
1070
     1
1070
    44
1040
0.8
1070
    74
1070
     0
1000
MTEXTEND
  0
MTEXT
  5
88E4
330
887A
100
AcDbEntity
  8
makro-numeracja-punktow
 62
     6
100
AcDbMText
 10
2744.302999999374
 20
2566.557000003755
 30
0.0
 40
1.0
 41
0.0
 46
0.0
 71
     7
 72
     5
  1
64
  7
GeodText
 73
     1
 44
0.8
1001
ACAD
1000
MTEXTBEGIN
1070
    73
1070
     1
1070
    44
1040
0.8
1070
    74
1070
     0
1000
MTEXTEND
  0
MTEXT
  5
88E5
330
887A
100
AcDbEntity
  8
makro-numeracja-punktow
 62
     6
100
AcDbMText
 10
2736.822999998927
 20
2586.787000001408
 30
0.0
 40
1.0
 41
0.0
 46
0.0
 71
     7
 72
     5
  1
65
  7
GeodText
 73
     1
 44
0.8
1001
ACAD
1000
MTEXTBEGIN
1070
    73
1070
     1
1070
    44
1040
0.8
1070
    74
1070
     0
1000
MTEXTEND
  0
MTEXT
  5
88E6
330
887A
100
AcDbEntity
  8
makro-numeracja-punktow
 62
     6
100
AcDbMText
 10
2707.352999998257
 20
2599.088000003249
 30
0.0
 40
1.0
 41
0.0
 46
0.0
 71
     7
 72
     5
  1
66
  7
GeodText
 73
     1
 44
0.8
1001
ACAD
1000
MTEXTBEGIN
1070
    73
1070
     1
1070
    44
1040
0.8
1070
    74
1070
     0
1000
MTEXTEND
  0
MTEXT
  5
88E7
330
887A
100
AcDbEntity
  8
makro-numeracja-punktow
 62
     6
100
AcDbMText
 10
2673.823999999091
 20
2612.465000001714
 30
0.0
 40
1.0
 41
0.0
 46
0.0
 71
     7
 72
     5
  1
67
  7
GeodText
 73
     1
 44
0.8
1001
ACAD
1000
MTEXTBEGIN
1070
    73
1070
     1
1070
    44
1040
0.8
1070
    74
1070
     0
1000
MTEXTEND
  0
MTEXT
  5
88E8
330
887A
100
AcDbEntity
  8
makro-numeracja-punktow
 62
     6
100
AcDbMText
 10
2660.741999998689
 20
2625.311000001617
 30
0.0
 40
1.0
 41
0.0
 46
0.0
 71
     7
 72
     5
  1
68
  7
GeodText
 73
     1
 44
0.8
1001
ACAD
1000
MTEXTBEGIN
1070
    73
1070
     1
1070
    44
1040
0.8
1070
    74
1070
     0
1000
MTEXTEND
  0
MTEXT
  5
88E9
330
887A
100
AcDbEntity
  8
makro-numeracja-punktow
 62
     6
100
AcDbMText
 10
2902.837000000291
 20
2640.476000003517
 30
0.0
 40
1.0
 41
0.0
 46
0.0
 71
     7
 72
     5
  1
69
  7
GeodText
 73
     1
 44
0.8
1001
ACAD
1000
MTEXTBEGIN
1070
    73
1070
     1
1070
    44
1040
0.8
1070
    74
1070
     0
1000
MTEXTEND
  0
MTEXT
  5
88EA
330
887A
100
AcDbEntity
  8
makro-numeracja-punktow
 62
     6
100
AcDbMText
 10
2911.207999999635
 20
2667.995000001975
 30
0.0
 40
1.0
 41
0.0
 46
0.0
 71
     7
 72
     5
  1
70
  7
GeodText
 73
     1
 44
0.8
1001
ACAD
1000
MTEXTBEGIN
1070
    73
1070
     1
1070
    44
1040
0.8
1070
    74
1070
     0
1000
MTEXTEND
  0
MTEXT
  5
88EB
330
887A
100
AcDbEntity
  8
makro-numeracja-punktow
 62
     6
100
AcDbMText
 10
2911.399999999441
 20
2630.780000003055
 30
0.0
 40
1.0
 41
0.0
 46
0.0
 71
     7
 72
     5
  1
71
  7
GeodText
 73
     1
 44
0.8
1001
ACAD
1000
MTEXTBEGIN
1070
    73
1070
     1
1070
    44
1040
0.8
1070
    74
1070
     0
1000
MTEXTEND
  0
MTEXT
  5
88EC
330
887A
100
AcDbEntity
  8
makro-numeracja-punktow
 62
     6
100
AcDbMText
 10
2936.132999999449
 20
2623.317000002601
 30
0.0
 40
1.0
 41
0.0
 46
0.0
 71
     7
 72
     5
  1
72
  7
GeodText
 73
     1
 44
0.8
1001
ACAD
1000
MTEXTBEGIN
1070
    73
1070
     1
1070
    44
1040
0.8
1070
    74
1070
     0
1000
MTEXTEND
  0
MTEXT
  5
88ED
330
887A
100
AcDbEntity
  8
makro-numeracja-punktow
 62
     6
100
AcDbMText
 10
2969.527999999002
 20
2614.774000003003
 30
0.0
 40
1.0
 41
0.0
 46
0.0
 71
     7
 72
     5
  1
73
  7
GeodText
 73
     1
 44
0.8
1001
ACAD
1000
MTEXTBEGIN
1070
    73
1070
     1
1070
    44
1040
0.8
1070
    74
1070
     0
1000
MTEXTEND
  0
MTEXT
  5
88EE
330
887A
100
AcDbEntity
  8
makro-numeracja-punktow
 62
     6
100
AcDbMText
 10
2990.838000000455
 20
2606.355000001379
 30
0.0
 40
1.0
 41
0.0
 46
0.0
 71
     7
 72
     5
  1
74
  7
GeodText
 73
     1
 44
0.8
1001
ACAD
1000
MTEXTBEGIN
1070
    73
1070
     1
1070
    44
1040
0.8
1070
    74
1070
     0
1000
MTEXTEND
  0
MTEXT
  5
88EF
330
887A
100
AcDbEntity
  8
makro-numeracja-punktow
 62
     6
100
AcDbMText
 10
3025.357999999076
 20
2595.373000001535
 30
0.0
 40
1.0
 41
0.0
 46
0.0
 71
     7
 72
     5
  1
75
  7
GeodText
 73
     1
 44
0.8
1001
ACAD
1000
MTEXTBEGIN
1070
    73
1070
     1
1070
    44
1040
0.8
1070
    74
1070
     0
1000
MTEXTEND
  0
MTEXT
  5
88F0
330
887A
100
AcDbEntity
  8
makro-numeracja-punktow
 62
     6
100
AcDbMText
 10
3054.357999998145
 20
2586.705000001937
 30
0.0
 40
1.0
 41
0.0
 46
0.0
 71
     7
 72
     5
  1
76
  7
GeodText
 73
     1
 44
0.8
1001
ACAD
1000
MTEXTBEGIN
1070
    73
1070
     1
1070
    44
1040
0.8
1070
    74
1070
     0
1000
MTEXTEND
  0
MTEXT
  5
88F1
330
887A
100
AcDbEntity
  8
makro-numeracja-punktow
 62
     6
100
AcDbMText
 10
3086.484999999404
 20
2576.435000002384
 30
0.0
 40
1.0
 41
0.0
 46
0.0
 71
     7
 72
     5
  1
77
  7
GeodText
 73
     1
 44
0.8
1001
ACAD
1000
MTEXTBEGIN
1070
    73
1070
     1
1070
    44
1040
0.8
1070
    74
1070
     0
1000
MTEXTEND
  0
MTEXT
  5
88F2
330
887A
100
AcDbEntity
  8
makro-numeracja-punktow
 62
     6
100
AcDbMText
 10
3110.692999999039
 20
2568.457000002265
 30
0.0
 40
1.0
 41
0.0
 46
0.0
 71
     7
 72
     5
  1
78
  7
GeodText
 73
     1
 44
0.8
1001
ACAD
1000
MTEXTBEGIN
1070
    73
1070
     1
1070
    44
1040
0.8
1070
    74
1070
     0
1000
MTEXTEND
  0
MTEXT
  5
88F3
330
887A
100
AcDbEntity
  8
makro-numeracja-punktow
 62
     6
100
AcDbMText
 10
3135.382999999449
 20
2559.278000002727
 30
0.0
 40
1.0
 41
0.0
 46
0.0
 71
     7
 72
     5
  1
79
  7
GeodText
 73
     1
 44
0.8
1001
ACAD
1000
MTEXTBEGIN
1070
    73
1070
     1
1070
    44
1040
0.8
1070
    74
1070
     0
1000
MTEXTEND
  0
MTEXT
  5
88F4
330
887A
100
AcDbEntity
  8
makro-numeracja-punktow
 62
     6
100
AcDbMText
 10
3154.932999998331
 20
2552.387000002898
 30
0.0
 40
1.0
 41
0.0
 46
0.0
 71
     7
 72
     5
  1
80
  7
GeodText
 73
     1
 44
0.8
1001
ACAD
1000
MTEXTBEGIN
1070
    73
1070
     1
1070
    44
1040
0.8
1070
    74
1070
     0
1000
MTEXTEND
  0
MTEXT
  5
88F5
330
887A
100
AcDbEntity
  8
makro-numeracja-punktow
 62
     6
100
AcDbMText
 10
3165.183999999426
 20
2581.044000003487
 30
0.0
 40
1.0
 41
0.0
 46
0.0
 71
     7
 72
     5
  1
81
  7
GeodText
 73
     1
 44
0.8
1001
ACAD
1000
MTEXTBEGIN
1070
    73
1070
     1
1070
    44
1040
0.8
1070
    74
1070
     0
1000
MTEXTEND
  0
MTEXT
  5
88F6
330
887A
100
AcDbEntity
  8
makro-numeracja-punktow
 62
     6
100
AcDbMText
 10
3175.065999999643
 20
2608.514000003226
 30
0.0
 40
1.0
 41
0.0
 46
0.0
 71
     7
 72
     5
  1
82
  7
GeodText
 73
     1
 44
0.8
1001
ACAD
1000
MTEXTBEGIN
1070
    73
1070
     1
1070
    44
1040
0.8
1070
    74
1070
     0
1000
MTEXTEND
  0
MTEXT
  5
88F7
330
887A
100
AcDbEntity
  8
makro-numeracja-punktow
 62
     6
100
AcDbMText
 10
3173.135543630459
 20
2632.08890343085
 30
0.0
 40
1.0
 41
0.0
 46
0.0
 71
     7
 72
     5
  1
83
  7
GeodText
 73
     1
 44
0.8
1001
ACAD
1000
MTEXTBEGIN
1070
    73
1070
     1
1070
    44
1040
0.8
1070
    74
1070
     0
1000
MTEXTEND
  0
MTEXT
  5
88F8
330
887A
100
AcDbEntity
  8
makro-numeracja-punktow
 62
     6
100
AcDbMText
 10
3113.812999999151
 20
2480.937000003644
 30
0.0
 40
1.0
 41
0.0
 46
0.0
 71
     7
 72
     5
  1
84
  7
GeodText
 73
     1
 44
0.8
1001
ACAD
1000
MTEXTBEGIN
1070
    73
1070
     1
1070
    44
1040
0.8
1070
    74
1070
     0
1000
MTEXTEND
  0
MTEXT
  5
88F9
330
887A
100
AcDbEntity
  8
makro-numeracja-punktow
 62
     6
100
AcDbMText
 10
3118.433999999427
 20
2435.424000003375
 30
0.0
 40
1.0
 41
0.0
 46
0.0
 71
     7
 72
     5
  1
85
  7
GeodText
 73
     1
 44
0.8
1001
ACAD
1000
MTEXTBEGIN
1070
    73
1070
     1
1070
    44
1040
0.8
1070
    74
1070
     0
1000
MTEXTEND
  0
MTEXT
  5
88FA
330
887A
100
AcDbEntity
  8
makro-numeracja-punktow
 62
     6
100
AcDbMText
 10
3120.525999998674
 20
2400.592000003904
 30
0.0
 40
1.0
 41
0.0
 46
0.0
 71
     7
 72
     5
  1
86
  7
GeodText
 73
     1
 44
0.8
1001
ACAD
1000
MTEXTBEGIN
1070
    73
1070
     1
1070
    44
1040
0.8
1070
    74
1070
     0
1000
MTEXTEND
  0
MTEXT
  5
88FB
330
887A
100
AcDbEntity
  8
makro-numeracja-punktow
 62
     6
100
AcDbMText
 10
3122.362999998964
 20
2366.547000003047
 30
0.0
 40
1.0
 41
0.0
 46
0.0
 71
     7
 72
     5
  1
87
  7
GeodText
 73
     1
 44
0.8
1001
ACAD
1000
MTEXTBEGIN
1070
    73
1070
     1
1070
    44
1040
0.8
1070
    74
1070
     0
1000
MTEXTEND
  0
MTEXT
  5
88FC
330
887A
100
AcDbEntity
  8
makro-numeracja-punktow
 62
     6
100
AcDbMText
 10
3124.702999997885
 20
2328.907000002451
 30
0.0
 40
1.0
 41
0.0
 46
0.0
 71
     7
 72
     5
  1
88
  7
GeodText
 73
     1
 44
0.8
1001
ACAD
1000
MTEXTBEGIN
1070
    73
1070
     1
1070
    44
1040
0.8
1070
    74
1070
     0
1000
MTEXTEND
  0
MTEXT
  5
88FD
330
887A
100
AcDbEntity
  8
makro-numeracja-punktow
 62
     6
100
AcDbMText
 10
3126.238999998197
 20
2313.271000001579
 30
0.0
 40
1.0
 41
0.0
 46
0.0
 71
     7
 72
     5
  1
89
  7
GeodText
 73
     1
 44
0.8
1001
ACAD
1000
MTEXTBEGIN
1070
    73
1070
     1
1070
    44
1040
0.8
1070
    74
1070
     0
1000
MTEXTEND
  0
MTEXT
  5
88FE
330
887A
100
AcDbEntity
  8
makro-numeracja-punktow
 62
     6
100
AcDbMText
 10
3151.877999999561
 20
2303.468000002205
 30
0.0
 40
1.0
 41
0.0
 46
0.0
 71
     7
 72
     5
  1
90
  7
GeodText
 73
     1
 44
0.8
1001
ACAD
1000
MTEXTBEGIN
1070
    73
1070
     1
1070
    44
1040
0.8
1070
    74
1070
     0
1000
MTEXTEND
  0
MTEXT
  5
88FF
330
887A
100
AcDbEntity
  8
makro-numeracja-punktow
 62
     6
100
AcDbMText
 10
3177.3479999993
 20
2292.519000002183
 30
0.0
 40
1.0
 41
0.0
 46
0.0
 71
     7
 72
     5
  1
91
  7
GeodText
 73
     1
 44
0.8
1001
ACAD
1000
MTEXTBEGIN
1070
    73
1070
     1
1070
    44
1040
0.8
1070
    74
1070
     0
1000
MTEXTEND
  0
MTEXT
  5
8900
330
887A
100
AcDbEntity
  8
makro-numeracja-punktow
 62
     6
100
AcDbMText
 10
3221.302999999374
 20
2274.927000002936
 30
0.0
 40
1.0
 41
0.0
 46
0.0
 71
     7
 72
     5
  1
92
  7
GeodText
 73
     1
 44
0.8
1001
ACAD
1000
MTEXTBEGIN
1070
    73
1070
     1
1070
    44
1040
0.8
1070
    74
1070
     0
1000
MTEXTEND
  0
MTEXT
  5
8901
330
887A
100
AcDbEntity
  8
makro-numeracja-punktow
 62
     6
100
AcDbMText
 10
3256.5
 20
2259.33100000117
 30
0.0
 40
1.0
 41
0.0
 46
0.0
 71
     7
 72
     5
  1
93
  7
GeodText
 73
     1
 44
0.8
1001
ACAD
1000
MTEXTBEGIN
1070
    73
1070
     1
1070
    44
1040
0.8
1070
    74
1070
     0
1000
MTEXTEND
  0
MTEXT
  5
8902
330
887A
100
AcDbEntity
  8
makro-numeracja-punktow
 62
     6
100
AcDbMText
 10
3288.53299999889
 20
2245.097000002861
 30
0.0
 40
1.0
 41
0.0
 46
0.0
 71
     7
 72
     5
  1
94
  7
GeodText
 73
     1
 44
0.8
1001
ACAD
1000
MTEXTBEGIN
1070
    73
1070
     1
1070
    44
1040
0.8
1070
    74
1070
     0
1000
MTEXTEND
  0
MTEXT
  5
8903
330
887A
100
AcDbEntity
  8
makro-numeracja-punktow
 62
     6
100
AcDbMText
 10
3321.802999999374
 20
2230.207000001334
 30
0.0
 40
1.0
 41
0.0
 46
0.0
 71
     7
 72
     5
  1
95
  7
GeodText
 73
     1
 44
0.8
1001
ACAD
1000
MTEXTBEGIN
1070
    73
1070
     1
1070
    44
1040
0.8
1070
    74
1070
     0
1000
MTEXTEND
  0
MTEXT
  5
8904
330
887A
100
AcDbEntity
  8
makro-numeracja-punktow
 62
     6
100
AcDbMText
 10
3085.002999999561
 20
2489.797000003979
 30
0.0
 40
1.0
 41
0.0
 46
0.0
 71
     7
 72
     5
  1
96
  7
GeodText
 73
     1
 44
0.8
1001
ACAD
1000
MTEXTBEGIN
1070
    73
1070
     1
1070
    44
1040
0.8
1070
    74
1070
     0
1000
MTEXTEND
  0
MTEXT
  5
8905
330
887A
100
AcDbEntity
  8
makro-numeracja-punktow
 62
     6
100
AcDbMText
 10
3061.282999997958
 20
2498.267000002787
 30
0.0
 40
1.0
 41
0.0
 46
0.0
 71
     7
 72
     5
  1
97
  7
GeodText
 73
     1
 44
0.8
1001
ACAD
1000
MTEXTBEGIN
1070
    73
1070
     1
1070
    44
1040
0.8
1070
    74
1070
     0
1000
MTEXTEND
  0
MTEXT
  5
8906
330
887A
100
AcDbEntity
  8
makro-numeracja-punktow
 62
     6
100
AcDbMText
 10
3025.362999998033
 20
2511.247000002303
 30
0.0
 40
1.0
 41
0.0
 46
0.0
 71
     7
 72
     5
  1
98
  7
GeodText
 73
     1
 44
0.8
1001
ACAD
1000
MTEXTBEGIN
1070
    73
1070
     1
1070
    44
1040
0.8
1070
    74
1070
     0
1000
MTEXTEND
  0
MTEXT
  5
8907
330
887A
100
AcDbEntity
  8
makro-numeracja-punktow
 62
     6
100
AcDbMText
 10
2987.123000000604
 20
2525.047000003979
 30
0.0
 40
1.0
 41
0.0
 46
0.0
 71
     7
 72
     5
  1
99
  7
GeodText
 73
     1
 44
0.8
1001
ACAD
1000
MTEXTBEGIN
1070
    73
1070
     1
1070
    44
1040
0.8
1070
    74
1070
     0
1000
MTEXTEND
  0
MTEXT
  5
8908
330
887A
100
AcDbEntity
  8
makro-numeracja-punktow
 62
     6
100
AcDbMText
 10
2943.833000000566
 20
2540.72700000275
 30
0.0
 40
1.0
 41
0.0
 46
0.0
 71
     7
 72
     5
  1
100
  7
GeodText
 73
     1
 44
0.8
1001
ACAD
1000
MTEXTBEGIN
1070
    73
1070
     1
1070
    44
1040
0.8
1070
    74
1070
     0
1000
MTEXTEND
  0
MTEXT
  5
8909
330
887A
100
AcDbEntity
  8
makro-numeracja-punktow
 62
     6
100
AcDbMText
 10
2901.517999999225
 20
2556.10500000231
 30
0.0
 40
1.0
 41
0.0
 46
0.0
 71
     7
 72
     5
  1
101
  7
GeodText
 73
     1
 44
0.8
1001
ACAD
1000
MTEXTBEGIN
1070
    73
1070
     1
1070
    44
1040
0.8
1070
    74
1070
     0
1000
MTEXTEND
  0
MTEXT
  5
890A
330
887A
100
AcDbEntity
  8
makro-numeracja-punktow
 62
     6
100
AcDbMText
 10
3142.322999998927
 20
2469.597000003793
 30
0.0
 40
1.0
 41
0.0
 46
0.0
 71
     7
 72
     5
  1
102
  7
GeodText
 73
     1
 44
0.8
1001
ACAD
1000
MTEXTBEGIN
1070
    73
1070
     1
1070
    44
1040
0.8
1070
    74
1070
     0
1000
MTEXTEND
  0
MTEXT
  5
890B
330
887A
100
AcDbEntity
  8
makro-numeracja-punktow
 62
     6
100
AcDbMText
 10
3176.482999999076
 20
2458.177000002935
 30
0.0
 40
1.0
 41
0.0
 46
0.0
 71
     7
 72
     5
  1
103
  7
GeodText
 73
     1
 44
0.8
1001
ACAD
1000
MTEXTBEGIN
1070
    73
1070
     1
1070
    44
1040
0.8
1070
    74
1070
     0
1000
MTEXTEND
  0
MTEXT
  5
890C
330
887A
100
AcDbEntity
  8
makro-numeracja-punktow
 62
     6
100
AcDbMText
 10
3210.702999998816
 20
2446.477000001818
 30
0.0
 40
1.0
 41
0.0
 46
0.0
 71
     7
 72
     5
  1
104
  7
GeodText
 73
     1
 44
0.8
1001
ACAD
1000
MTEXTBEGIN
1070
    73
1070
     1
1070
    44
1040
0.8
1070
    74
1070
     0
1000
MTEXTEND
  0
MTEXT
  5
890D
330
887A
100
AcDbEntity
  8
makro-numeracja-punktow
 62
     6
100
AcDbMText
 10
3244.492999998853
 20
2435.017000003718
 30
0.0
 40
1.0
 41
0.0
 46
0.0
 71
     7
 72
     5
  1
105
  7
GeodText
 73
     1
 44
0.8
1001
ACAD
1000
MTEXTBEGIN
1070
    73
1070
     1
1070
    44
1040
0.8
1070
    74
1070
     0
1000
MTEXTEND
  0
MTEXT
  5
890E
330
887A
100
AcDbEntity
  8
makro-numeracja-punktow
 62
     6
100
AcDbMText
 10
3278.052999999374
 20
2425.057000003755
 30
0.0
 40
1.0
 41
0.0
 46
0.0
 71
     7
 72
     5
  1
106
  7
GeodText
 73
     1
 44
0.8
1001
ACAD
1000
MTEXTBEGIN
1070
    73
1070
     1
1070
    44
1040
0.8
1070
    74
1070
     0
1000
MTEXTEND
  0
MTEXT
  5
890F
330
887A
100
AcDbEntity
  8
makro-numeracja-punktow
 62
     6
100
AcDbMText
 10
3309.256999999285
 20
2414.135000002571
 30
0.0
 40
1.0
 41
0.0
 46
0.0
 71
     7
 72
     5
  1
107
  7
GeodText
 73
     1
 44
0.8
1001
ACAD
1000
MTEXTBEGIN
1070
    73
1070
     1
1070
    44
1040
0.8
1070
    74
1070
     0
1000
MTEXTEND
  0
MTEXT
  5
8910
330
887A
100
AcDbEntity
  8
makro-numeracja-punktow
 62
     6
100
AcDbMText
 10
3340.013000000269
 20
2412.90700000152
 30
0.0
 40
1.0
 41
0.0
 46
0.0
 71
     7
 72
     5
  1
108
  7
GeodText
 73
     1
 44
0.8
1001
ACAD
1000
MTEXTBEGIN
1070
    73
1070
     1
1070
    44
1040
0.8
1070
    74
1070
     0
1000
MTEXTEND
  0
MTEXT
  5
8911
330
887A
100
AcDbEntity
  8
makro-numeracja-punktow
 62
     6
100
AcDbMText
 10
3371.348000000232
 20
2412.079000002705
 30
0.0
 40
1.0
 41
0.0
 46
0.0
 71
     7
 72
     5
  1
109
  7
GeodText
 73
     1
 44
0.8
1001
ACAD
1000
MTEXTBEGIN
1070
    73
1070
     1
1070
    44
1040
0.8
1070
    74
1070
     0
1000
MTEXTEND
  0
MTEXT
  5
8912
330
887A
100
AcDbEntity
  8
makro-numeracja-punktow
 62
     6
100
AcDbMText
 10
3411.223000000231
 20
2426.707000002265
 30
0.0
 40
1.0
 41
0.0
 46
0.0
 71
     7
 72
     5
  1
110
  7
GeodText
 73
     1
 44
0.8
1001
ACAD
1000
MTEXTBEGIN
1070
    73
1070
     1
1070
    44
1040
0.8
1070
    74
1070
     0
1000
MTEXTEND
  0
MTEXT
  5
8913
330
887A
100
AcDbEntity
  8
makro-numeracja-punktow
 62
     6
100
AcDbMText
 10
3443.96199999936
 20
2442.724000002258
 30
0.0
 40
1.0
 41
0.0
 46
0.0
 71
     7
 72
     5
  1
111
  7
GeodText
 73
     1
 44
0.8
1001
ACAD
1000
MTEXTBEGIN
1070
    73
1070
     1
1070
    44
1040
0.8
1070
    74
1070
     0
1000
MTEXTEND
  0
MTEXT
  5
8914
330
887A
100
AcDbEntity
  8
makro-numeracja-punktow
 62
     6
100
AcDbMText
 10
3431.022999998182
 20
2471.865000001155
 30
0.0
 40
1.0
 41
0.0
 46
0.0
 71
     7
 72
     5
  1
112
  7
GeodText
 73
     1
 44
0.8
1001
ACAD
1000
MTEXTBEGIN
1070
    73
1070
     1
1070
    44
1040
0.8
1070
    74
1070
     0
1000
MTEXTEND
  0
MTEXT
  5
8915
330
887A
100
AcDbEntity
  8
makro-numeracja-punktow
 62
     6
100
AcDbMText
 10
3411.683999999426
 20
2515.713000002318
 30
0.0
 40
1.0
 41
0.0
 46
0.0
 71
     7
 72
     5
  1
113
  7
GeodText
 73
     1
 44
0.8
1001
ACAD
1000
MTEXTBEGIN
1070
    73
1070
     1
1070
    44
1040
0.8
1070
    74
1070
     0
1000
MTEXTEND
  0
MTEXT
  5
8916
330
887A
100
AcDbEntity
  8
makro-numeracja-punktow
 62
     6
100
AcDbMText
 10
3396.002999999561
 20
2551.317000002601
 30
0.0
 40
1.0
 41
0.0
 46
0.0
 71
     7
 72
     5
  1
114
  7
GeodText
 73
     1
 44
0.8
1001
ACAD
1000
MTEXTBEGIN
1070
    73
1070
     1
1070
    44
1040
0.8
1070
    74
1070
     0
1000
MTEXTEND
  0
MTEXT
  5
8917
330
887A
100
AcDbEntity
  8
makro-numeracja-punktow
 62
     6
100
AcDbMText
 10
3389.160999998451
 20
2571.102000001818
 30
0.0
 40
1.0
 41
0.0
 46
0.0
 71
     7
 72
     5
  1
115
  7
GeodText
 73
     1
 44
0.8
1001
ACAD
1000
MTEXTBEGIN
1070
    73
1070
     1
1070
    44
1040
0.8
1070
    74
1070
     0
1000
MTEXTEND
  0
MTEXT
  5
8918
330
887A
100
AcDbEntity
  8
makro-numeracja-punktow
 62
     6
100
AcDbMText
 10
3333.584999999032
 20
2575.033000001684
 30
0.0
 40
1.0
 41
0.0
 46
0.0
 71
     7
 72
     5
  1
116
  7
GeodText
 73
     1
 44
0.8
1001
ACAD
1000
MTEXTBEGIN
1070
    73
1070
     1
1070
    44
1040
0.8
1070
    74
1070
     0
1000
MTEXTEND
  0
MTEXT
  5
8919
330
887A
100
AcDbEntity
  8
makro-numeracja-punktow
 62
     6
100
AcDbMText
 10
3347.887999999337
 20
2608.848000003025
 30
0.0
 40
1.0
 41
0.0
 46
0.0
 71
     7
 72
     5
  1
117
  7
GeodText
 73
     1
 44
0.8
1001
ACAD
1000
MTEXTBEGIN
1070
    73
1070
     1
1070
    44
1040
0.8
1070
    74
1070
     0
1000
MTEXTEND
  0
MTEXT
  5
891A
330
887A
100
AcDbEntity
  8
makro-numeracja-punktow
 62
     6
100
AcDbMText
 10
3362.049999999814
 20
2646.356000002473
 30
0.0
 40
1.0
 41
0.0
 46
0.0
 71
     7
 72
     5
  1
118
  7
GeodText
 73
     1
 44
0.8
1001
ACAD
1000
MTEXTBEGIN
1070
    73
1070
     1
1070
    44
1040
0.8
1070
    74
1070
     0
1000
MTEXTEND
  0
MTEXT
  5
891B
330
887A
100
AcDbEntity
  8
makro-numeracja-punktow
 62
     6
100
AcDbMText
 10
3321.549000000582
 20
2542.922000003047
 30
0.0
 40
1.0
 41
0.0
 46
0.0
 71
     7
 72
     5
  1
119
  7
GeodText
 73
     1
 44
0.8
1001
ACAD
1000
MTEXTBEGIN
1070
    73
1070
     1
1070
    44
1040
0.8
1070
    74
1070
     0
1000
MTEXTEND
  0
MTEXT
  5
891C
330
887A
100
AcDbEntity
  8
makro-numeracja-punktow
 62
     6
100
AcDbMText
 10
3309.032999997959
 20
2509.337000001222
 30
0.0
 40
1.0
 41
0.0
 46
0.0
 71
     7
 72
     5
  1
120
  7
GeodText
 73
     1
 44
0.8
1001
ACAD
1000
MTEXTBEGIN
1070
    73
1070
     1
1070
    44
1040
0.8
1070
    74
1070
     0
1000
MTEXTEND
  0
MTEXT
  5
891D
330
887A
100
AcDbEntity
  8
makro-numeracja-punktow
 62
     6
100
AcDbMText
 10
3294.16300000064
 20
2470.097000003792
 30
0.0
 40
1.0
 41
0.0
 46
0.0
 71
     7
 72
     5
  1
121
  7
GeodText
 73
     1
 44
0.8
1001
ACAD
1000
MTEXTBEGIN
1070
    73
1070
     1
1070
    44
1040
0.8
1070
    74
1070
     0
1000
MTEXTEND
  0
MTEXT
  5
891E
330
887A
100
AcDbEntity
  8
makro-numeracja-punktow
 62
     6
100
AcDbMText
 10
3279.508999999613
 20
2432.106000003405
 30
0.0
 40
1.0
 41
0.0
 46
0.0
 71
     7
 72
     5
  1
122
  7
GeodText
 73
     1
 44
0.8
1001
ACAD
1000
MTEXTBEGIN
1070
    73
1070
     1
1070
    44
1040
0.8
1070
    74
1070
     0
1000
MTEXTEND
  0
MTEXT
  5
891F
330
887A
100
AcDbEntity
  8
makro-numeracja-punktow
 62
     6
100
AcDbMText
 10
3476.191999997944
 20
2334.008000002242
 30
0.0
 40
1.0
 41
0.0
 46
0.0
 71
     7
 72
     5
  1
123
  7
GeodText
 73
     1
 44
0.8
1001
ACAD
1000
MTEXTBEGIN
1070
    73
1070
     1
1070
    44
1040
0.8
1070
    74
1070
     0
1000
MTEXTEND
  0
MTEXT
  5
8920
330
887A
100
AcDbEntity
  8
makro-numeracja-punktow
 62
     6
100
AcDbMText
 10
3519.457999999635
 20
2314.093000002205
 30
0.0
 40
1.0
 41
0.0
 46
0.0
 71
     7
 72
     5
  1
124
  7
GeodText
 73
     1
 44
0.8
1001
ACAD
1000
MTEXTBEGIN
1070
    73
1070
     1
1070
    44
1040
0.8
1070
    74
1070
     0
1000
MTEXTEND
  0
MTEXT
  5
8921
330
887A
100
AcDbEntity
  8
makro-numeracja-punktow
 62
     6
100
AcDbMText
 10
3519.207999999635
 20
2279.265000001528
 30
0.0
 40
1.0
 41
0.0
 46
0.0
 71
     7
 72
     5
  1
125
  7
GeodText
 73
     1
 44
0.8
1001
ACAD
1000
MTEXTBEGIN
1070
    73
1070
     1
1070
    44
1040
0.8
1070
    74
1070
     0
1000
MTEXTEND
  0
MTEXT
  5
8922
330
887A
100
AcDbEntity
  8
makro-numeracja-punktow
 62
     6
100
AcDbMText
 10
3515.115999999456
 20
2233.042000001296
 30
0.0
 40
1.0
 41
0.0
 46
0.0
 71
     7
 72
     5
  1
126
  7
GeodText
 73
     1
 44
0.8
1001
ACAD
1000
MTEXTBEGIN
1070
    73
1070
     1
1070
    44
1040
0.8
1070
    74
1070
     0
1000
MTEXTEND
  0
MTEXT
  5
8923
330
887A
100
AcDbEntity
  8
makro-numeracja-punktow
 62
     6
100
AcDbMText
 10
3477.552999999375
 20
2160.387000002899
 30
0.0
 40
1.0
 41
0.0
 46
0.0
 71
     7
 72
     5
  1
127
  7
GeodText
 73
     1
 44
0.8
1001
ACAD
1000
MTEXTBEGIN
1070
    73
1070
     1
1070
    44
1040
0.8
1070
    74
1070
     0
1000
MTEXTEND
  0
MTEXT
  5
8924
330
887A
100
AcDbEntity
  8
makro-numeracja-punktow
 62
     6
100
AcDbMText
 10
3449.710999998264
 20
2172.729000004009
 30
0.0
 40
1.0
 41
0.0
 46
0.0
 71
     7
 72
     5
  1
128
  7
GeodText
 73
     1
 44
0.8
1001
ACAD
1000
MTEXTBEGIN
1070
    73
1070
     1
1070
    44
1040
0.8
1070
    74
1070
     0
1000
MTEXTEND
  0
MTEXT
  5
8925
330
887A
100
AcDbEntity
  8
makro-numeracja-punktow
 62
     6
100
AcDbMText
 10
3423.140000000596
 20
2184.893000002951
 30
0.0
 40
1.0
 41
0.0
 46
0.0
 71
     7
 72
     5
  1
129
  7
GeodText
 73
     1
 44
0.8
1001
ACAD
1000
MTEXTBEGIN
1070
    73
1070
     1
1070
    44
1040
0.8
1070
    74
1070
     0
1000
MTEXTEND
  0
MTEXT
  5
8926
330
887A
100
AcDbEntity
  8
makro-numeracja-punktow
 62
     6
100
AcDbMText
 10
3386.450586983003
 20
2201.172818112187
 30
0.0
 40
1.0
 41
0.0
 46
0.0
 71
     7
 72
     5
  1
130
  7
GeodText
 73
     1
 44
0.8
1001
ACAD
1000
MTEXTBEGIN
1070
    73
1070
     1
1070
    44
1040
0.8
1070
    74
1070
     0
1000
MTEXTEND
  0
MTEXT
  5
8927
330
887A
100
AcDbEntity
  8
makro-numeracja-punktow
 62
     6
100
AcDbMText
 10
3384.488999999128
 20
2217.251000002027
 30
0.0
 40
1.0
 41
0.0
 46
0.0
 71
     7
 72
     5
  1
131
  7
GeodText
 73
     1
 44
0.8
1001
ACAD
1000
MTEXTBEGIN
1070
    73
1070
     1
1070
    44
1040
0.8
1070
    74
1070
     0
1000
MTEXTEND
  0
MTEXT
  5
8928
330
887A
100
AcDbEntity
  8
makro-numeracja-punktow
 62
     6
100
AcDbMText
 10
2851.913000000641
 20
2131.277000002563
 30
0.0
 40
1.0
 41
0.0
 46
0.0
 71
     7
 72
     5
  1
132
  7
GeodText
 73
     1
 44
0.8
1001
ACAD
1000
MTEXTBEGIN
1070
    73
1070
     1
1070
    44
1040
0.8
1070
    74
1070
     0
1000
MTEXTEND
  0
MTEXT
  5
8929
330
887A
100
AcDbEntity
  8
makro-numeracja-punktow
 62
     6
100
AcDbMText
 10
2831.217999999412
 20
2140.042000002228
 30
0.0
 40
1.0
 41
0.0
 46
0.0
 71
     7
 72
     5
  1
133
  7
GeodText
 73
     1
 44
0.8
1001
ACAD
1000
MTEXTBEGIN
1070
    73
1070
     1
1070
    44
1040
0.8
1070
    74
1070
     0
1000
MTEXTEND
  0
MTEXT
  5
892A
330
887A
100
AcDbEntity
  8
makro-numeracja-punktow
 62
     6
100
AcDbMText
 10
2808.201999999583
 20
2149.437000002712
 30
0.0
 40
1.0
 41
0.0
 46
0.0
 71
     7
 72
     5
  1
134
  7
GeodText
 73
     1
 44
0.8
1001
ACAD
1000
MTEXTBEGIN
1070
    73
1070
     1
1070
    44
1040
0.8
1070
    74
1070
     0
1000
MTEXTEND
  0
MTEXT
  5
892B
330
887A
100
AcDbEntity
  8
makro-numeracja-punktow
 62
     6
100
AcDbMText
 10
2784.397999999113
 20
2159.682000002824
 30
0.0
 40
1.0
 41
0.0
 46
0.0
 71
     7
 72
     5
  1
135
  7
GeodText
 73
     1
 44
0.8
1001
ACAD
1000
MTEXTBEGIN
1070
    73
1070
     1
1070
    44
1040
0.8
1070
    74
1070
     0
1000
MTEXTEND
  0
MTEXT
  5
892C
330
887A
100
AcDbEntity
  8
makro-numeracja-punktow
 62
     6
100
AcDbMText
 10
2758.689999999479
 20
2170.416000002064
 30
0.0
 40
1.0
 41
0.0
 46
0.0
 71
     7
 72
     5
  1
136
  7
GeodText
 73
     1
 44
0.8
1001
ACAD
1000
MTEXTBEGIN
1070
    73
1070
     1
1070
    44
1040
0.8
1070
    74
1070
     0
1000
MTEXTEND
  0
MTEXT
  5
892D
330
887A
100
AcDbEntity
  8
makro-numeracja-punktow
 62
     6
100
AcDbMText
 10
2737.321999997832
 20
2179.789000001736
 30
0.0
 40
1.0
 41
0.0
 46
0.0
 71
     7
 72
     5
  1
137
  7
GeodText
 73
     1
 44
0.8
1001
ACAD
1000
MTEXTBEGIN
1070
    73
1070
     1
1070
    44
1040
0.8
1070
    74
1070
     0
1000
MTEXTEND
  0
MTEXT
  5
892E
330
887A
100
AcDbEntity
  8
makro-numeracja-punktow
 62
     6
100
AcDbMText
 10
2715.105000000447
 20
2189.047000003979
 30
0.0
 40
1.0
 41
0.0
 46
0.0
 71
     7
 72
     5
  1
138
  7
GeodText
 73
     1
 44
0.8
1001
ACAD
1000
MTEXTBEGIN
1070
    73
1070
     1
1070
    44
1040
0.8
1070
    74
1070
     0
1000
MTEXTEND
  0
MTEXT
  5
892F
330
887A
100
AcDbEntity
  8
makro-numeracja-punktow
 62
     6
100
AcDbMText
 10
2684.547999999486
 20
2202.210000001826
 30
0.0
 40
1.0
 41
0.0
 46
0.0
 71
     7
 72
     5
  1
139
  7
GeodText
 73
     1
 44
0.8
1001
ACAD
1000
MTEXTBEGIN
1070
    73
1070
     1
1070
    44
1040
0.8
1070
    74
1070
     0
1000
MTEXTEND
  0
MTEXT
  5
8930
330
887A
100
AcDbEntity
  8
makro-numeracja-punktow
 62
     6
100
AcDbMText
 10
2654.405999998562
 20
2220.23800000269
 30
0.0
 40
1.0
 41
0.0
 46
0.0
 71
     7
 72
     5
  1
140
  7
GeodText
 73
     1
 44
0.8
1001
ACAD
1000
MTEXTBEGIN
1070
    73
1070
     1
1070
    44
1040
0.8
1070
    74
1070
     0
1000
MTEXTEND
  0
MTEXT
  5
8931
330
887A
100
AcDbEntity
  8
makro-numeracja-punktow
 62
     6
100
AcDbMText
 10
2979.242738586851
 20
2647.077699177899
 30
0.0
 40
1.0
 41
0.0
 46
0.0
 71
     7
 72
     5
  1
141
  7
GeodText
 73
     1
 44
0.8
1001
ACAD
1000
MTEXTBEGIN
1070
    73
1070
     1
1070
    44
1040
0.8
1070
    74
1070
     0
1000
MTEXTEND
  0
MTEXT
  5
8932
330
887A
100
AcDbEntity
  8
makro-numeracja-punktow
 62
     6
100
AcDbMText
 10
2985.594156185165
 20
2666.936985152774
 30
0.0
 40
1.0
 41
0.0
 46
0.0
 71
     7
 72
     5
  1
142
  7
GeodText
 73
     1
 44
0.8
1001
ACAD
1000
MTEXTBEGIN
1070
    73
1070
     1
1070
    44
1040
0.8
1070
    74
1070
     0
1000
MTEXTEND
  0
MTEXT
  5
8933
330
887A
100
AcDbEntity
  8
makro-numeracja-punktow
 62
     6
100
AcDbMText
 10
3001.784027703107
 20
2712.026959363371
 30
0.0
 40
1.0
 41
0.0
 46
0.0
 71
     7
 72
     5
  1
143
  7
GeodText
 73
     1
 44
0.8
1001
ACAD
1000
MTEXTBEGIN
1070
    73
1070
     1
1070
    44
1040
0.8
1070
    74
1070
     0
1000
MTEXTEND
  0
MTEXT
  5
8934
330
887A
100
AcDbEntity
  8
makro-numeracja-punktow
 62
     6
100
AcDbMText
 10
2890.628999999725
 20
2824.801000003703
 30
0.0
 40
1.0
 41
0.0
 46
0.0
 71
     7
 72
     5
  1
144
  7
GeodText
 73
     1
 44
0.8
1001
ACAD
1000
MTEXTBEGIN
1070
    73
1070
     1
1070
    44
1040
0.8
1070
    74
1070
     0
1000
MTEXTEND
  0
MTEXT
  5
8935
330
887A
100
AcDbEntity
  8
makro-numeracja-punktow
 62
     6
100
AcDbMText
 10
2895.978999999352
 20
2841.097000003792
 30
0.0
 40
1.0
 41
0.0
 46
0.0
 71
     7
 72
     5
  1
145
  7
GeodText
 73
     1
 44
0.8
1001
ACAD
1000
MTEXTBEGIN
1070
    73
1070
     1
1070
    44
1040
0.8
1070
    74
1070
     0
1000
MTEXTEND
  0
MTEXT
  5
8936
330
887A
100
AcDbEntity
  8
makro-numeracja-punktow
 62
     6
100
AcDbMText
 10
2906.431999999099
 20
2868.361000002362
 30
0.0
 40
1.0
 41
0.0
 46
0.0
 71
     7
 72
     5
  1
146
  7
GeodText
 73
     1
 44
0.8
1001
ACAD
1000
MTEXTBEGIN
1070
    73
1070
     1
1070
    44
1040
0.8
1070
    74
1070
     0
1000
MTEXTEND
  0
MTEXT
  5
8937
330
887A
100
AcDbEntity
  8
makro-numeracja-punktow
 62
     6
100
AcDbMText
 10
2919.195000000298
 20
2901.304000003264
 30
0.0
 40
1.0
 41
0.0
 46
0.0
 71
     7
 72
     5
  1
147
  7
GeodText
 73
     1
 44
0.8
1001
ACAD
1000
MTEXTBEGIN
1070
    73
1070
     1
1070
    44
1040
0.8
1070
    74
1070
     0
1000
MTEXTEND
  0
MTEXT
  5
8938
330
887A
100
AcDbEntity
  8
makro-numeracja-punktow
 62
     6
100
AcDbMText
 10
2931.640999998898
 20
2933.10200000275
 30
0.0
 40
1.0
 41
0.0
 46
0.0
 71
     7
 72
     5
  1
148
  7
GeodText
 73
     1
 44
0.8
1001
ACAD
1000
MTEXTBEGIN
1070
    73
1070
     1
1070
    44
1040
0.8
1070
    74
1070
     0
1000
MTEXTEND
  0
MTEXT
  5
8939
330
887A
100
AcDbEntity
  8
makro-numeracja-punktow
 62
     6
100
AcDbMText
 10
2905.402999999002
 20
2906.590000001714
 30
0.0
 40
1.0
 41
0.0
 46
0.0
 71
     7
 72
     5
  1
149
  7
GeodText
 73
     1
 44
0.8
1001
ACAD
1000
MTEXTBEGIN
1070
    73
1070
     1
1070
    44
1040
0.8
1070
    74
1070
     0
1000
MTEXTEND
  0
MTEXT
  5
893A
330
887A
100
AcDbEntity
  8
makro-numeracja-punktow
 62
     6
100
AcDbMText
 10
2881.196999997832
 20
2916.141000002623
 30
0.0
 40
1.0
 41
0.0
 46
0.0
 71
     7
 72
     5
  1
150
  7
GeodText
 73
     1
 44
0.8
1001
ACAD
1000
MTEXTBEGIN
1070
    73
1070
     1
1070
    44
1040
0.8
1070
    74
1070
     0
1000
MTEXTEND
  0
MTEXT
  5
893B
330
887A
100
AcDbEntity
  8
makro-numeracja-punktow
 62
     6
100
AcDbMText
 10
2856.735999999568
 20
2925.819000002928
 30
0.0
 40
1.0
 41
0.0
 46
0.0
 71
     7
 72
     5
  1
151
  7
GeodText
 73
     1
 44
0.8
1001
ACAD
1000
MTEXTBEGIN
1070
    73
1070
     1
1070
    44
1040
0.8
1070
    74
1070
     0
1000
MTEXTEND
  0
MTEXT
  5
893C
330
887A
100
AcDbEntity
  8
makro-numeracja-punktow
 62
     6
100
AcDbMText
 10
2995.105999997817
 20
2940.730000001379
 30
0.0
 40
1.0
 41
0.0
 46
0.0
 71
     7
 72
     5
  1
152
  7
GeodText
 73
     1
 44
0.8
1001
ACAD
1000
MTEXTBEGIN
1070
    73
1070
     1
1070
    44
1040
0.8
1070
    74
1070
     0
1000
MTEXTEND
  0
MTEXT
  5
893D
330
887A
100
AcDbEntity
  8
makro-numeracja-punktow
 62
     6
100
AcDbMText
 10
2981.702999997884
 20
2898.386000001803
 30
0.0
 40
1.0
 41
0.0
 46
0.0
 71
     7
 72
     5
  1
153
  7
GeodText
 73
     1
 44
0.8
1001
ACAD
1000
MTEXTBEGIN
1070
    73
1070
     1
1070
    44
1040
0.8
1070
    74
1070
     0
1000
MTEXTEND
  0
MTEXT
  5
893E
330
887A
100
AcDbEntity
  8
makro-numeracja-punktow
 62
     6
100
AcDbMText
 10
2986.917999999598
 20
2894.529000003823
 30
0.0
 40
1.0
 41
0.0
 46
0.0
 71
     7
 72
     5
  1
154
  7
GeodText
 73
     1
 44
0.8
1001
ACAD
1000
MTEXTBEGIN
1070
    73
1070
     1
1070
    44
1040
0.8
1070
    74
1070
     0
1000
MTEXTEND
  0
MTEXT
  5
893F
330
887A
100
AcDbEntity
  8
makro-numeracja-punktow
 62
     6
100
AcDbMText
 10
3009.383999999613
 20
2887.495000001975
 30
0.0
 40
1.0
 41
0.0
 46
0.0
 71
     7
 72
     5
  1
155
  7
GeodText
 73
     1
 44
0.8
1001
ACAD
1000
MTEXTBEGIN
1070
    73
1070
     1
1070
    44
1040
0.8
1070
    74
1070
     0
1000
MTEXTEND
  0
MTEXT
  5
8940
330
887A
100
AcDbEntity
  8
makro-numeracja-punktow
 62
     6
100
AcDbMText
 10
3040.03599999845
 20
2878.014000002295
 30
0.0
 40
1.0
 41
0.0
 46
0.0
 71
     7
 72
     5
  1
156
  7
GeodText
 73
     1
 44
0.8
1001
ACAD
1000
MTEXTBEGIN
1070
    73
1070
     1
1070
    44
1040
0.8
1070
    74
1070
     0
1000
MTEXTEND
  0
MTEXT
  5
8941
330
887A
100
AcDbEntity
  8
makro-numeracja-punktow
 62
     6
100
AcDbMText
 10
3067.729000000283
 20
2869.695000001229
 30
0.0
 40
1.0
 41
0.0
 46
0.0
 71
     7
 72
     5
  1
157
  7
GeodText
 73
     1
 44
0.8
1001
ACAD
1000
MTEXTBEGIN
1070
    73
1070
     1
1070
    44
1040
0.8
1070
    74
1070
     0
1000
MTEXTEND
  0
MTEXT
  5
8942
330
887A
100
AcDbEntity
  8
makro-numeracja-punktow
 62
     6
100
AcDbMText
 10
3091.220000000671
 20
2864.288000002503
 30
0.0
 40
1.0
 41
0.0
 46
0.0
 71
     7
 72
     5
  1
158
  7
GeodText
 73
     1
 44
0.8
1001
ACAD
1000
MTEXTBEGIN
1070
    73
1070
     1
1070
    44
1040
0.8
1070
    74
1070
     0
1000
MTEXTEND
  0
MTEXT
  5
8943
330
887A
100
AcDbEntity
  8
makro-numeracja-punktow
 62
     6
100
AcDbMText
 10
3115.765999998898
 20
2859.154000002891
 30
0.0
 40
1.0
 41
0.0
 46
0.0
 71
     7
 72
     5
  1
159
  7
GeodText
 73
     1
 44
0.8
1001
ACAD
1000
MTEXTBEGIN
1070
    73
1070
     1
1070
    44
1040
0.8
1070
    74
1070
     0
1000
MTEXTEND
  0
MTEXT
  5
8944
330
887A
100
AcDbEntity
  8
makro-numeracja-punktow
 62
     6
100
AcDbMText
 10
3122.192999999039
 20
2878.197000002489
 30
0.0
 40
1.0
 41
0.0
 46
0.0
 71
     7
 72
     5
  1
160
  7
GeodText
 73
     1
 44
0.8
1001
ACAD
1000
MTEXTBEGIN
1070
    73
1070
     1
1070
    44
1040
0.8
1070
    74
1070
     0
1000
MTEXTEND
  0
MTEXT
  5
8945
330
887A
100
AcDbEntity
  8
makro-numeracja-punktow
 62
     6
100
AcDbMText
 10
3018.001999999397
 20
3014.10500000231
 30
0.0
 40
1.0
 41
0.0
 46
0.0
 71
     7
 72
     5
  1
161
  7
GeodText
 73
     1
 44
0.8
1001
ACAD
1000
MTEXTBEGIN
1070
    73
1070
     1
1070
    44
1040
0.8
1070
    74
1070
     0
1000
MTEXTEND
  0
MTEXT
  5
8946
330
887A
100
AcDbEntity
  8
makro-numeracja-punktow
 62
     6
100
AcDbMText
 10
2999.014999999665
 20
3021.889000002295
 30
0.0
 40
1.0
 41
0.0
 46
0.0
 71
     7
 72
     5
  1
162
  7
GeodText
 73
     1
 44
0.8
1001
ACAD
1000
MTEXTBEGIN
1070
    73
1070
     1
1070
    44
1040
0.8
1070
    74
1070
     0
1000
MTEXTEND
  0
MTEXT
  5
8947
330
887A
100
AcDbEntity
  8
makro-numeracja-punktow
 62
     6
100
AcDbMText
 10
2965.519999999553
 20
3035.318000002764
 30
0.0
 40
1.0
 41
0.0
 46
0.0
 71
     7
 72
     5
  1
163
  7
GeodText
 73
     1
 44
0.8
1001
ACAD
1000
MTEXTBEGIN
1070
    73
1070
     1
1070
    44
1040
0.8
1070
    74
1070
     0
1000
MTEXTEND
  0
MTEXT
  5
8948
330
887A
100
AcDbEntity
  8
makro-numeracja-punktow
 62
     6
100
AcDbMText
 10
2934.224000000395
 20
3049.005000001751
 30
0.0
 40
1.0
 41
0.0
 46
0.0
 71
     7
 72
     5
  1
164
  7
GeodText
 73
     1
 44
0.8
1001
ACAD
1000
MTEXTBEGIN
1070
    73
1070
     1
1070
    44
1040
0.8
1070
    74
1070
     0
1000
MTEXTEND
  0
MTEXT
  5
8949
330
887A
100
AcDbEntity
  8
makro-numeracja-punktow
 62
     6
100
AcDbMText
 10
2897.737999999896
 20
3064.107000002638
 30
0.0
 40
1.0
 41
0.0
 46
0.0
 71
     7
 72
     5
  1
165
  7
GeodText
 73
     1
 44
0.8
1001
ACAD
1000
MTEXTBEGIN
1070
    73
1070
     1
1070
    44
1040
0.8
1070
    74
1070
     0
1000
MTEXTEND
  0
MTEXT
  5
894A
330
887A
100
AcDbEntity
  8
makro-numeracja-punktow
 62
     6
100
AcDbMText
 10
2874.881999999285
 20
3073.592000003904
 30
0.0
 40
1.0
 41
0.0
 46
0.0
 71
     7
 72
     5
  1
166
  7
GeodText
 73
     1
 44
0.8
1001
ACAD
1000
MTEXTBEGIN
1070
    73
1070
     1
1070
    44
1040
0.8
1070
    74
1070
     0
1000
MTEXTEND
  0
MTEXT
  5
894B
330
887A
100
AcDbEntity
  8
makro-numeracja-punktow
 62
     6
100
AcDbMText
 10
2848.455999998376
 20
3091.54300000146
 30
0.0
 40
1.0
 41
0.0
 46
0.0
 71
     7
 72
     5
  1
167
  7
GeodText
 73
     1
 44
0.8
1001
ACAD
1000
MTEXTBEGIN
1070
    73
1070
     1
1070
    44
1040
0.8
1070
    74
1070
     0
1000
MTEXTEND
  0
MTEXT
  5
894C
330
887A
100
AcDbEntity
  8
makro-numeracja-punktow
 62
     6
100
AcDbMText
 10
2817.102999999188
 20
3104.485000001267
 30
0.0
 40
1.0
 41
0.0
 46
0.0
 71
     7
 72
     5
  1
168
  7
GeodText
 73
     1
 44
0.8
1001
ACAD
1000
MTEXTBEGIN
1070
    73
1070
     1
1070
    44
1040
0.8
1070
    74
1070
     0
1000
MTEXTEND
  0
MTEXT
  5
894D
330
887A
100
AcDbEntity
  8
makro-numeracja-punktow
 62
     6
100
AcDbMText
 10
2789.772999998182
 20
3114.3170000026
 30
0.0
 40
1.0
 41
0.0
 46
0.0
 71
     7
 72
     5
  1
169
  7
GeodText
 73
     1
 44
0.8
1001
ACAD
1000
MTEXTBEGIN
1070
    73
1070
     1
1070
    44
1040
0.8
1070
    74
1070
     0
1000
MTEXTEND
  0
MTEXT
  5
894E
330
887A
100
AcDbEntity
  8
makro-numeracja-punktow
 62
     6
100
AcDbMText
 10
2761.013000000268
 20
3126.047000003979
 30
0.0
 40
1.0
 41
0.0
 46
0.0
 71
     7
 72
     5
  1
170
  7
GeodText
 73
     1
 44
0.8
1001
ACAD
1000
MTEXTBEGIN
1070
    73
1070
     1
1070
    44
1040
0.8
1070
    74
1070
     0
1000
MTEXTEND
  0
MTEXT
  5
894F
330
887A
100
AcDbEntity
  8
makro-numeracja-punktow
 62
     6
100
AcDbMText
 10
2747.682999999263
 20
3200.257000003011
 30
0.0
 40
1.0
 41
0.0
 46
0.0
 71
     7
 72
     5
  1
171
  7
GeodText
 73
     1
 44
0.8
1001
ACAD
1000
MTEXTBEGIN
1070
    73
1070
     1
1070
    44
1040
0.8
1070
    74
1070
     0
1000
MTEXTEND
  0
MTEXT
  5
8950
330
887A
100
AcDbEntity
  8
makro-numeracja-punktow
 62
     6
100
AcDbMText
 10
2721.813000000082
 20
3211.210000002757
 30
0.0
 40
1.0
 41
0.0
 46
0.0
 71
     7
 72
     5
  1
172
  7
GeodText
 73
     1
 44
0.8
1001
ACAD
1000
MTEXTBEGIN
1070
    73
1070
     1
1070
    44
1040
0.8
1070
    74
1070
     0
1000
MTEXTEND
  0
MTEXT
  5
8951
330
887A
100
AcDbEntity
  8
makro-numeracja-punktow
 62
     6
100
AcDbMText
 10
2776.848999999464
 20
3187.955000002869
 30
0.0
 40
1.0
 41
0.0
 46
0.0
 71
     7
 72
     5
  1
173
  7
GeodText
 73
     1
 44
0.8
1001
ACAD
1000
MTEXTBEGIN
1070
    73
1070
     1
1070
    44
1040
0.8
1070
    74
1070
     0
1000
MTEXTEND
  0
MTEXT
  5
8952
330
887A
100
AcDbEntity
  8
makro-numeracja-punktow
 62
     6
100
AcDbMText
 10
2799.045999999159
 20
3178.699000002817
 30
0.0
 40
1.0
 41
0.0
 46
0.0
 71
     7
 72
     5
  1
174
  7
GeodText
 73
     1
 44
0.8
1001
ACAD
1000
MTEXTBEGIN
1070
    73
1070
     1
1070
    44
1040
0.8
1070
    74
1070
     0
1000
MTEXTEND
  0
MTEXT
  5
8953
330
887A
100
AcDbEntity
  8
makro-numeracja-punktow
 62
     6
100
AcDbMText
 10
2828.473999999463
 20
3166.736000002362
 30
0.0
 40
1.0
 41
0.0
 46
0.0
 71
     7
 72
     5
  1
175
  7
GeodText
 73
     1
 44
0.8
1001
ACAD
1000
MTEXTBEGIN
1070
    73
1070
     1
1070
    44
1040
0.8
1070
    74
1070
     0
1000
MTEXTEND
  0
MTEXT
  5
8954
330
887A
100
AcDbEntity
  8
makro-numeracja-punktow
 62
     6
100
AcDbMText
 10
2849.9729999993
 20
3157.55900000222
 30
0.0
 40
1.0
 41
0.0
 46
0.0
 71
     7
 72
     5
  1
176
  7
GeodText
 73
     1
 44
0.8
1001
ACAD
1000
MTEXTBEGIN
1070
    73
1070
     1
1070
    44
1040
0.8
1070
    74
1070
     0
1000
MTEXTEND
  0
MTEXT
  5
8955
330
887A
100
AcDbEntity
  8
makro-numeracja-punktow
 62
     6
100
AcDbMText
 10
2879.409999999218
 20
3144.326000001282
 30
0.0
 40
1.0
 41
0.0
 46
0.0
 71
     7
 72
     5
  1
177
  7
GeodText
 73
     1
 44
0.8
1001
ACAD
1000
MTEXTBEGIN
1070
    73
1070
     1
1070
    44
1040
0.8
1070
    74
1070
     0
1000
MTEXTEND
  0
MTEXT
  5
8956
330
887A
100
AcDbEntity
  8
makro-numeracja-punktow
 62
     6
100
AcDbMText
 10
2918.008999999613
 20
3128.624000001699
 30
0.0
 40
1.0
 41
0.0
 46
0.0
 71
     7
 72
     5
  1
178
  7
GeodText
 73
     1
 44
0.8
1001
ACAD
1000
MTEXTBEGIN
1070
    73
1070
     1
1070
    44
1040
0.8
1070
    74
1070
     0
1000
MTEXTEND
  0
MTEXT
  5
8957
330
887A
100
AcDbEntity
  8
makro-numeracja-punktow
 62
     6
100
AcDbMText
 10
2935.872999999672
 20
3121.307000003755
 30
0.0
 40
1.0
 41
0.0
 46
0.0
 71
     7
 72
     5
  1
179
  7
GeodText
 73
     1
 44
0.8
1001
ACAD
1000
MTEXTBEGIN
1070
    73
1070
     1
1070
    44
1040
0.8
1070
    74
1070
     0
1000
MTEXTEND
  0
MTEXT
  5
8958
330
887A
100
AcDbEntity
  8
makro-numeracja-punktow
 62
     6
100
AcDbMText
 10
2954.792999999598
 20
3113.467000002973
 30
0.0
 40
1.0
 41
0.0
 46
0.0
 71
     7
 72
     5
  1
180
  7
GeodText
 73
     1
 44
0.8
1001
ACAD
1000
MTEXTBEGIN
1070
    73
1070
     1
1070
    44
1040
0.8
1070
    74
1070
     0
1000
MTEXTEND
  0
MTEXT
  5
8959
330
887A
100
AcDbEntity
  8
makro-numeracja-punktow
 62
     6
100
AcDbMText
 10
2964.003000000492
 20
3109.577000001446
 30
0.0
 40
1.0
 41
0.0
 46
0.0
 71
     7
 72
     5
  1
181
  7
GeodText
 73
     1
 44
0.8
1001
ACAD
1000
MTEXTBEGIN
1070
    73
1070
     1
1070
    44
1040
0.8
1070
    74
1070
     0
1000
MTEXTEND
  0
MTEXT
  5
895A
330
887A
100
AcDbEntity
  8
makro-numeracja-punktow
 62
     6
100
AcDbMText
 10
2998.492999998853
 20
3095.307000002824
 30
0.0
 40
1.0
 41
0.0
 46
0.0
 71
     7
 72
     5
  1
182
  7
GeodText
 73
     1
 44
0.8
1001
ACAD
1000
MTEXTBEGIN
1070
    73
1070
     1
1070
    44
1040
0.8
1070
    74
1070
     0
1000
MTEXTEND
  0
MTEXT
  5
895B
330
887A
100
AcDbEntity
  8
makro-numeracja-punktow
 62
     6
100
AcDbMText
 10
3036.562999999151
 20
3073.76000000164
 30
0.0
 40
1.0
 41
0.0
 46
0.0
 71
     7
 72
     5
  1
183
  7
GeodText
 73
     1
 44
0.8
1001
ACAD
1000
MTEXTBEGIN
1070
    73
1070
     1
1070
    44
1040
0.8
1070
    74
1070
     0
1000
MTEXTEND
  0
MTEXT
  5
895C
330
887A
100
AcDbEntity
  8
makro-numeracja-punktow
 62
     6
100
AcDbMText
 10
3014.862000285648
 20
3169.242999859154
 30
0.0
 40
1.0
 41
0.0
 46
0.0
 71
     7
 72
     5
  1
184
  7
GeodText
 73
     1
 44
0.8
1001
ACAD
1000
MTEXTBEGIN
1070
    73
1070
     1
1070
    44
1040
0.8
1070
    74
1070
     0
1000
MTEXTEND
  0
MTEXT
  5
895D
330
887A
100
AcDbEntity
  8
makro-numeracja-punktow
 62
     6
100
AcDbMText
 10
2984.452999997884
 20
3182.137000002899
 30
0.0
 40
1.0
 41
0.0
 46
0.0
 71
     7
 72
     5
  1
185
  7
GeodText
 73
     1
 44
0.8
1001
ACAD
1000
MTEXTBEGIN
1070
    73
1070
     1
1070
    44
1040
0.8
1070
    74
1070
     0
1000
MTEXTEND
  0
MTEXT
  5
895E
330
887A
100
AcDbEntity
  8
makro-numeracja-punktow
 62
     6
100
AcDbMText
 10
2952.580000000075
 20
3195.639000002295
 30
0.0
 40
1.0
 41
0.0
 46
0.0
 71
     7
 72
     5
  1
186
  7
GeodText
 73
     1
 44
0.8
1001
ACAD
1000
MTEXTBEGIN
1070
    73
1070
     1
1070
    44
1040
0.8
1070
    74
1070
     0
1000
MTEXTEND
  0
MTEXT
  5
895F
330
887A
100
AcDbEntity
  8
makro-numeracja-punktow
 62
     6
100
AcDbMText
 10
2921.077999997884
 20
3208.879000004381
 30
0.0
 40
1.0
 41
0.0
 46
0.0
 71
     7
 72
     5
  1
187
  7
GeodText
 73
     1
 44
0.8
1001
ACAD
1000
MTEXTBEGIN
1070
    73
1070
     1
1070
    44
1040
0.8
1070
    74
1070
     0
1000
MTEXTEND
  0
MTEXT
  5
8960
330
887A
100
AcDbEntity
  8
makro-numeracja-punktow
 62
     6
100
AcDbMText
 10
2909.736999998801
 20
3216.431000001729
 30
0.0
 40
1.0
 41
0.0
 46
0.0
 71
     7
 72
     5
  1
188
  7
GeodText
 73
     1
 44
0.8
1001
ACAD
1000
MTEXTBEGIN
1070
    73
1070
     1
1070
    44
1040
0.8
1070
    74
1070
     0
1000
MTEXTEND
  0
MTEXT
  5
8961
330
887A
100
AcDbEntity
  8
makro-numeracja-punktow
 62
     6
100
AcDbMText
 10
2877.064999999479
 20
3226.30600000266
 30
0.0
 40
1.0
 41
0.0
 46
0.0
 71
     7
 72
     5
  1
189
  7
GeodText
 73
     1
 44
0.8
1001
ACAD
1000
MTEXTBEGIN
1070
    73
1070
     1
1070
    44
1040
0.8
1070
    74
1070
     0
1000
MTEXTEND
  0
MTEXT
  5
8962
330
887A
100
AcDbEntity
  8
makro-numeracja-punktow
 62
     6
100
AcDbMText
 10
2838.134000000544
 20
3240.086000002921
 30
0.0
 40
1.0
 41
0.0
 46
0.0
 71
     7
 72
     5
  1
190
  7
GeodText
 73
     1
 44
0.8
1001
ACAD
1000
MTEXTBEGIN
1070
    73
1070
     1
1070
    44
1040
0.8
1070
    74
1070
     0
1000
MTEXTEND
  0
MTEXT
  5
8963
330
887A
100
AcDbEntity
  8
makro-numeracja-punktow
 62
     6
100
AcDbMText
 10
2800.942999999039
 20
3255.468000002205
 30
0.0
 40
1.0
 41
0.0
 46
0.0
 71
     7
 72
     5
  1
191
  7
GeodText
 73
     1
 44
0.8
1001
ACAD
1000
MTEXTBEGIN
1070
    73
1070
     1
1070
    44
1040
0.8
1070
    74
1070
     0
1000
MTEXTEND
  0
MTEXT
  5
8964
330
887A
100
AcDbEntity
  8
makro-numeracja-punktow
 62
     6
100
AcDbMText
 10
2754.745999998413
 20
3274.621000001207
 30
0.0
 40
1.0
 41
0.0
 46
0.0
 71
     7
 72
     5
  1
192
  7
GeodText
 73
     1
 44
0.8
1001
ACAD
1000
MTEXTBEGIN
1070
    73
1070
     1
1070
    44
1040
0.8
1070
    74
1070
     0
1000
MTEXTEND
  0
MTEXT
  5
8965
330
887A
100
AcDbEntity
  8
makro-numeracja-punktow
 62
     6
100
AcDbMText
 10
2726.9729999993
 20
3286.88700000383
 30
0.0
 40
1.0
 41
0.0
 46
0.0
 71
     7
 72
     5
  1
193
  7
GeodText
 73
     1
 44
0.8
1001
ACAD
1000
MTEXTBEGIN
1070
    73
1070
     1
1070
    44
1040
0.8
1070
    74
1070
     0
1000
MTEXTEND
  0
MTEXT
  5
8966
330
887A
100
AcDbEntity
  8
makro-numeracja-punktow
 62
     6
100
AcDbMText
 10
2696.620000001043
 20
3299.232000002638
 30
0.0
 40
1.0
 41
0.0
 46
0.0
 71
     7
 72
     5
  1
194
  7
GeodText
 73
     1
 44
0.8
1001
ACAD
1000
MTEXTBEGIN
1070
    73
1070
     1
1070
    44
1040
0.8
1070
    74
1070
     0
1000
MTEXTEND
  0
MTEXT
  5
8967
330
887A
100
AcDbEntity
  8
makro-numeracja-punktow
 62
     6
100
AcDbMText
 10
2678.216000000015
 20
3229.520000002347
 30
0.0
 40
1.0
 41
0.0
 46
0.0
 71
     7
 72
     5
  1
195
  7
GeodText
 73
     1
 44
0.8
1001
ACAD
1000
MTEXTBEGIN
1070
    73
1070
     1
1070
    44
1040
0.8
1070
    74
1070
     0
1000
MTEXTEND
  0
MTEXT
  5
8968
330
887A
100
AcDbEntity
  8
makro-numeracja-punktow
 62
     6
100
AcDbMText
 10
2700.20399999898
 20
3220.495000002906
 30
0.0
 40
1.0
 41
0.0
 46
0.0
 71
     7
 72
     5
  1
196
  7
GeodText
 73
     1
 44
0.8
1001
ACAD
1000
MTEXTBEGIN
1070
    73
1070
     1
1070
    44
1040
0.8
1070
    74
1070
     0
1000
MTEXTEND
  0
MTEXT
  5
8969
330
887A
100
AcDbEntity
  8
makro-numeracja-punktow
 62
     6
100
AcDbMText
 10
2657.452999997884
 20
3238.459000002593
 30
0.0
 40
1.0
 41
0.0
 46
0.0
 71
     7
 72
     5
  1
197
  7
GeodText
 73
     1
 44
0.8
1001
ACAD
1000
MTEXTBEGIN
1070
    73
1070
     1
1070
    44
1040
0.8
1070
    74
1070
     0
1000
MTEXTEND
  0
MTEXT
  5
896A
330
887A
100
AcDbEntity
  8
makro-numeracja-punktow
 62
     6
100
AcDbMText
 10
2624.600919533521
 20
3252.428481396288
 30
0.0
 40
1.0
 41
0.0
 46
0.0
 71
     7
 72
     5
  1
198
  7
GeodText
 73
     1
 44
0.8
1001
ACAD
1000
MTEXTBEGIN
1070
    73
1070
     1
1070
    44
1040
0.8
1070
    74
1070
     0
1000
MTEXTEND
  0
MTEXT
  5
896B
330
887A
100
AcDbEntity
  8
makro-numeracja-punktow
 62
     6
100
AcDbMText
 10
2592.668000000529
 20
3265.876000002027
 30
0.0
 40
1.0
 41
0.0
 46
0.0
 71
     7
 72
     5
  1
199
  7
GeodText
 73
     1
 44
0.8
1001
ACAD
1000
MTEXTBEGIN
1070
    73
1070
     1
1070
    44
1040
0.8
1070
    74
1070
     0
1000
MTEXTEND
  0
MTEXT
  5
896C
330
887A
100
AcDbEntity
  8
makro-numeracja-punktow
 62
     6
100
AcDbMText
 10
2567.285999999382
 20
3276.177000002936
 30
0.0
 40
1.0
 41
0.0
 46
0.0
 71
     7
 72
     5
  1
200
  7
GeodText
 73
     1
 44
0.8
1001
ACAD
1000
MTEXTBEGIN
1070
    73
1070
     1
1070
    44
1040
0.8
1070
    74
1070
     0
1000
MTEXTEND
  0
MTEXT
  5
896D
330
887A
100
AcDbEntity
  8
makro-numeracja-punktow
 62
     6
100
AcDbMText
 10
2541.388999999501
 20
3287.027000002563
 30
0.0
 40
1.0
 41
0.0
 46
0.0
 71
     7
 72
     5
  1
201
  7
GeodText
 73
     1
 44
0.8
1001
ACAD
1000
MTEXTBEGIN
1070
    73
1070
     1
1070
    44
1040
0.8
1070
    74
1070
     0
1000
MTEXTEND
  0
MTEXT
  5
896E
330
887A
100
AcDbEntity
  8
makro-numeracja-punktow
 62
     6
100
AcDbMText
 10
2514.927999999374
 20
3298.357000002638
 30
0.0
 40
1.0
 41
0.0
 46
0.0
 71
     7
 72
     5
  1
202
  7
GeodText
 73
     1
 44
0.8
1001
ACAD
1000
MTEXTBEGIN
1070
    73
1070
     1
1070
    44
1040
0.8
1070
    74
1070
     0
1000
MTEXTEND
  0
MTEXT
  5
896F
330
887A
100
AcDbEntity
  8
makro-numeracja-punktow
 62
     6
100
AcDbMText
 10
2457.390000000596
 20
3322.552000002936
 30
0.0
 40
1.0
 41
0.0
 46
0.0
 71
     7
 72
     5
  1
203
  7
GeodText
 73
     1
 44
0.8
1001
ACAD
1000
MTEXTBEGIN
1070
    73
1070
     1
1070
    44
1040
0.8
1070
    74
1070
     0
1000
MTEXTEND
  0
MTEXT
  5
8970
330
887A
100
AcDbEntity
  8
makro-numeracja-punktow
 62
     6
100
AcDbMText
 10
2415.980999997817
 20
3339.62900000345
 30
0.0
 40
1.0
 41
0.0
 46
0.0
 71
     7
 72
     5
  1
204
  7
GeodText
 73
     1
 44
0.8
1001
ACAD
1000
MTEXTBEGIN
1070
    73
1070
     1
1070
    44
1040
0.8
1070
    74
1070
     0
1000
MTEXTEND
  0
MTEXT
  5
8971
330
887A
100
AcDbEntity
  8
makro-numeracja-punktow
 62
     6
100
AcDbMText
 10
2377.487999998964
 20
3356.233000002801
 30
0.0
 40
1.0
 41
0.0
 46
0.0
 71
     7
 72
     5
  1
205
  7
GeodText
 73
     1
 44
0.8
1001
ACAD
1000
MTEXTBEGIN
1070
    73
1070
     1
1070
    44
1040
0.8
1070
    74
1070
     0
1000
MTEXTEND
  0
MTEXT
  5
8972
330
887A
100
AcDbEntity
  8
makro-numeracja-punktow
 62
     6
100
AcDbMText
 10
2333.732999999076
 20
3374.847000002861
 30
0.0
 40
1.0
 41
0.0
 46
0.0
 71
     7
 72
     5
  1
206
  7
GeodText
 73
     1
 44
0.8
1001
ACAD
1000
MTEXTBEGIN
1070
    73
1070
     1
1070
    44
1040
0.8
1070
    74
1070
     0
1000
MTEXTEND
  0
MTEXT
  5
8973
330
887A
100
AcDbEntity
  8
makro-numeracja-punktow
 62
     6
100
AcDbMText
 10
2292.488999999128
 20
3392.048000003212
 30
0.0
 40
1.0
 41
0.0
 46
0.0
 71
     7
 72
     5
  1
207
  7
GeodText
 73
     1
 44
0.8
1001
ACAD
1000
MTEXTBEGIN
1070
    73
1070
     1
1070
    44
1040
0.8
1070
    74
1070
     0
1000
MTEXTEND
  0
MTEXT
  5
8974
330
887A
100
AcDbEntity
  8
makro-numeracja-punktow
 62
     6
100
AcDbMText
 10
2289.168000000529
 20
3416.459000003524
 30
0.0
 40
1.0
 41
0.0
 46
0.0
 71
     7
 72
     5
  1
208
  7
GeodText
 73
     1
 44
0.8
1001
ACAD
1000
MTEXTBEGIN
1070
    73
1070
     1
1070
    44
1040
0.8
1070
    74
1070
     0
1000
MTEXTEND
  0
MTEXT
  5
8975
330
887A
100
AcDbEntity
  8
makro-numeracja-punktow
 62
     6
100
AcDbMText
 10
2305.440999999643
 20
3448.638000003062
 30
0.0
 40
1.0
 41
0.0
 46
0.0
 71
     7
 72
     5
  1
209
  7
GeodText
 73
     1
 44
0.8
1001
ACAD
1000
MTEXTBEGIN
1070
    73
1070
     1
1070
    44
1040
0.8
1070
    74
1070
     0
1000
MTEXTEND
  0
MTEXT
  5
8976
330
887A
100
AcDbEntity
  8
makro-numeracja-punktow
 62
     6
100
AcDbMText
 10
2318.40299999807
 20
3483.997000002303
 30
0.0
 40
1.0
 41
0.0
 46
0.0
 71
     7
 72
     5
  1
210
  7
GeodText
 73
     1
 44
0.8
1001
ACAD
1000
MTEXTBEGIN
1070
    73
1070
     1
1070
    44
1040
0.8
1070
    74
1070
     0
1000
MTEXTEND
  0
MTEXT
  5
8977
330
887A
100
AcDbEntity
  8
makro-numeracja-punktow
 62
     6
100
AcDbMText
 10
2330.67699999921
 20
3521.645000001416
 30
0.0
 40
1.0
 41
0.0
 46
0.0
 71
     7
 72
     5
  1
211
  7
GeodText
 73
     1
 44
0.8
1001
ACAD
1000
MTEXTBEGIN
1070
    73
1070
     1
1070
    44
1040
0.8
1070
    74
1070
     0
1000
MTEXTEND
  0
MTEXT
  5
8978
330
887A
100
AcDbEntity
  8
makro-numeracja-punktow
 62
     6
100
AcDbMText
 10
2323.313000000082
 20
3523.937000002713
 30
0.0
 40
1.0
 41
0.0
 46
0.0
 71
     7
 72
     5
  1
212
  7
GeodText
 73
     1
 44
0.8
1001
ACAD
1000
MTEXTBEGIN
1070
    73
1070
     1
1070
    44
1040
0.8
1070
    74
1070
     0
1000
MTEXTEND
  0
MTEXT
  5
8979
330
887A
100
AcDbEntity
  8
makro-numeracja-punktow
 62
     6
100
AcDbMText
 10
2281.748000000604
 20
3536.785000002012
 30
0.0
 40
1.0
 41
0.0
 46
0.0
 71
     7
 72
     5
  1
213
  7
GeodText
 73
     1
 44
0.8
1001
ACAD
1000
MTEXTBEGIN
1070
    73
1070
     1
1070
    44
1040
0.8
1070
    74
1070
     0
1000
MTEXTEND
  0
MTEXT
  5
897A
330
887A
100
AcDbEntity
  8
makro-numeracja-punktow
 62
     6
100
AcDbMText
 10
2238.942999999039
 20
3549.917000001297
 30
0.0
 40
1.0
 41
0.0
 46
0.0
 71
     7
 72
     5
  1
214
  7
GeodText
 73
     1
 44
0.8
1001
ACAD
1000
MTEXTBEGIN
1070
    73
1070
     1
1070
    44
1040
0.8
1070
    74
1070
     0
1000
MTEXTEND
  0
MTEXT
  5
897B
330
887A
100
AcDbEntity
  8
makro-numeracja-punktow
 62
     6
100
AcDbMText
 10
2200.140999997966
 20
3561.14900000114
 30
0.0
 40
1.0
 41
0.0
 46
0.0
 71
     7
 72
     5
  1
215
  7
GeodText
 73
     1
 44
0.8
1001
ACAD
1000
MTEXTBEGIN
1070
    73
1070
     1
1070
    44
1040
0.8
1070
    74
1070
     0
1000
MTEXTEND
  0
MTEXT
  5
897C
330
887A
100
AcDbEntity
  8
makro-numeracja-punktow
 62
     6
100
AcDbMText
 10
2179.043000000529
 20
3567.107000002638
 30
0.0
 40
1.0
 41
0.0
 46
0.0
 71
     7
 72
     5
  1
216
  7
GeodText
 73
     1
 44
0.8
1001
ACAD
1000
MTEXTBEGIN
1070
    73
1070
     1
1070
    44
1040
0.8
1070
    74
1070
     0
1000
MTEXTEND
  0
MTEXT
  5
897D
330
887A
100
AcDbEntity
  8
makro-numeracja-punktow
 62
     6
100
AcDbMText
 10
2197.506999998354
 20
3517.106000001542
 30
0.0
 40
1.0
 41
0.0
 46
0.0
 71
     7
 72
     5
  1
217
  7
GeodText
 73
     1
 44
0.8
1001
ACAD
1000
MTEXTBEGIN
1070
    73
1070
     1
1070
    44
1040
0.8
1070
    74
1070
     0
1000
MTEXTEND
  0
MTEXT
  5
897E
330
887A
100
AcDbEntity
  8
makro-numeracja-punktow
 62
     6
100
AcDbMText
 10
2233.438999999314
 20
3501.61300000269
 30
0.0
 40
1.0
 41
0.0
 46
0.0
 71
     7
 72
     5
  1
218
  7
GeodText
 73
     1
 44
0.8
1001
ACAD
1000
MTEXTBEGIN
1070
    73
1070
     1
1070
    44
1040
0.8
1070
    74
1070
     0
1000
MTEXTEND
  0
MTEXT
  5
897F
330
887A
100
AcDbEntity
  8
makro-numeracja-punktow
 62
     6
100
AcDbMText
 10
2272.545999999158
 20
3490.141000002623
 30
0.0
 40
1.0
 41
0.0
 46
0.0
 71
     7
 72
     5
  1
219
  7
GeodText
 73
     1
 44
0.8
1001
ACAD
1000
MTEXTBEGIN
1070
    73
1070
     1
1070
    44
1040
0.8
1070
    74
1070
     0
1000
MTEXTEND
  0
MTEXT
  5
8980
330
887A
100
AcDbEntity
  8
makro-numeracja-punktow
 62
     6
100
AcDbMText
 10
2310.644999999553
 20
3478.719000003301
 30
0.0
 40
1.0
 41
0.0
 46
0.0
 71
     7
 72
     5
  1
220
  7
GeodText
 73
     1
 44
0.8
1001
ACAD
1000
MTEXTBEGIN
1070
    73
1070
     1
1070
    44
1040
0.8
1070
    74
1070
     0
1000
MTEXTEND
  0
MTEXT
  5
8981
330
887A
100
AcDbEntity
  8
makro-numeracja-punktow
 62
     6
100
AcDbMText
 10
2237.435999997892
 20
3343.379000002518
 30
0.0
 40
1.0
 41
0.0
 46
0.0
 71
     7
 72
     5
  1
221
  7
GeodText
 73
     1
 44
0.8
1001
ACAD
1000
MTEXTBEGIN
1070
    73
1070
     1
1070
    44
1040
0.8
1070
    74
1070
     0
1000
MTEXTEND
  0
MTEXT
  5
8982
330
887A
100
AcDbEntity
  8
makro-numeracja-punktow
 62
     6
100
AcDbMText
 10
2207.79899999965
 20
3356.085000001826
 30
0.0
 40
1.0
 41
0.0
 46
0.0
 71
     7
 72
     5
  1
222
  7
GeodText
 73
     1
 44
0.8
1001
ACAD
1000
MTEXTBEGIN
1070
    73
1070
     1
1070
    44
1040
0.8
1070
    74
1070
     0
1000
MTEXTEND
  0
MTEXT
  5
8983
330
887A
100
AcDbEntity
  8
makro-numeracja-punktow
 62
     6
100
AcDbMText
 10
2262.441999998875
 20
3332.580000001937
 30
0.0
 40
1.0
 41
0.0
 46
0.0
 71
     7
 72
     5
  1
223
  7
GeodText
 73
     1
 44
0.8
1001
ACAD
1000
MTEXTBEGIN
1070
    73
1070
     1
1070
    44
1040
0.8
1070
    74
1070
     0
1000
MTEXTEND
  0
MTEXT
  5
8984
330
887A
100
AcDbEntity
  8
makro-numeracja-punktow
 62
     6
100
AcDbMText
 10
2288.223000000231
 20
3321.727000002749
 30
0.0
 40
1.0
 41
0.0
 46
0.0
 71
     7
 72
     5
  1
224
  7
GeodText
 73
     1
 44
0.8
1001
ACAD
1000
MTEXTBEGIN
1070
    73
1070
     1
1070
    44
1040
0.8
1070
    74
1070
     0
1000
MTEXTEND
  0
MTEXT
  5
8985
330
887A
100
AcDbEntity
  8
makro-numeracja-punktow
 62
     6
100
AcDbMText
 10
2313.511999999173
 20
3311.120000001974
 30
0.0
 40
1.0
 41
0.0
 46
0.0
 71
     7
 72
     5
  1
225
  7
GeodText
 73
     1
 44
0.8
1001
ACAD
1000
MTEXTBEGIN
1070
    73
1070
     1
1070
    44
1040
0.8
1070
    74
1070
     0
1000
MTEXTEND
  0
MTEXT
  5
8986
330
887A
100
AcDbEntity
  8
makro-numeracja-punktow
 62
     6
100
AcDbMText
 10
2343.735999998637
 20
3298.088000002317
 30
0.0
 40
1.0
 41
0.0
 46
0.0
 71
     7
 72
     5
  1
226
  7
GeodText
 73
     1
 44
0.8
1001
ACAD
1000
MTEXTBEGIN
1070
    73
1070
     1
1070
    44
1040
0.8
1070
    74
1070
     0
1000
MTEXTEND
  0
MTEXT
  5
8987
330
887A
100
AcDbEntity
  8
makro-numeracja-punktow
 62
     6
100
AcDbMText
 10
2371.28299999889
 20
3286.217000002973
 30
0.0
 40
1.0
 41
0.0
 46
0.0
 71
     7
 72
     5
  1
227
  7
GeodText
 73
     1
 44
0.8
1001
ACAD
1000
MTEXTBEGIN
1070
    73
1070
     1
1070
    44
1040
0.8
1070
    74
1070
     0
1000
MTEXTEND
  0
MTEXT
  5
8988
330
887A
100
AcDbEntity
  8
makro-numeracja-punktow
 62
     6
100
AcDbMText
 10
2399.421999999322
 20
3274.403000003658
 30
0.0
 40
1.0
 41
0.0
 46
0.0
 71
     7
 72
     5
  1
228
  7
GeodText
 73
     1
 44
0.8
1001
ACAD
1000
MTEXTBEGIN
1070
    73
1070
     1
1070
    44
1040
0.8
1070
    74
1070
     0
1000
MTEXTEND
  0
MTEXT
  5
8989
330
887A
100
AcDbEntity
  8
makro-numeracja-punktow
 62
     6
100
AcDbMText
 10
2426.700000000187
 20
3263.112000002525
 30
0.0
 40
1.0
 41
0.0
 46
0.0
 71
     7
 72
     5
  1
229
  7
GeodText
 73
     1
 44
0.8
1001
ACAD
1000
MTEXTBEGIN
1070
    73
1070
     1
1070
    44
1040
0.8
1070
    74
1070
     0
1000
MTEXTEND
  0
MTEXT
  5
898A
330
887A
100
AcDbEntity
  8
makro-numeracja-punktow
 62
     6
100
AcDbMText
 10
2461.206999999471
 20
3248.31900000386
 30
0.0
 40
1.0
 41
0.0
 46
0.0
 71
     7
 72
     5
  1
230
  7
GeodText
 73
     1
 44
0.8
1001
ACAD
1000
MTEXTBEGIN
1070
    73
1070
     1
1070
    44
1040
0.8
1070
    74
1070
     0
1000
MTEXTEND
  0
MTEXT
  5
898B
330
887A
100
AcDbEntity
  8
makro-numeracja-punktow
 62
     6
100
AcDbMText
 10
2471.718000000343
 20
3240.494000003673
 30
0.0
 40
1.0
 41
0.0
 46
0.0
 71
     7
 72
     5
  1
231
  7
GeodText
 73
     1
 44
0.8
1001
ACAD
1000
MTEXTBEGIN
1070
    73
1070
     1
1070
    44
1040
0.8
1070
    74
1070
     0
1000
MTEXTEND
  0
MTEXT
  5
898C
330
887A
100
AcDbEntity
  8
makro-numeracja-punktow
 62
     6
100
AcDbMText
 10
2495.10599999968
 20
3236.952000002377
 30
0.0
 40
1.0
 41
0.0
 46
0.0
 71
     7
 72
     5
  1
232
  7
GeodText
 73
     1
 44
0.8
1001
ACAD
1000
MTEXTBEGIN
1070
    73
1070
     1
1070
    44
1040
0.8
1070
    74
1070
     0
1000
MTEXTEND
  0
MTEXT
  5
898D
330
887A
100
AcDbEntity
  8
makro-numeracja-punktow
 62
     6
100
AcDbMText
 10
2531.352999999188
 20
3222.217000002973
 30
0.0
 40
1.0
 41
0.0
 46
0.0
 71
     7
 72
     5
  1
233
  7
GeodText
 73
     1
 44
0.8
1001
ACAD
1000
MTEXTBEGIN
1070
    73
1070
     1
1070
    44
1040
0.8
1070
    74
1070
     0
1000
MTEXTEND
  0
MTEXT
  5
898E
330
887A
100
AcDbEntity
  8
makro-numeracja-punktow
 62
     6
100
AcDbMText
 10
2562.267999999225
 20
3209.483000001871
 30
0.0
 40
1.0
 41
0.0
 46
0.0
 71
     7
 72
     5
  1
234
  7
GeodText
 73
     1
 44
0.8
1001
ACAD
1000
MTEXTBEGIN
1070
    73
1070
     1
1070
    44
1040
0.8
1070
    74
1070
     0
1000
MTEXTEND
  0
MTEXT
  5
898F
330
887A
100
AcDbEntity
  8
makro-numeracja-punktow
 62
     6
100
AcDbMText
 10
2591.972999999299
 20
3196.487000002526
 30
0.0
 40
1.0
 41
0.0
 46
0.0
 71
     7
 72
     5
  1
235
  7
GeodText
 73
     1
 44
0.8
1001
ACAD
1000
MTEXTBEGIN
1070
    73
1070
     1
1070
    44
1040
0.8
1070
    74
1070
     0
1000
MTEXTEND
  0
MTEXT
  5
8990
330
887A
100
AcDbEntity
  8
makro-numeracja-punktow
 62
     6
100
AcDbMText
 10
2621.365999999456
 20
3184.614000002854
 30
0.0
 40
1.0
 41
0.0
 46
0.0
 71
     7
 72
     5
  1
236
  7
GeodText
 73
     1
 44
0.8
1001
ACAD
1000
MTEXTBEGIN
1070
    73
1070
     1
1070
    44
1040
0.8
1070
    74
1070
     0
1000
MTEXTEND
  0
MTEXT
  5
8991
330
887A
100
AcDbEntity
  8
makro-numeracja-punktow
 62
     6
100
AcDbMText
 10
2654.743999999948
 20
3170.946000001393
 30
0.0
 40
1.0
 41
0.0
 46
0.0
 71
     7
 72
     5
  1
237
  7
GeodText
 73
     1
 44
0.8
1001
ACAD
1000
MTEXTBEGIN
1070
    73
1070
     1
1070
    44
1040
0.8
1070
    74
1070
     0
1000
MTEXTEND
  0
MTEXT
  5
8992
330
887A
100
AcDbEntity
  8
makro-numeracja-punktow
 62
     6
100
AcDbMText
 10
2611.682999999263
 20
3099.417000002228
 30
0.0
 40
1.0
 41
0.0
 46
0.0
 71
     7
 72
     5
  1
238
  7
GeodText
 73
     1
 44
0.8
1001
ACAD
1000
MTEXTBEGIN
1070
    73
1070
     1
1070
    44
1040
0.8
1070
    74
1070
     0
1000
MTEXTEND
  0
MTEXT
  5
8993
330
887A
100
AcDbEntity
  8
makro-numeracja-punktow
 62
     6
100
AcDbMText
 10
2637.77999999933
 20
3088.29300000146
 30
0.0
 40
1.0
 41
0.0
 46
0.0
 71
     7
 72
     5
  1
239
  7
GeodText
 73
     1
 44
0.8
1001
ACAD
1000
MTEXTBEGIN
1070
    73
1070
     1
1070
    44
1040
0.8
1070
    74
1070
     0
1000
MTEXTEND
  0
MTEXT
  5
8994
330
887A
100
AcDbEntity
  8
makro-numeracja-punktow
 62
     6
100
AcDbMText
 10
2569.733000000008
 20
3117.137000002899
 30
0.0
 40
1.0
 41
0.0
 46
0.0
 71
     7
 72
     5
  1
240
  7
GeodText
 73
     1
 44
0.8
1001
ACAD
1000
MTEXTBEGIN
1070
    73
1070
     1
1070
    44
1040
0.8
1070
    74
1070
     0
1000
MTEXTEND
  0
MTEXT
  5
8995
330
887A
100
AcDbEntity
  8
makro-numeracja-punktow
 62
     6
100
AcDbMText
 10
2527.540999998338
 20
3134.887000002898
 30
0.0
 40
1.0
 41
0.0
 46
0.0
 71
     7
 72
     5
  1
241
  7
GeodText
 73
     1
 44
0.8
1001
ACAD
1000
MTEXTBEGIN
1070
    73
1070
     1
1070
    44
1040
0.8
1070
    74
1070
     0
1000
MTEXTEND
  0
MTEXT
  5
8996
330
887A
100
AcDbEntity
  8
makro-numeracja-punktow
 62
     6
100
AcDbMText
 10
2499.701999999583
 20
3146.737000002526
 30
0.0
 40
1.0
 41
0.0
 46
0.0
 71
     7
 72
     5
  1
242
  7
GeodText
 73
     1
 44
0.8
1001
ACAD
1000
MTEXTBEGIN
1070
    73
1070
     1
1070
    44
1040
0.8
1070
    74
1070
     0
1000
MTEXTEND
  0
MTEXT
  5
8997
330
887A
100
AcDbEntity
  8
makro-numeracja-punktow
 62
     6
100
AcDbMText
 10
2465.69899999816
 20
3160.832000002265
 30
0.0
 40
1.0
 41
0.0
 46
0.0
 71
     7
 72
     5
  1
243
  7
GeodText
 73
     1
 44
0.8
1001
ACAD
1000
MTEXTBEGIN
1070
    73
1070
     1
1070
    44
1040
0.8
1070
    74
1070
     0
1000
MTEXTEND
  0
MTEXT
  5
8998
330
887A
100
AcDbEntity
  8
makro-numeracja-punktow
 62
     6
100
AcDbMText
 10
2442.832999999635
 20
3170.197000001557
 30
0.0
 40
1.0
 41
0.0
 46
0.0
 71
     7
 72
     5
  1
244
  7
GeodText
 73
     1
 44
0.8
1001
ACAD
1000
MTEXTBEGIN
1070
    73
1070
     1
1070
    44
1040
0.8
1070
    74
1070
     0
1000
MTEXTEND
  0
MTEXT
  5
8999
330
887A
100
AcDbEntity
  8
makro-numeracja-punktow
 62
     6
100
AcDbMText
 10
2432.965999999084
 20
3174.860000002198
 30
0.0
 40
1.0
 41
0.0
 46
0.0
 71
     7
 72
     5
  1
245
  7
GeodText
 73
     1
 44
0.8
1001
ACAD
1000
MTEXTBEGIN
1070
    73
1070
     1
1070
    44
1040
0.8
1070
    74
1070
     0
1000
MTEXTEND
  0
MTEXT
  5
899A
330
887A
100
AcDbEntity
  8
makro-numeracja-punktow
 62
     6
100
AcDbMText
 10
2398.512999999337
 20
3189.397000002675
 30
0.0
 40
1.0
 41
0.0
 46
0.0
 71
     7
 72
     5
  1
246
  7
GeodText
 73
     1
 44
0.8
1001
ACAD
1000
MTEXTBEGIN
1070
    73
1070
     1
1070
    44
1040
0.8
1070
    74
1070
     0
1000
MTEXTEND
  0
MTEXT
  5
899B
330
887A
100
AcDbEntity
  8
makro-numeracja-punktow
 62
     6
100
AcDbMText
 10
2369.402999999002
 20
3201.887000002898
 30
0.0
 40
1.0
 41
0.0
 46
0.0
 71
     7
 72
     5
  1
247
  7
GeodText
 73
     1
 44
0.8
1001
ACAD
1000
MTEXTBEGIN
1070
    73
1070
     1
1070
    44
1040
0.8
1070
    74
1070
     0
1000
MTEXTEND
  0
MTEXT
  5
899C
330
887A
100
AcDbEntity
  8
makro-numeracja-punktow
 62
     6
100
AcDbMText
 10
2355.303000000306
 20
3207.407000002451
 30
0.0
 40
1.0
 41
0.0
 46
0.0
 71
     7
 72
     5
  1
248
  7
GeodText
 73
     1
 44
0.8
1001
ACAD
1000
MTEXTBEGIN
1070
    73
1070
     1
1070
    44
1040
0.8
1070
    74
1070
     0
1000
MTEXTEND
  0
MTEXT
  5
899D
330
887A
100
AcDbEntity
  8
makro-numeracja-punktow
 62
     6
100
AcDbMText
 10
2342.043000000529
 20
3213.067000001669
 30
0.0
 40
1.0
 41
0.0
 46
0.0
 71
     7
 72
     5
  1
249
  7
GeodText
 73
     1
 44
0.8
1001
ACAD
1000
MTEXTBEGIN
1070
    73
1070
     1
1070
    44
1040
0.8
1070
    74
1070
     0
1000
MTEXTEND
  0
MTEXT
  5
899E
330
887A
100
AcDbEntity
  8
makro-numeracja-punktow
 62
     6
100
AcDbMText
 10
2313.793000000529
 20
3224.907000002451
 30
0.0
 40
1.0
 41
0.0
 46
0.0
 71
     7
 72
     5
  1
250
  7
GeodText
 73
     1
 44
0.8
1001
ACAD
1000
MTEXTBEGIN
1070
    73
1070
     1
1070
    44
1040
0.8
1070
    74
1070
     0
1000
MTEXTEND
  0
MTEXT
  5
899F
330
887A
100
AcDbEntity
  8
makro-numeracja-punktow
 62
     6
100
AcDbMText
 10
2285.913000000641
 20
3236.717000002973
 30
0.0
 40
1.0
 41
0.0
 46
0.0
 71
     7
 72
     5
  1
251
  7
GeodText
 73
     1
 44
0.8
1001
ACAD
1000
MTEXTBEGIN
1070
    73
1070
     1
1070
    44
1040
0.8
1070
    74
1070
     0
1000
MTEXTEND
  0
MTEXT
  5
89A0
330
887A
100
AcDbEntity
  8
makro-numeracja-punktow
 62
     6
100
AcDbMText
 10
2251.272999998182
 20
3251.097000002861
 30
0.0
 40
1.0
 41
0.0
 46
0.0
 71
     7
 72
     5
  1
252
  7
GeodText
 73
     1
 44
0.8
1001
ACAD
1000
MTEXTBEGIN
1070
    73
1070
     1
1070
    44
1040
0.8
1070
    74
1070
     0
1000
MTEXTEND
  0
MTEXT
  5
89A1
330
887A
100
AcDbEntity
  8
makro-numeracja-punktow
 62
     6
100
AcDbMText
 10
2217.322999998927
 20
3265.597000002861
 30
0.0
 40
1.0
 41
0.0
 46
0.0
 71
     7
 72
     5
  1
253
  7
GeodText
 73
     1
 44
0.8
1001
ACAD
1000
MTEXTBEGIN
1070
    73
1070
     1
1070
    44
1040
0.8
1070
    74
1070
     0
1000
MTEXTEND
  0
MTEXT
  5
89A2
330
887A
100
AcDbEntity
  8
makro-numeracja-punktow
 62
     6
100
AcDbMText
 10
2192.178000000305
 20
3276.217000002973
 30
0.0
 40
1.0
 41
0.0
 46
0.0
 71
     7
 72
     5
  1
254
  7
GeodText
 73
     1
 44
0.8
1001
ACAD
1000
MTEXTBEGIN
1070
    73
1070
     1
1070
    44
1040
0.8
1070
    74
1070
     0
1000
MTEXTEND
  0
MTEXT
  5
89A3
330
887A
100
AcDbEntity
  8
makro-numeracja-punktow
 62
     6
100
AcDbMText
 10
2206.522999999114
 20
3202.097000002861
 30
0.0
 40
1.0
 41
0.0
 46
0.0
 71
     7
 72
     5
  1
255
  7
GeodText
 73
     1
 44
0.8
1001
ACAD
1000
MTEXTBEGIN
1070
    73
1070
     1
1070
    44
1040
0.8
1070
    74
1070
     0
1000
MTEXTEND
  0
MTEXT
  5
89A4
330
887A
100
AcDbEntity
  8
makro-numeracja-punktow
 62
     6
100
AcDbMText
 10
2233.9729999993
 20
3190.167000002228
 30
0.0
 40
1.0
 41
0.0
 46
0.0
 71
     7
 72
     5
  1
256
  7
GeodText
 73
     1
 44
0.8
1001
ACAD
1000
MTEXTBEGIN
1070
    73
1070
     1
1070
    44
1040
0.8
1070
    74
1070
     0
1000
MTEXTEND
  0
MTEXT
  5
89A5
330
887A
100
AcDbEntity
  8
makro-numeracja-punktow
 62
     6
100
AcDbMText
 10
2262.342999999412
 20
3177.477000002749
 30
0.0
 40
1.0
 41
0.0
 46
0.0
 71
     7
 72
     5
  1
257
  7
GeodText
 73
     1
 44
0.8
1001
ACAD
1000
MTEXTBEGIN
1070
    73
1070
     1
1070
    44
1040
0.8
1070
    74
1070
     0
1000
MTEXTEND
  0
MTEXT
  5
89A6
330
887A
100
AcDbEntity
  8
makro-numeracja-punktow
 62
     6
100
AcDbMText
 10
2298.873000000604
 20
3161.047000003048
 30
0.0
 40
1.0
 41
0.0
 46
0.0
 71
     7
 72
     5
  1
258
  7
GeodText
 73
     1
 44
0.8
1001
ACAD
1000
MTEXTBEGIN
1070
    73
1070
     1
1070
    44
1040
0.8
1070
    74
1070
     0
1000
MTEXTEND
  0
MTEXT
  5
89A7
330
887A
100
AcDbEntity
  8
makro-numeracja-punktow
 62
     6
100
AcDbMText
 10
2329.982999998145
 20
3147.177000002935
 30
0.0
 40
1.0
 41
0.0
 46
0.0
 71
     7
 72
     5
  1
259
  7
GeodText
 73
     1
 44
0.8
1001
ACAD
1000
MTEXTBEGIN
1070
    73
1070
     1
1070
    44
1040
0.8
1070
    74
1070
     0
1000
MTEXTEND
  0
MTEXT
  5
89A8
330
887A
100
AcDbEntity
  8
makro-numeracja-punktow
 62
     6
100
AcDbMText
 10
2350.602999999188
 20
3138.00700000301
 30
0.0
 40
1.0
 41
0.0
 46
0.0
 71
     7
 72
     5
  1
260
  7
GeodText
 73
     1
 44
0.8
1001
ACAD
1000
MTEXTBEGIN
1070
    73
1070
     1
1070
    44
1040
0.8
1070
    74
1070
     0
1000
MTEXTEND
  0
MTEXT
  5
89A9
330
887A
100
AcDbEntity
  8
makro-numeracja-punktow
 62
     6
100
AcDbMText
 10
2369.922999999486
 20
3129.177000002936
 30
0.0
 40
1.0
 41
0.0
 46
0.0
 71
     7
 72
     5
  1
261
  7
GeodText
 73
     1
 44
0.8
1001
ACAD
1000
MTEXTBEGIN
1070
    73
1070
     1
1070
    44
1040
0.8
1070
    74
1070
     0
1000
MTEXTEND
  0
MTEXT
  5
89AA
330
887A
100
AcDbEntity
  8
makro-numeracja-punktow
 62
     6
100
AcDbMText
 10
2407.962999999524
 20
3111.997000002303
 30
0.0
 40
1.0
 41
0.0
 46
0.0
 71
     7
 72
     5
  1
262
  7
GeodText
 73
     1
 44
0.8
1001
ACAD
1000
MTEXTBEGIN
1070
    73
1070
     1
1070
    44
1040
0.8
1070
    74
1070
     0
1000
MTEXTEND
  0
MTEXT
  5
89AB
330
887A
100
AcDbEntity
  8
makro-numeracja-punktow
 62
     6
100
AcDbMText
 10
2419.209999999031
 20
3113.900000002236
 30
0.0
 40
1.0
 41
0.0
 46
0.0
 71
     7
 72
     5
  1
263
  7
GeodText
 73
     1
 44
0.8
1001
ACAD
1000
MTEXTBEGIN
1070
    73
1070
     1
1070
    44
1040
0.8
1070
    74
1070
     0
1000
MTEXTEND
  0
MTEXT
  5
89AC
330
887A
100
AcDbEntity
  8
makro-numeracja-punktow
 62
     6
100
AcDbMText
 10
2429.093898626976
 20
3137.451378602535
 30
0.0
 40
1.0
 41
0.0
 46
0.0
 71
     7
 72
     5
  1
264
  7
GeodText
 73
     1
 44
0.8
1001
ACAD
1000
MTEXTBEGIN
1070
    73
1070
     1
1070
    44
1040
0.8
1070
    74
1070
     0
1000
MTEXTEND
  0
MTEXT
  5
89AD
330
887A
100
AcDbEntity
  8
makro-numeracja-punktow
 62
     6
100
AcDbMText
 10
2436.618999999948
 20
3109.119000001811
 30
0.0
 40
1.0
 41
0.0
 46
0.0
 71
     7
 72
     5
  1
265
  7
GeodText
 73
     1
 44
0.8
1001
ACAD
1000
MTEXTBEGIN
1070
    73
1070
     1
1070
    44
1040
0.8
1070
    74
1070
     0
1000
MTEXTEND
  0
MTEXT
  5
89AE
330
887A
100
AcDbEntity
  8
makro-numeracja-punktow
 62
     6
100
AcDbMText
 10
2461.922999999486
 20
3096.847000003793
 30
0.0
 40
1.0
 41
0.0
 46
0.0
 71
     7
 72
     5
  1
266
  7
GeodText
 73
     1
 44
0.8
1001
ACAD
1000
MTEXTBEGIN
1070
    73
1070
     1
1070
    44
1040
0.8
1070
    74
1070
     0
1000
MTEXTEND
  0
MTEXT
  5
89AF
330
887A
100
AcDbEntity
  8
makro-numeracja-punktow
 62
     6
100
AcDbMText
 10
2486.572999998927
 20
3086.177000002936
 30
0.0
 40
1.0
 41
0.0
 46
0.0
 71
     7
 72
     5
  1
267
  7
GeodText
 73
     1
 44
0.8
1001
ACAD
1000
MTEXTBEGIN
1070
    73
1070
     1
1070
    44
1040
0.8
1070
    74
1070
     0
1000
MTEXTEND
  0
MTEXT
  5
89B0
330
887A
100
AcDbEntity
  8
makro-numeracja-punktow
 62
     6
100
AcDbMText
 10
2520.9729999993
 20
3071.347000003792
 30
0.0
 40
1.0
 41
0.0
 46
0.0
 71
     7
 72
     5
  1
268
  7
GeodText
 73
     1
 44
0.8
1001
ACAD
1000
MTEXTBEGIN
1070
    73
1070
     1
1070
    44
1040
0.8
1070
    74
1070
     0
1000
MTEXTEND
  0
MTEXT
  5
89B1
330
887A
100
AcDbEntity
  8
makro-numeracja-punktow
 62
     6
100
AcDbMText
 10
2552.338999999687
 20
3058.410000002012
 30
0.0
 40
1.0
 41
0.0
 46
0.0
 71
     7
 72
     5
  1
269
  7
GeodText
 73
     1
 44
0.8
1001
ACAD
1000
MTEXTBEGIN
1070
    73
1070
     1
1070
    44
1040
0.8
1070
    74
1070
     0
1000
MTEXTEND
  0
MTEXT
  5
89B2
330
887A
100
AcDbEntity
  8
makro-numeracja-punktow
 62
     6
100
AcDbMText
 10
2585.132999999449
 20
3047.657000002451
 30
0.0
 40
1.0
 41
0.0
 46
0.0
 71
     7
 72
     5
  1
270
  7
GeodText
 73
     1
 44
0.8
1001
ACAD
1000
MTEXTBEGIN
1070
    73
1070
     1
1070
    44
1040
0.8
1070
    74
1070
     0
1000
MTEXTEND
  0
MTEXT
  5
89B3
330
887A
100
AcDbEntity
  8
makro-numeracja-punktow
 62
     6
100
AcDbMText
 10
2671.751999999397
 20
3475.49100000225
 30
0.0
 40
1.0
 41
0.0
 46
0.0
 71
     7
 72
     5
  1
271
  7
GeodText
 73
     1
 44
0.8
1001
ACAD
1000
MTEXTBEGIN
1070
    73
1070
     1
1070
    44
1040
0.8
1070
    74
1070
     0
1000
MTEXTEND
  0
MTEXT
  5
89B4
330
887A
100
AcDbEntity
  8
makro-numeracja-punktow
 62
     6
100
AcDbMText
 10
2641.235999999568
 20
3483.170000000857
 30
0.0
 40
1.0
 41
0.0
 46
0.0
 71
     7
 72
     5
  1
272
  7
GeodText
 73
     1
 44
0.8
1001
ACAD
1000
MTEXTBEGIN
1070
    73
1070
     1
1070
    44
1040
0.8
1070
    74
1070
     0
1000
MTEXTEND
  0
MTEXT
  5
89B5
330
887A
100
AcDbEntity
  8
makro-numeracja-punktow
 62
     6
100
AcDbMText
 10
2608.102999999188
 20
3491.973000003025
 30
0.0
 40
1.0
 41
0.0
 46
0.0
 71
     7
 72
     5
  1
273
  7
GeodText
 73
     1
 44
0.8
1001
ACAD
1000
MTEXTBEGIN
1070
    73
1070
     1
1070
    44
1040
0.8
1070
    74
1070
     0
1000
MTEXTEND
  0
MTEXT
  5
89B6
330
887A
100
AcDbEntity
  8
makro-numeracja-punktow
 62
     6
100
AcDbMText
 10
2581.617999997921
 20
3495.515000002459
 30
0.0
 40
1.0
 41
0.0
 46
0.0
 71
     7
 72
     5
  1
274
  7
GeodText
 73
     1
 44
0.8
1001
ACAD
1000
MTEXTBEGIN
1070
    73
1070
     1
1070
    44
1040
0.8
1070
    74
1070
     0
1000
MTEXTEND
  0
MTEXT
  5
89B7
330
887A
100
AcDbEntity
  8
makro-numeracja-punktow
 62
     6
100
AcDbMText
 10
2701.710641165264
 20
3468.22483253479
 30
0.0
 40
1.0
 41
0.0
 46
0.0
 71
     7
 72
     5
  1
275
  7
GeodText
 73
     1
 44
0.8
1001
ACAD
1000
MTEXTBEGIN
1070
    73
1070
     1
1070
    44
1040
0.8
1070
    74
1070
     0
1000
MTEXTEND
  0
MTEXT
  5
89B8
330
887A
100
AcDbEntity
  8
makro-numeracja-punktow
 62
     6
100
AcDbMText
 10
2730.498999998905
 20
3460.596000002698
 30
0.0
 40
1.0
 41
0.0
 46
0.0
 71
     7
 72
     5
  1
276
  7
GeodText
 73
     1
 44
0.8
1001
ACAD
1000
MTEXTBEGIN
1070
    73
1070
     1
1070
    44
1040
0.8
1070
    74
1070
     0
1000
MTEXTEND
  0
MTEXT
  5
89B9
330
887A
100
AcDbEntity
  8
makro-numeracja-punktow
 62
     6
100
AcDbMText
 10
2751.465999998152
 20
3455.430000003428
 30
0.0
 40
1.0
 41
0.0
 46
0.0
 71
     7
 72
     5
  1
277
  7
GeodText
 73
     1
 44
0.8
1001
ACAD
1000
MTEXTBEGIN
1070
    73
1070
     1
1070
    44
1040
0.8
1070
    74
1070
     0
1000
MTEXTEND
  0
MTEXT
  5
89BA
330
887A
100
AcDbEntity
  8
makro-numeracja-punktow
 62
     6
100
AcDbMText
 10
2793.003000000492
 20
3444.777000001632
 30
0.0
 40
1.0
 41
0.0
 46
0.0
 71
     7
 72
     5
  1
278
  7
GeodText
 73
     1
 44
0.8
1001
ACAD
1000
MTEXTBEGIN
1070
    73
1070
     1
1070
    44
1040
0.8
1070
    74
1070
     0
1000
MTEXTEND
  0
MTEXT
  5
89BB
330
887A
100
AcDbEntity
  8
makro-numeracja-punktow
 62
     6
100
AcDbMText
 10
2812.300999999047
 20
3439.820000002161
 30
0.0
 40
1.0
 41
0.0
 46
0.0
 71
     7
 72
     5
  1
279
  7
GeodText
 73
     1
 44
0.8
1001
ACAD
1000
MTEXTBEGIN
1070
    73
1070
     1
1070
    44
1040
0.8
1070
    74
1070
     0
1000
MTEXTEND
  0
MTEXT
  5
89BC
330
887A
100
AcDbEntity
  8
makro-numeracja-punktow
 62
     6
100
AcDbMText
 10
2848.44899999816
 20
3430.591000002809
 30
0.0
 40
1.0
 41
0.0
 46
0.0
 71
     7
 72
     5
  1
280
  7
GeodText
 73
     1
 44
0.8
1001
ACAD
1000
MTEXTBEGIN
1070
    73
1070
     1
1070
    44
1040
0.8
1070
    74
1070
     0
1000
MTEXTEND
  0
MTEXT
  5
89BD
330
887A
100
AcDbEntity
  8
makro-numeracja-punktow
 62
     6
100
AcDbMText
 10
2887.21499999892
 20
3420.360000001267
 30
0.0
 40
1.0
 41
0.0
 46
0.0
 71
     7
 72
     5
  1
281
  7
GeodText
 73
     1
 44
0.8
1001
ACAD
1000
MTEXTBEGIN
1070
    73
1070
     1
1070
    44
1040
0.8
1070
    74
1070
     0
1000
MTEXTEND
  0
MTEXT
  5
89BE
330
887A
100
AcDbEntity
  8
makro-numeracja-punktow
 62
     6
100
AcDbMText
 10
2922.951999998652
 20
3411.367000002414
 30
0.0
 40
1.0
 41
0.0
 46
0.0
 71
     7
 72
     5
  1
282
  7
GeodText
 73
     1
 44
0.8
1001
ACAD
1000
MTEXTBEGIN
1070
    73
1070
     1
1070
    44
1040
0.8
1070
    74
1070
     0
1000
MTEXTEND
  0
MTEXT
  5
89BF
330
887A
100
AcDbEntity
  8
makro-numeracja-punktow
 62
     6
100
AcDbMText
 10
2943.020999999717
 20
3405.301000003703
 30
0.0
 40
1.0
 41
0.0
 46
0.0
 71
     7
 72
     5
  1
283
  7
GeodText
 73
     1
 44
0.8
1001
ACAD
1000
MTEXTBEGIN
1070
    73
1070
     1
1070
    44
1040
0.8
1070
    74
1070
     0
1000
MTEXTEND
  0
MTEXT
  5
89C0
330
887A
100
AcDbEntity
  8
makro-numeracja-punktow
 62
     6
100
AcDbMText
 10
2947.990999998525
 20
3377.995000002906
 30
0.0
 40
1.0
 41
0.0
 46
0.0
 71
     7
 72
     5
  1
284
  7
GeodText
 73
     1
 44
0.8
1001
ACAD
1000
MTEXTBEGIN
1070
    73
1070
     1
1070
    44
1040
0.8
1070
    74
1070
     0
1000
MTEXTEND
  0
MTEXT
  5
89C1
330
887A
100
AcDbEntity
  8
makro-numeracja-punktow
 62
     6
100
AcDbMText
 10
2951.85099999886
 20
3357.10200000275
 30
0.0
 40
1.0
 41
0.0
 46
0.0
 71
     7
 72
     5
  1
285
  7
GeodText
 73
     1
 44
0.8
1001
ACAD
1000
MTEXTBEGIN
1070
    73
1070
     1
1070
    44
1040
0.8
1070
    74
1070
     0
1000
MTEXTEND
  0
MTEXT
  5
89C2
330
887A
100
AcDbEntity
  8
makro-numeracja-punktow
 62
     6
100
AcDbMText
 10
2969.549999998882
 20
3357.598000003025
 30
0.0
 40
1.0
 41
0.0
 46
0.0
 71
     7
 72
     5
  1
286
  7
GeodText
 73
     1
 44
0.8
1001
ACAD
1000
MTEXTBEGIN
1070
    73
1070
     1
1070
    44
1040
0.8
1070
    74
1070
     0
1000
MTEXTEND
  0
MTEXT
  5
89C3
330
887A
100
AcDbEntity
  8
makro-numeracja-punktow
 62
     6
100
AcDbMText
 10
2992.542999999598
 20
3360.53700000234
 30
0.0
 40
1.0
 41
0.0
 46
0.0
 71
     7
 72
     5
  1
287
  7
GeodText
 73
     1
 44
0.8
1001
ACAD
1000
MTEXTBEGIN
1070
    73
1070
     1
1070
    44
1040
0.8
1070
    74
1070
     0
1000
MTEXTEND
  0
MTEXT
  5
89C4
330
887A
100
AcDbEntity
  8
makro-numeracja-punktow
 62
     6
100
AcDbMText
 10
3011.063999999315
 20
3362.89800000377
 30
0.0
 40
1.0
 41
0.0
 46
0.0
 71
     7
 72
     5
  1
288
  7
GeodText
 73
     1
 44
0.8
1001
ACAD
1000
MTEXTBEGIN
1070
    73
1070
     1
1070
    44
1040
0.8
1070
    74
1070
     0
1000
MTEXTEND
  0
MTEXT
  5
89C5
330
887A
100
AcDbEntity
  8
makro-numeracja-punktow
 62
     6
100
AcDbMText
 10
3004.549000000582
 20
3424.595000002533
 30
0.0
 40
1.0
 41
0.0
 46
0.0
 71
     7
 72
     5
  1
289
  7
GeodText
 73
     1
 44
0.8
1001
ACAD
1000
MTEXTBEGIN
1070
    73
1070
     1
1070
    44
1040
0.8
1070
    74
1070
     0
1000
MTEXTEND
  0
MTEXT
  5
89C6
330
887A
100
AcDbEntity
  8
makro-numeracja-punktow
 62
     6
100
AcDbMText
 10
2977.565999998711
 20
3419.914000002667
 30
0.0
 40
1.0
 41
0.0
 46
0.0
 71
     7
 72
     5
  1
290
  7
GeodText
 73
     1
 44
0.8
1001
ACAD
1000
MTEXTBEGIN
1070
    73
1070
     1
1070
    44
1040
0.8
1070
    74
1070
     0
1000
MTEXTEND
  0
MTEXT
  5
89C7
330
887A
100
AcDbEntity
  8
makro-numeracja-punktow
 62
     6
100
AcDbMText
 10
2954.285999998451
 20
3413.939000003971
 30
0.0
 40
1.0
 41
0.0
 46
0.0
 71
     7
 72
     5
  1
291
  7
GeodText
 73
     1
 44
0.8
1001
ACAD
1000
MTEXTBEGIN
1070
    73
1070
     1
1070
    44
1040
0.8
1070
    74
1070
     0
1000
MTEXTEND
  0
MTEXT
  5
89C8
330
887A
100
AcDbEntity
  8
makro-numeracja-punktow
 62
     6
100
AcDbMText
 10
3032.854999999516
 20
3418.978000002913
 30
0.0
 40
1.0
 41
0.0
 46
0.0
 71
     7
 72
     5
  1
292
  7
GeodText
 73
     1
 44
0.8
1001
ACAD
1000
MTEXTBEGIN
1070
    73
1070
     1
1070
    44
1040
0.8
1070
    74
1070
     0
1000
MTEXTEND
  0
MTEXT
  5
89C9
330
887A
100
AcDbEntity
  8
makro-numeracja-punktow
 62
     6
100
AcDbMText
 10
3060.209999999963
 20
3412.856000002474
 30
0.0
 40
1.0
 41
0.0
 46
0.0
 71
     7
 72
     5
  1
293
  7
GeodText
 73
     1
 44
0.8
1001
ACAD
1000
MTEXTBEGIN
1070
    73
1070
     1
1070
    44
1040
0.8
1070
    74
1070
     0
1000
MTEXTEND
  0
MTEXT
  5
89CA
330
887A
100
AcDbEntity
  8
makro-numeracja-punktow
 62
     6
100
AcDbMText
 10
3089.317999999039
 20
3406.318000002765
 30
0.0
 40
1.0
 41
0.0
 46
0.0
 71
     7
 72
     5
  1
294
  7
GeodText
 73
     1
 44
0.8
1001
ACAD
1000
MTEXTBEGIN
1070
    73
1070
     1
1070
    44
1040
0.8
1070
    74
1070
     0
1000
MTEXTEND
  0
MTEXT
  5
89CB
330
887A
100
AcDbEntity
  8
makro-numeracja-punktow
 62
     6
100
AcDbMText
 10
3119.649999999441
 20
3399.057000002823
 30
0.0
 40
1.0
 41
0.0
 46
0.0
 71
     7
 72
     5
  1
295
  7
GeodText
 73
     1
 44
0.8
1001
ACAD
1000
MTEXTBEGIN
1070
    73
1070
     1
1070
    44
1040
0.8
1070
    74
1070
     0
1000
MTEXTEND
  0
MTEXT
  5
89CC
330
887A
100
AcDbEntity
  8
makro-numeracja-punktow
 62
     6
100
AcDbMText
 10
3147.231999998912
 20
3422.846000001765
 30
0.0
 40
1.0
 41
0.0
 46
0.0
 71
     7
 72
     5
  1
296
  7
GeodText
 73
     1
 44
0.8
1001
ACAD
1000
MTEXTBEGIN
1070
    73
1070
     1
1070
    44
1040
0.8
1070
    74
1070
     0
1000
MTEXTEND
  0
MTEXT
  5
89CD
330
887A
100
AcDbEntity
  8
makro-numeracja-punktow
 62
     6
100
AcDbMText
 10
3182.160000001081
 20
3413.868000002578
 30
0.0
 40
1.0
 41
0.0
 46
0.0
 71
     7
 72
     5
  1
297
  7
GeodText
 73
     1
 44
0.8
1001
ACAD
1000
MTEXTBEGIN
1070
    73
1070
     1
1070
    44
1040
0.8
1070
    74
1070
     0
1000
MTEXTEND
  0
MTEXT
  5
89CE
330
887A
100
AcDbEntity
  8
makro-numeracja-punktow
 62
     6
100
AcDbMText
 10
3219.106999998913
 20
3404.923000003211
 30
0.0
 40
1.0
 41
0.0
 46
0.0
 71
     7
 72
     5
  1
298
  7
GeodText
 73
     1
 44
0.8
1001
ACAD
1000
MTEXTBEGIN
1070
    73
1070
     1
1070
    44
1040
0.8
1070
    74
1070
     0
1000
MTEXTEND
  0
MTEXT
  5
89CF
330
887A
100
AcDbEntity
  8
makro-numeracja-punktow
 62
     6
100
AcDbMText
 10
3262.976999998093
 20
3393.891000002623
 30
0.0
 40
1.0
 41
0.0
 46
0.0
 71
     7
 72
     5
  1
299
  7
GeodText
 73
     1
 44
0.8
1001
ACAD
1000
MTEXTBEGIN
1070
    73
1070
     1
1070
    44
1040
0.8
1070
    74
1070
     0
1000
MTEXTEND
  0
MTEXT
  5
89D0
330
887A
100
AcDbEntity
  8
makro-numeracja-punktow
 62
     6
100
AcDbMText
 10
3295.071999997832
 20
3385.965000001714
 30
0.0
 40
1.0
 41
0.0
 46
0.0
 71
     7
 72
     5
  1
300
  7
GeodText
 73
     1
 44
0.8
1001
ACAD
1000
MTEXTBEGIN
1070
    73
1070
     1
1070
    44
1040
0.8
1070
    74
1070
     0
1000
MTEXTEND
  0
MTEXT
  5
89D1
330
887A
100
AcDbEntity
  8
makro-numeracja-punktow
 62
     6
100
AcDbMText
 10
3324.484999999404
 20
3378.370000001974
 30
0.0
 40
1.0
 41
0.0
 46
0.0
 71
     7
 72
     5
  1
301
  7
GeodText
 73
     1
 44
0.8
1001
ACAD
1000
MTEXTBEGIN
1070
    73
1070
     1
1070
    44
1040
0.8
1070
    74
1070
     0
1000
MTEXTEND
  0
MTEXT
  5
89D2
330
887A
100
AcDbEntity
  8
makro-numeracja-punktow
 62
     6
100
AcDbMText
 10
3360.180000000634
 20
3369.417000001297
 30
0.0
 40
1.0
 41
0.0
 46
0.0
 71
     7
 72
     5
  1
302
  7
GeodText
 73
     1
 44
0.8
1001
ACAD
1000
MTEXTBEGIN
1070
    73
1070
     1
1070
    44
1040
0.8
1070
    74
1070
     0
1000
MTEXTEND
  0
MTEXT
  5
89D3
330
887A
100
AcDbEntity
  8
makro-numeracja-punktow
 62
     6
100
AcDbMText
 10
3381.232999999076
 20
3377.917000001297
 30
0.0
 40
1.0
 41
0.0
 46
0.0
 71
     7
 72
     5
  1
303
  7
GeodText
 73
     1
 44
0.8
1001
ACAD
1000
MTEXTBEGIN
1070
    73
1070
     1
1070
    44
1040
0.8
1070
    74
1070
     0
1000
MTEXTEND
  0
MTEXT
  5
89D4
330
887A
100
AcDbEntity
  8
makro-numeracja-punktow
 62
     6
100
AcDbMText
 10
3380.223000000231
 20
3417.58100000117
 30
0.0
 40
1.0
 41
0.0
 46
0.0
 71
     7
 72
     5
  1
304
  7
GeodText
 73
     1
 44
0.8
1001
ACAD
1000
MTEXTBEGIN
1070
    73
1070
     1
1070
    44
1040
0.8
1070
    74
1070
     0
1000
MTEXTEND
  0
MTEXT
  5
89D5
330
887A
100
AcDbEntity
  8
makro-numeracja-punktow
 62
     6
100
AcDbMText
 10
3379.194999999367
 20
3454.654000002892
 30
0.0
 40
1.0
 41
0.0
 46
0.0
 71
     7
 72
     5
  1
305
  7
GeodText
 73
     1
 44
0.8
1001
ACAD
1000
MTEXTBEGIN
1070
    73
1070
     1
1070
    44
1040
0.8
1070
    74
1070
     0
1000
MTEXTEND
  0
MTEXT
  5
89D6
330
887A
100
AcDbEntity
  8
makro-numeracja-punktow
 62
     6
100
AcDbMText
 10
3382.987999998033
 20
3457.171000001952
 30
0.0
 40
1.0
 41
0.0
 46
0.0
 71
     7
 72
     5
  1
306
  7
GeodText
 73
     1
 44
0.8
1001
ACAD
1000
MTEXTBEGIN
1070
    73
1070
     1
1070
    44
1040
0.8
1070
    74
1070
     0
1000
MTEXTEND
  0
MTEXT
  5
89D7
330
887A
100
AcDbEntity
  8
makro-numeracja-punktow
 62
     6
100
AcDbMText
 10
3411.304999999702
 20
3453.293000002392
 30
0.0
 40
1.0
 41
0.0
 46
0.0
 71
     7
 72
     5
  1
307
  7
GeodText
 73
     1
 44
0.8
1001
ACAD
1000
MTEXTBEGIN
1070
    73
1070
     1
1070
    44
1040
0.8
1070
    74
1070
     0
1000
MTEXTEND
  0
MTEXT
  5
89D8
330
887A
100
AcDbEntity
  8
makro-numeracja-punktow
 62
     6
100
AcDbMText
 10
3374.780999998562
 20
3492.04500000272
 30
0.0
 40
1.0
 41
0.0
 46
0.0
 71
     7
 72
     5
  1
308
  7
GeodText
 73
     1
 44
0.8
1001
ACAD
1000
MTEXTBEGIN
1070
    73
1070
     1
1070
    44
1040
0.8
1070
    74
1070
     0
1000
MTEXTEND
  0
MTEXT
  5
89D9
330
887A
100
AcDbEntity
  8
makro-numeracja-punktow
 62
     6
100
AcDbMText
 10
3369.277999999002
 20
3516.755000002682
 30
0.0
 40
1.0
 41
0.0
 46
0.0
 71
     7
 72
     5
  1
309
  7
GeodText
 73
     1
 44
0.8
1001
ACAD
1000
MTEXTBEGIN
1070
    73
1070
     1
1070
    44
1040
0.8
1070
    74
1070
     0
1000
MTEXTEND
  0
MTEXT
  5
89DA
330
887A
100
AcDbEntity
  8
makro-numeracja-punktow
 62
     6
100
AcDbMText
 10
3363.375
 20
3542.862000002525
 30
0.0
 40
1.0
 41
0.0
 46
0.0
 71
     7
 72
     5
  1
310
  7
GeodText
 73
     1
 44
0.8
1001
ACAD
1000
MTEXTBEGIN
1070
    73
1070
     1
1070
    44
1040
0.8
1070
    74
1070
     0
1000
MTEXTEND
  0
MTEXT
  5
89DB
330
887A
100
AcDbEntity
  8
makro-numeracja-punktow
 62
     6
100
AcDbMText
 10
3357.478999999352
 20
3570.591000002809
 30
0.0
 40
1.0
 41
0.0
 46
0.0
 71
     7
 72
     5
  1
311
  7
GeodText
 73
     1
 44
0.8
1001
ACAD
1000
MTEXTBEGIN
1070
    73
1070
     1
1070
    44
1040
0.8
1070
    74
1070
     0
1000
MTEXTEND
  0
MTEXT
  5
89DC
330
887A
100
AcDbEntity
  8
makro-numeracja-punktow
 62
     6
100
AcDbMText
 10
3361.173000000417
 20
3586.797000003979
 30
0.0
 40
1.0
 41
0.0
 46
0.0
 71
     7
 72
     5
  1
312
  7
GeodText
 73
     1
 44
0.8
1001
ACAD
1000
MTEXTBEGIN
1070
    73
1070
     1
1070
    44
1040
0.8
1070
    74
1070
     0
1000
MTEXTEND
  0
MTEXT
  5
89DD
330
887A
100
AcDbEntity
  8
makro-numeracja-punktow
 62
     6
100
AcDbMText
 10
3368.165999998339
 20
3613.898000002839
 30
0.0
 40
1.0
 41
0.0
 46
0.0
 71
     7
 72
     5
  1
313
  7
GeodText
 73
     1
 44
0.8
1001
ACAD
1000
MTEXTBEGIN
1070
    73
1070
     1
1070
    44
1040
0.8
1070
    74
1070
     0
1000
MTEXTEND
  0
MTEXT
  5
89DE
330
887A
100
AcDbEntity
  8
makro-numeracja-punktow
 62
     6
100
AcDbMText
 10
3386.700000000187
 20
3639.859000002966
 30
0.0
 40
1.0
 41
0.0
 46
0.0
 71
     7
 72
     5
  1
314
  7
GeodText
 73
     1
 44
0.8
1001
ACAD
1000
MTEXTBEGIN
1070
    73
1070
     1
1070
    44
1040
0.8
1070
    74
1070
     0
1000
MTEXTEND
  0
MTEXT
  5
89DF
330
887A
100
AcDbEntity
  8
makro-numeracja-punktow
 62
     6
100
AcDbMText
 10
3409.834999999963
 20
3671.612000002526
 30
0.0
 40
1.0
 41
0.0
 46
0.0
 71
     7
 72
     5
  1
315
  7
GeodText
 73
     1
 44
0.8
1001
ACAD
1000
MTEXTBEGIN
1070
    73
1070
     1
1070
    44
1040
0.8
1070
    74
1070
     0
1000
MTEXTEND
  0
MTEXT
  5
89E0
330
887A
100
AcDbEntity
  8
makro-numeracja-punktow
 62
     6
100
AcDbMText
 10
3433.448999999092
 20
3704.779000002891
 30
0.0
 40
1.0
 41
0.0
 46
0.0
 71
     7
 72
     5
  1
316
  7
GeodText
 73
     1
 44
0.8
1001
ACAD
1000
MTEXTBEGIN
1070
    73
1070
     1
1070
    44
1040
0.8
1070
    74
1070
     0
1000
MTEXTEND
  0
MTEXT
  5
89E1
330
887A
100
AcDbEntity
  8
makro-numeracja-punktow
 62
     6
100
AcDbMText
 10
3455.525999998674
 20
3735.904000002892
 30
0.0
 40
1.0
 41
0.0
 46
0.0
 71
     7
 72
     5
  1
317
  7
GeodText
 73
     1
 44
0.8
1001
ACAD
1000
MTEXTBEGIN
1070
    73
1070
     1
1070
    44
1040
0.8
1070
    74
1070
     0
1000
MTEXTEND
  0
MTEXT
  5
89E2
330
887A
100
AcDbEntity
  8
makro-numeracja-punktow
 62
     6
100
AcDbMText
 10
3455.49199999962
 20
3768.207000001334
 30
0.0
 40
1.0
 41
0.0
 46
0.0
 71
     7
 72
     5
  1
318
  7
GeodText
 73
     1
 44
0.8
1001
ACAD
1000
MTEXTBEGIN
1070
    73
1070
     1
1070
    44
1040
0.8
1070
    74
1070
     0
1000
MTEXTEND
  0
MTEXT
  5
89E3
330
887A
100
AcDbEntity
  8
makro-numeracja-punktow
 62
     6
100
AcDbMText
 10
3444.866999998689
 20
3773.084000003525
 30
0.0
 40
1.0
 41
0.0
 46
0.0
 71
     7
 72
     5
  1
319
  7
GeodText
 73
     1
 44
0.8
1001
ACAD
1000
MTEXTBEGIN
1070
    73
1070
     1
1070
    44
1040
0.8
1070
    74
1070
     0
1000
MTEXTEND
  0
MTEXT
  5
89E4
330
887A
100
AcDbEntity
  8
makro-numeracja-punktow
 62
     6
100
AcDbMText
 10
3433.587000000291
 20
3852.194000002928
 30
0.0
 40
1.0
 41
0.0
 46
0.0
 71
     7
 72
     5
  1
320
  7
GeodText
 73
     1
 44
0.8
1001
ACAD
1000
MTEXTBEGIN
1070
    73
1070
     1
1070
    44
1040
0.8
1070
    74
1070
     0
1000
MTEXTEND
  0
MTEXT
  5
89E5
330
887A
100
AcDbEntity
  8
makro-numeracja-punktow
 62
     6
100
AcDbMText
 10
3438.882999999449
 20
3848.107000002638
 30
0.0
 40
1.0
 41
0.0
 46
0.0
 71
     7
 72
     5
  1
321
  7
GeodText
 73
     1
 44
0.8
1001
ACAD
1000
MTEXTBEGIN
1070
    73
1070
     1
1070
    44
1040
0.8
1070
    74
1070
     0
1000
MTEXTEND
  0
MTEXT
  5
89E6
330
887A
100
AcDbEntity
  8
makro-numeracja-punktow
 62
     6
100
AcDbMText
 10
3471.239999999293
 20
3848.134000003338
 30
0.0
 40
1.0
 41
0.0
 46
0.0
 71
     7
 72
     5
  1
322
  7
GeodText
 73
     1
 44
0.8
1001
ACAD
1000
MTEXTBEGIN
1070
    73
1070
     1
1070
    44
1040
0.8
1070
    74
1070
     0
1000
MTEXTEND
  0
MTEXT
  5
89E7
330
887A
100
AcDbEntity
  8
makro-numeracja-punktow
 62
     6
100
AcDbMText
 10
3497.002999999561
 20
3848.132000003942
 30
0.0
 40
1.0
 41
0.0
 46
0.0
 71
     7
 72
     5
  1
323
  7
GeodText
 73
     1
 44
0.8
1001
ACAD
1000
MTEXTBEGIN
1070
    73
1070
     1
1070
    44
1040
0.8
1070
    74
1070
     0
1000
MTEXTEND
  0
MTEXT
  5
89E8
330
887A
100
AcDbEntity
  8
makro-numeracja-punktow
 62
     6
100
AcDbMText
 10
3538.217999999412
 20
3848.23800000269
 30
0.0
 40
1.0
 41
0.0
 46
0.0
 71
     7
 72
     5
  1
324
  7
GeodText
 73
     1
 44
0.8
1001
ACAD
1000
MTEXTBEGIN
1070
    73
1070
     1
1070
    44
1040
0.8
1070
    74
1070
     0
1000
MTEXTEND
  0
MTEXT
  5
89E9
330
887A
100
AcDbEntity
  8
makro-numeracja-punktow
 62
     6
100
AcDbMText
 10
3569.682999999262
 20
3848.225000002422
 30
0.0
 40
1.0
 41
0.0
 46
0.0
 71
     7
 72
     5
  1
325
  7
GeodText
 73
     1
 44
0.8
1001
ACAD
1000
MTEXTBEGIN
1070
    73
1070
     1
1070
    44
1040
0.8
1070
    74
1070
     0
1000
MTEXTEND
  0
MTEXT
  5
89EA
330
887A
100
AcDbEntity
  8
makro-numeracja-punktow
 62
     6
100
AcDbMText
 10
3600.049999999814
 20
3847.716000002809
 30
0.0
 40
1.0
 41
0.0
 46
0.0
 71
     7
 72
     5
  1
326
  7
GeodText
 73
     1
 44
0.8
1001
ACAD
1000
MTEXTBEGIN
1070
    73
1070
     1
1070
    44
1040
0.8
1070
    74
1070
     0
1000
MTEXTEND
  0
MTEXT
  5
89EB
330
887A
100
AcDbEntity
  8
makro-numeracja-punktow
 62
     6
100
AcDbMText
 10
3636.582999999635
 20
3847.587000001222
 30
0.0
 40
1.0
 41
0.0
 46
0.0
 71
     7
 72
     5
  1
327
  7
GeodText
 73
     1
 44
0.8
1001
ACAD
1000
MTEXTBEGIN
1070
    73
1070
     1
1070
    44
1040
0.8
1070
    74
1070
     0
1000
MTEXTEND
  0
MTEXT
  5
89EC
330
887A
100
AcDbEntity
  8
makro-numeracja-punktow
 62
     6
100
AcDbMText
 10
3577.282999997958
 20
3708.257000003011
 30
0.0
 40
1.0
 41
0.0
 46
0.0
 71
     7
 72
     5
  1
328
  7
GeodText
 73
     1
 44
0.8
1001
ACAD
1000
MTEXTBEGIN
1070
    73
1070
     1
1070
    44
1040
0.8
1070
    74
1070
     0
1000
MTEXTEND
  0
MTEXT
  5
89ED
330
887A
100
AcDbEntity
  8
makro-numeracja-punktow
 62
     6
100
AcDbMText
 10
3546.663000000641
 20
3714.087000002154
 30
0.0
 40
1.0
 41
0.0
 46
0.0
 71
     7
 72
     5
  1
329
  7
GeodText
 73
     1
 44
0.8
1001
ACAD
1000
MTEXTBEGIN
1070
    73
1070
     1
1070
    44
1040
0.8
1070
    74
1070
     0
1000
MTEXTEND
  0
MTEXT
  5
89EE
330
887A
100
AcDbEntity
  8
makro-numeracja-punktow
 62
     6
100
AcDbMText
 10
3541.392999999226
 20
3710.367000002414
 30
0.0
 40
1.0
 41
0.0
 46
0.0
 71
     7
 72
     5
  1
330
  7
GeodText
 73
     1
 44
0.8
1001
ACAD
1000
MTEXTBEGIN
1070
    73
1070
     1
1070
    44
1040
0.8
1070
    74
1070
     0
1000
MTEXTEND
  0
MTEXT
  5
89EF
330
887A
100
AcDbEntity
  8
makro-numeracja-punktow
 62
     6
100
AcDbMText
 10
3535.892999999225
 20
3685.717000002973
 30
0.0
 40
1.0
 41
0.0
 46
0.0
 71
     7
 72
     5
  1
331
  7
GeodText
 73
     1
 44
0.8
1001
ACAD
1000
MTEXTBEGIN
1070
    73
1070
     1
1070
    44
1040
0.8
1070
    74
1070
     0
1000
MTEXTEND
  0
MTEXT
  5
89F0
330
887A
100
AcDbEntity
  8
makro-numeracja-punktow
 62
     6
100
AcDbMText
 10
3531.692999998108
 20
3697.87700000219
 30
0.0
 40
1.0
 41
0.0
 46
0.0
 71
     7
 72
     5
  1
332
  7
GeodText
 73
     1
 44
0.8
1001
ACAD
1000
MTEXTBEGIN
1070
    73
1070
     1
1070
    44
1040
0.8
1070
    74
1070
     0
1000
MTEXTEND
  0
MTEXT
  5
89F1
330
887A
100
AcDbEntity
  8
makro-numeracja-punktow
 62
     6
100
AcDbMText
 10
3511.422999999486
 20
3702.097000003793
 30
0.0
 40
1.0
 41
0.0
 46
0.0
 71
     7
 72
     5
  1
333
  7
GeodText
 73
     1
 44
0.8
1001
ACAD
1000
MTEXTBEGIN
1070
    73
1070
     1
1070
    44
1040
0.8
1070
    74
1070
     0
1000
MTEXTEND
  0
MTEXT
  5
89F2
330
887A
100
AcDbEntity
  8
makro-numeracja-punktow
 62
     6
100
AcDbMText
 10
3528.402999999002
 20
3652.857000002638
 30
0.0
 40
1.0
 41
0.0
 46
0.0
 71
     7
 72
     5
  1
334
  7
GeodText
 73
     1
 44
0.8
1001
ACAD
1000
MTEXTBEGIN
1070
    73
1070
     1
1070
    44
1040
0.8
1070
    74
1070
     0
1000
MTEXTEND
  0
MTEXT
  5
89F3
330
887A
100
AcDbEntity
  8
makro-numeracja-punktow
 62
     6
100
AcDbMText
 10
3519.602999999188
 20
3648.537000001408
 30
0.0
 40
1.0
 41
0.0
 46
0.0
 71
     7
 72
     5
  1
335
  7
GeodText
 73
     1
 44
0.8
1001
ACAD
1000
MTEXTBEGIN
1070
    73
1070
     1
1070
    44
1040
0.8
1070
    74
1070
     0
1000
MTEXTEND
  0
MTEXT
  5
89F4
330
887A
100
AcDbEntity
  8
makro-numeracja-punktow
 62
     6
100
AcDbMText
 10
3503.612999998965
 20
3641.777000002563
 30
0.0
 40
1.0
 41
0.0
 46
0.0
 71
     7
 72
     5
  1
336
  7
GeodText
 73
     1
 44
0.8
1001
ACAD
1000
MTEXTBEGIN
1070
    73
1070
     1
1070
    44
1040
0.8
1070
    74
1070
     0
1000
MTEXTEND
  0
MTEXT
  5
89F5
330
887A
100
AcDbEntity
  8
makro-numeracja-punktow
 62
     6
100
AcDbMText
 10
3498.042999999598
 20
3617.127000001259
 30
0.0
 40
1.0
 41
0.0
 46
0.0
 71
     7
 72
     5
  1
337
  7
GeodText
 73
     1
 44
0.8
1001
ACAD
1000
MTEXTBEGIN
1070
    73
1070
     1
1070
    44
1040
0.8
1070
    74
1070
     0
1000
MTEXTEND
  0
MTEXT
  5
89F6
330
887A
100
AcDbEntity
  8
makro-numeracja-punktow
 62
     6
100
AcDbMText
 10
3526.872999999672
 20
3610.877000002191
 30
0.0
 40
1.0
 41
0.0
 46
0.0
 71
     7
 72
     5
  1
338
  7
GeodText
 73
     1
 44
0.8
1001
ACAD
1000
MTEXTBEGIN
1070
    73
1070
     1
1070
    44
1040
0.8
1070
    74
1070
     0
1000
MTEXTEND
  0
MTEXT
  5
89F7
330
887A
100
AcDbEntity
  8
makro-numeracja-punktow
 62
     6
100
AcDbMText
 10
3519.41299999971
 20
3577.267000002787
 30
0.0
 40
1.0
 41
0.0
 46
0.0
 71
     7
 72
     5
  1
339
  7
GeodText
 73
     1
 44
0.8
1001
ACAD
1000
MTEXTBEGIN
1070
    73
1070
     1
1070
    44
1040
0.8
1070
    74
1070
     0
1000
MTEXTEND
  0
MTEXT
  5
89F8
330
887A
100
AcDbEntity
  8
makro-numeracja-punktow
 62
     6
100
AcDbMText
 10
3512.16299999971
 20
3544.217000002973
 30
0.0
 40
1.0
 41
0.0
 46
0.0
 71
     7
 72
     5
  1
340
  7
GeodText
 73
     1
 44
0.8
1001
ACAD
1000
MTEXTBEGIN
1070
    73
1070
     1
1070
    44
1040
0.8
1070
    74
1070
     0
1000
MTEXTEND
  0
MTEXT
  5
89F9
330
887A
100
AcDbEntity
  8
makro-numeracja-punktow
 62
     6
100
AcDbMText
 10
3502.253000000492
 20
3498.84700000193
 30
0.0
 40
1.0
 41
0.0
 46
0.0
 71
     7
 72
     5
  1
341
  7
GeodText
 73
     1
 44
0.8
1001
ACAD
1000
MTEXTBEGIN
1070
    73
1070
     1
1070
    44
1040
0.8
1070
    74
1070
     0
1000
MTEXTEND
  0
MTEXT
  5
89FA
330
887A
100
AcDbEntity
  8
makro-numeracja-punktow
 62
     6
100
AcDbMText
 10
3494.513000000269
 20
3462.957000001334
 30
0.0
 40
1.0
 41
0.0
 46
0.0
 71
     7
 72
     5
  1
342
  7
GeodText
 73
     1
 44
0.8
1001
ACAD
1000
MTEXTBEGIN
1070
    73
1070
     1
1070
    44
1040
0.8
1070
    74
1070
     0
1000
MTEXTEND
  0
MTEXT
  5
89FB
330
887A
100
AcDbEntity
  8
makro-numeracja-punktow
 62
     6
100
AcDbMText
 10
3486.212999999523
 20
3424.367000002414
 30
0.0
 40
1.0
 41
0.0
 46
0.0
 71
     7
 72
     5
  1
343
  7
GeodText
 73
     1
 44
0.8
1001
ACAD
1000
MTEXTBEGIN
1070
    73
1070
     1
1070
    44
1040
0.8
1070
    74
1070
     0
1000
MTEXTEND
  0
MTEXT
  5
89FC
330
887A
100
AcDbEntity
  8
makro-numeracja-punktow
 62
     6
100
AcDbMText
 10
3477.922999999486
 20
3384.897000002675
 30
0.0
 40
1.0
 41
0.0
 46
0.0
 71
     7
 72
     5
  1
344
  7
GeodText
 73
     1
 44
0.8
1001
ACAD
1000
MTEXTBEGIN
1070
    73
1070
     1
1070
    44
1040
0.8
1070
    74
1070
     0
1000
MTEXTEND
  0
MTEXT
  5
89FD
330
887A
100
AcDbEntity
  8
makro-numeracja-punktow
 62
     6
100
AcDbMText
 10
3471.143000000156
 20
3352.957000002265
 30
0.0
 40
1.0
 41
0.0
 46
0.0
 71
     7
 72
     5
  1
345
  7
GeodText
 73
     1
 44
0.8
1001
ACAD
1000
MTEXTBEGIN
1070
    73
1070
     1
1070
    44
1040
0.8
1070
    74
1070
     0
1000
MTEXTEND
  0
MTEXT
  5
89FE
330
887A
100
AcDbEntity
  8
makro-numeracja-punktow
 62
     6
100
AcDbMText
 10
3405.376999999397
 20
3410.972000002861
 30
0.0
 40
1.0
 41
0.0
 46
0.0
 71
     7
 72
     5
  1
346
  7
GeodText
 73
     1
 44
0.8
1001
ACAD
1000
MTEXTBEGIN
1070
    73
1070
     1
1070
    44
1040
0.8
1070
    74
1070
     0
1000
MTEXTEND
  0
MTEXT
  5
89FF
330
887A
100
AcDbEntity
  8
makro-numeracja-punktow
 62
     6
100
AcDbMText
 10
3383.920999998227
 20
3413.835000001826
 30
0.0
 40
1.0
 41
0.0
 46
0.0
 71
     7
 72
     5
  1
347
  7
GeodText
 73
     1
 44
0.8
1001
ACAD
1000
MTEXTBEGIN
1070
    73
1070
     1
1070
    44
1040
0.8
1070
    74
1070
     0
1000
MTEXTEND
  0
MTEXT
  5
8A00
330
887A
100
AcDbEntity
  8
makro-numeracja-punktow
 62
     6
100
AcDbMText
 10
3335.989999999292
 20
3450.429000003263
 30
0.0
 40
1.0
 41
0.0
 46
0.0
 71
     7
 72
     5
  1
348
  7
GeodText
 73
     1
 44
0.8
1001
ACAD
1000
MTEXTBEGIN
1070
    73
1070
     1
1070
    44
1040
0.8
1070
    74
1070
     0
1000
MTEXTEND
  0
MTEXT
  5
8A01
330
887A
100
AcDbEntity
  8
makro-numeracja-punktow
 62
     6
100
AcDbMText
 10
3364.242999998853
 20
3447.849000002257
 30
0.0
 40
1.0
 41
0.0
 46
0.0
 71
     7
 72
     5
  1
349
  7
GeodText
 73
     1
 44
0.8
1001
ACAD
1000
MTEXTBEGIN
1070
    73
1070
     1
1070
    44
1040
0.8
1070
    74
1070
     0
1000
MTEXTEND
  0
MTEXT
  5
8A02
330
887A
100
AcDbEntity
  8
makro-numeracja-punktow
 62
     6
100
AcDbMText
 10
3373.252999999561
 20
3514.523000002839
 30
0.0
 40
1.0
 41
0.0
 46
0.0
 71
     7
 72
     5
  1
350
  7
GeodText
 73
     1
 44
0.8
1001
ACAD
1000
MTEXTBEGIN
1070
    73
1070
     1
1070
    44
1040
0.8
1070
    74
1070
     0
1000
MTEXTEND
  0
MTEXT
  5
8A03
330
887A
100
AcDbEntity
  8
makro-numeracja-punktow
 62
     6
100
AcDbMText
 10
3391.708999999799
 20
3518.690000002273
 30
0.0
 40
1.0
 41
0.0
 46
0.0
 71
     7
 72
     5
  1
351
  7
GeodText
 73
     1
 44
0.8
1001
ACAD
1000
MTEXTBEGIN
1070
    73
1070
     1
1070
    44
1040
0.8
1070
    74
1070
     0
1000
MTEXTEND
  0
MTEXT
  5
8A04
330
887A
100
AcDbEntity
  8
makro-numeracja-punktow
 62
     6
100
AcDbMText
 10
3369.302999999374
 20
3593.84700000193
 30
0.0
 40
1.0
 41
0.0
 46
0.0
 71
     7
 72
     5
  1
352
  7
GeodText
 73
     1
 44
0.8
1001
ACAD
1000
MTEXTBEGIN
1070
    73
1070
     1
1070
    44
1040
0.8
1070
    74
1070
     0
1000
MTEXTEND
  0
MTEXT
  5
8A05
330
887A
100
AcDbEntity
  8
makro-numeracja-punktow
 62
     6
100
AcDbMText
 10
3407.932999998331
 20
3584.747000002302
 30
0.0
 40
1.0
 41
0.0
 46
0.0
 71
     7
 72
     5
  1
353
  7
GeodText
 73
     1
 44
0.8
1001
ACAD
1000
MTEXTBEGIN
1070
    73
1070
     1
1070
    44
1040
0.8
1070
    74
1070
     0
1000
MTEXTEND
  0
MTEXT
  5
8A06
330
887A
100
AcDbEntity
  8
makro-numeracja-punktow
 62
     6
100
AcDbMText
 10
3439.78299999889
 20
3577.247000002302
 30
0.0
 40
1.0
 41
0.0
 46
0.0
 71
     7
 72
     5
  1
354
  7
GeodText
 73
     1
 44
0.8
1001
ACAD
1000
MTEXTBEGIN
1070
    73
1070
     1
1070
    44
1040
0.8
1070
    74
1070
     0
1000
MTEXTEND
  0
MTEXT
  5
8A07
330
887A
100
AcDbEntity
  8
makro-numeracja-punktow
 62
     6
100
AcDbMText
 10
3463.373000000603
 20
3502.527000001632
 30
0.0
 40
1.0
 41
0.0
 46
0.0
 71
     7
 72
     5
  1
355
  7
GeodText
 73
     1
 44
0.8
1001
ACAD
1000
MTEXTBEGIN
1070
    73
1070
     1
1070
    44
1040
0.8
1070
    74
1070
     0
1000
MTEXTEND
  0
MTEXT
  5
8A08
330
887A
100
AcDbEntity
  8
makro-numeracja-punktow
 62
     6
100
AcDbMText
 10
3498.982999998144
 20
3494.487000001595
 30
0.0
 40
1.0
 41
0.0
 46
0.0
 71
     7
 72
     5
  1
356
  7
GeodText
 73
     1
 44
0.8
1001
ACAD
1000
MTEXTBEGIN
1070
    73
1070
     1
1070
    44
1040
0.8
1070
    74
1070
     0
1000
MTEXTEND
  0
MTEXT
  5
8A09
330
887A
100
AcDbEntity
  8
makro-numeracja-punktow
 62
     6
100
AcDbMText
 10
3536.802999999375
 20
3520.877000002191
 30
0.0
 40
1.0
 41
0.0
 46
0.0
 71
     7
 72
     5
  1
357
  7
GeodText
 73
     1
 44
0.8
1001
ACAD
1000
MTEXTBEGIN
1070
    73
1070
     1
1070
    44
1040
0.8
1070
    74
1070
     0
1000
MTEXTEND
  0
MTEXT
  5
8A0A
330
887A
100
AcDbEntity
  8
makro-numeracja-punktow
 62
     6
100
AcDbMText
 10
3559.462999999523
 20
3492.707000001334
 30
0.0
 40
1.0
 41
0.0
 46
0.0
 71
     7
 72
     5
  1
358
  7
GeodText
 73
     1
 44
0.8
1001
ACAD
1000
MTEXTBEGIN
1070
    73
1070
     1
1070
    44
1040
0.8
1070
    74
1070
     0
1000
MTEXTEND
  0
MTEXT
  5
8A0B
330
887A
100
AcDbEntity
  8
makro-numeracja-punktow
 62
     6
100
AcDbMText
 10
3582.152999999002
 20
3464.307000003755
 30
0.0
 40
1.0
 41
0.0
 46
0.0
 71
     7
 72
     5
  1
359
  7
GeodText
 73
     1
 44
0.8
1001
ACAD
1000
MTEXTBEGIN
1070
    73
1070
     1
1070
    44
1040
0.8
1070
    74
1070
     0
1000
MTEXTEND
  0
MTEXT
  5
8A0C
330
887A
100
AcDbEntity
  8
makro-numeracja-punktow
 62
     6
100
AcDbMText
 10
3619.163000000641
 20
3417.567000003532
 30
0.0
 40
1.0
 41
0.0
 46
0.0
 71
     7
 72
     5
  1
360
  7
GeodText
 73
     1
 44
0.8
1001
ACAD
1000
MTEXTBEGIN
1070
    73
1070
     1
1070
    44
1040
0.8
1070
    74
1070
     0
1000
MTEXTEND
  0
MTEXT
  5
8A0D
330
887A
100
AcDbEntity
  8
makro-numeracja-punktow
 62
     6
100
AcDbMText
 10
3644.023000000045
 20
3386.767000001855
 30
0.0
 40
1.0
 41
0.0
 46
0.0
 71
     7
 72
     5
  1
361
  7
GeodText
 73
     1
 44
0.8
1001
ACAD
1000
MTEXTBEGIN
1070
    73
1070
     1
1070
    44
1040
0.8
1070
    74
1070
     0
1000
MTEXTEND
  0
MTEXT
  5
8A0E
330
887A
100
AcDbEntity
  8
makro-numeracja-punktow
 62
     6
100
AcDbMText
 10
3668.042999999598
 20
3356.967000002973
 30
0.0
 40
1.0
 41
0.0
 46
0.0
 71
     7
 72
     5
  1
362
  7
GeodText
 73
     1
 44
0.8
1001
ACAD
1000
MTEXTBEGIN
1070
    73
1070
     1
1070
    44
1040
0.8
1070
    74
1070
     0
1000
MTEXTEND
  0
MTEXT
  5
8A0F
330
887A
100
AcDbEntity
  8
makro-numeracja-punktow
 62
     6
100
AcDbMText
 10
3677.372999999672
 20
3334.367000002414
 30
0.0
 40
1.0
 41
0.0
 46
0.0
 71
     7
 72
     5
  1
363
  7
GeodText
 73
     1
 44
0.8
1001
ACAD
1000
MTEXTBEGIN
1070
    73
1070
     1
1070
    44
1040
0.8
1070
    74
1070
     0
1000
MTEXTEND
  0
MTEXT
  5
8A10
330
887A
100
AcDbEntity
  8
makro-numeracja-punktow
 62
     6
100
AcDbMText
 10
3673.512999999337
 20
3301.117000001483
 30
0.0
 40
1.0
 41
0.0
 46
0.0
 71
     7
 72
     5
  1
364
  7
GeodText
 73
     1
 44
0.8
1001
ACAD
1000
MTEXTBEGIN
1070
    73
1070
     1
1070
    44
1040
0.8
1070
    74
1070
     0
1000
MTEXTEND
  0
MTEXT
  5
8A11
330
887A
100
AcDbEntity
  8
makro-numeracja-punktow
 62
     6
100
AcDbMText
 10
3567.542000000365
 20
3328.255000002683
 30
0.0
 40
1.0
 41
0.0
 46
0.0
 71
     7
 72
     5
  1
365
  7
GeodText
 73
     1
 44
0.8
1001
ACAD
1000
MTEXTBEGIN
1070
    73
1070
     1
1070
    44
1040
0.8
1070
    74
1070
     0
1000
MTEXTEND
  0
MTEXT
  5
8A12
330
887A
100
AcDbEntity
  8
makro-numeracja-punktow
 62
     6
100
AcDbMText
 10
3574.712999999523
 20
3360.837000001222
 30
0.0
 40
1.0
 41
0.0
 46
0.0
 71
     7
 72
     5
  1
366
  7
GeodText
 73
     1
 44
0.8
1001
ACAD
1000
MTEXTBEGIN
1070
    73
1070
     1
1070
    44
1040
0.8
1070
    74
1070
     0
1000
MTEXTEND
  0
MTEXT
  5
8A13
330
887A
100
AcDbEntity
  8
makro-numeracja-punktow
 62
     6
100
AcDbMText
 10
3609.253000000492
 20
3474.487000002526
 30
0.0
 40
1.0
 41
0.0
 46
0.0
 71
     7
 72
     5
  1
367
  7
GeodText
 73
     1
 44
0.8
1001
ACAD
1000
MTEXTBEGIN
1070
    73
1070
     1
1070
    44
1040
0.8
1070
    74
1070
     0
1000
MTEXTEND
  0
MTEXT
  5
8A14
330
887A
100
AcDbEntity
  8
makro-numeracja-punktow
 62
     6
100
AcDbMText
 10
3614.03299999889
 20
3496.347000002862
 30
0.0
 40
1.0
 41
0.0
 46
0.0
 71
     7
 72
     5
  1
368
  7
GeodText
 73
     1
 44
0.8
1001
ACAD
1000
MTEXTBEGIN
1070
    73
1070
     1
1070
    44
1040
0.8
1070
    74
1070
     0
1000
MTEXTEND
  0
MTEXT
  5
8A15
330
887A
100
AcDbEntity
  8
makro-numeracja-punktow
 62
     6
100
AcDbMText
 10
3621.083000000567
 20
3528.177000003867
 30
0.0
 40
1.0
 41
0.0
 46
0.0
 71
     7
 72
     5
  1
369
  7
GeodText
 73
     1
 44
0.8
1001
ACAD
1000
MTEXTBEGIN
1070
    73
1070
     1
1070
    44
1040
0.8
1070
    74
1070
     0
1000
MTEXTEND
  0
MTEXT
  5
8A16
330
887A
100
AcDbEntity
  8
makro-numeracja-punktow
 62
     6
100
AcDbMText
 10
3630.042999999598
 20
3568.317000001669
 30
0.0
 40
1.0
 41
0.0
 46
0.0
 71
     7
 72
     5
  1
370
  7
GeodText
 73
     1
 44
0.8
1001
ACAD
1000
MTEXTBEGIN
1070
    73
1070
     1
1070
    44
1040
0.8
1070
    74
1070
     0
1000
MTEXTEND
  0
MTEXT
  5
8A17
330
887A
100
AcDbEntity
  8
makro-numeracja-punktow
 62
     6
100
AcDbMText
 10
3638.553000000306
 20
3607.507000003942
 30
0.0
 40
1.0
 41
0.0
 46
0.0
 71
     7
 72
     5
  1
371
  7
GeodText
 73
     1
 44
0.8
1001
ACAD
1000
MTEXTBEGIN
1070
    73
1070
     1
1070
    44
1040
0.8
1070
    74
1070
     0
1000
MTEXTEND
  0
MTEXT
  5
8A18
330
887A
100
AcDbEntity
  8
makro-numeracja-punktow
 62
     6
100
AcDbMText
 10
3644.262999999337
 20
3621.677000002936
 30
0.0
 40
1.0
 41
0.0
 46
0.0
 71
     7
 72
     5
  1
372
  7
GeodText
 73
     1
 44
0.8
1001
ACAD
1000
MTEXTBEGIN
1070
    73
1070
     1
1070
    44
1040
0.8
1070
    74
1070
     0
1000
MTEXTEND
  0
MTEXT
  5
8A19
330
887A
100
AcDbEntity
  8
makro-numeracja-punktow
 62
     6
100
AcDbMText
 10
3597.913000000641
 20
3631.687000001781
 30
0.0
 40
1.0
 41
0.0
 46
0.0
 71
     7
 72
     5
  1
373
  7
GeodText
 73
     1
 44
0.8
1001
ACAD
1000
MTEXTBEGIN
1070
    73
1070
     1
1070
    44
1040
0.8
1070
    74
1070
     0
1000
MTEXTEND
  0
MTEXT
  5
8A1A
330
887A
100
AcDbEntity
  8
makro-numeracja-punktow
 62
     6
100
AcDbMText
 10
3560.022999999114
 20
3639.747000002302
 30
0.0
 40
1.0
 41
0.0
 46
0.0
 71
     7
 72
     5
  1
374
  7
GeodText
 73
     1
 44
0.8
1001
ACAD
1000
MTEXTBEGIN
1070
    73
1070
     1
1070
    44
1040
0.8
1070
    74
1070
     0
1000
MTEXTEND
  0
MTEXT
  5
8A1B
330
887A
100
AcDbEntity
  8
makro-numeracja-punktow
 62
     6
100
AcDbMText
 10
3489.712999999523
 20
3654.817000002601
 30
0.0
 40
1.0
 41
0.0
 46
0.0
 71
     7
 72
     5
  1
375
  7
GeodText
 73
     1
 44
0.8
1001
ACAD
1000
MTEXTBEGIN
1070
    73
1070
     1
1070
    44
1040
0.8
1070
    74
1070
     0
1000
MTEXTEND
  0
MTEXT
  5
8A1C
330
887A
100
AcDbEntity
  8
makro-numeracja-punktow
 62
     6
100
AcDbMText
 10
3458.532999997959
 20
3661.547000003048
 30
0.0
 40
1.0
 41
0.0
 46
0.0
 71
     7
 72
     5
  1
376
  7
GeodText
 73
     1
 44
0.8
1001
ACAD
1000
MTEXTBEGIN
1070
    73
1070
     1
1070
    44
1040
0.8
1070
    74
1070
     0
1000
MTEXTEND
  0
MTEXT
  5
8A1D
330
887A
100
AcDbEntity
  8
makro-numeracja-punktow
 62
     6
100
AcDbMText
 10
3324.293999999762
 20
3646.85500000231
 30
0.0
 40
1.0
 41
0.0
 46
0.0
 71
     7
 72
     5
  1
377
  7
GeodText
 73
     1
 44
0.8
1001
ACAD
1000
MTEXTBEGIN
1070
    73
1070
     1
1070
    44
1040
0.8
1070
    74
1070
     0
1000
MTEXTEND
  0
MTEXT
  5
8A1E
330
887A
100
AcDbEntity
  8
makro-numeracja-punktow
 62
     6
100
AcDbMText
 10
3286.059910126962
 20
3648.940591701307
 30
0.0
 40
1.0
 41
0.0
 46
0.0
 71
     7
 72
     5
  1
378
  7
GeodText
 73
     1
 44
0.8
1001
ACAD
1000
MTEXTBEGIN
1070
    73
1070
     1
1070
    44
1040
0.8
1070
    74
1070
     0
1000
MTEXTEND
  0
MTEXT
  5
8A1F
330
887A
100
AcDbEntity
  8
makro-numeracja-punktow
 62
     6
100
AcDbMText
 10
3281.764999999665
 20
3652.974000003189
 30
0.0
 40
1.0
 41
0.0
 46
0.0
 71
     7
 72
     5
  1
379
  7
GeodText
 73
     1
 44
0.8
1001
ACAD
1000
MTEXTBEGIN
1070
    73
1070
     1
1070
    44
1040
0.8
1070
    74
1070
     0
1000
MTEXTEND
  0
MTEXT
  5
8A20
330
887A
100
AcDbEntity
  8
makro-numeracja-punktow
 62
     6
100
AcDbMText
 10
3278.78000000026
 20
3612.005000001751
 30
0.0
 40
1.0
 41
0.0
 46
0.0
 71
     7
 72
     5
  1
380
  7
GeodText
 73
     1
 44
0.8
1001
ACAD
1000
MTEXTBEGIN
1070
    73
1070
     1
1070
    44
1040
0.8
1070
    74
1070
     0
1000
MTEXTEND
  0
MTEXT
  5
8A21
330
887A
100
AcDbEntity
  8
makro-numeracja-punktow
 62
     6
100
AcDbMText
 10
3275.742999997922
 20
3575.191000002437
 30
0.0
 40
1.0
 41
0.0
 46
0.0
 71
     7
 72
     5
  1
381
  7
GeodText
 73
     1
 44
0.8
1001
ACAD
1000
MTEXTBEGIN
1070
    73
1070
     1
1070
    44
1040
0.8
1070
    74
1070
     0
1000
MTEXTEND
  0
MTEXT
  5
8A22
330
887A
100
AcDbEntity
  8
makro-numeracja-punktow
 62
     6
100
AcDbMText
 10
3260.552999999374
 20
3574.707000001334
 30
0.0
 40
1.0
 41
0.0
 46
0.0
 71
     7
 72
     5
  1
382
  7
GeodText
 73
     1
 44
0.8
1001
ACAD
1000
MTEXTBEGIN
1070
    73
1070
     1
1070
    44
1040
0.8
1070
    74
1070
     0
1000
MTEXTEND
  0
MTEXT
  5
8A23
330
887A
100
AcDbEntity
  8
makro-numeracja-punktow
 62
     6
100
AcDbMText
 10
3236.555999998004
 20
3575.95800000243
 30
0.0
 40
1.0
 41
0.0
 46
0.0
 71
     7
 72
     5
  1
383
  7
GeodText
 73
     1
 44
0.8
1001
ACAD
1000
MTEXTBEGIN
1070
    73
1070
     1
1070
    44
1040
0.8
1070
    74
1070
     0
1000
MTEXTEND
  0
MTEXT
  5
8A24
330
887A
100
AcDbEntity
  8
makro-numeracja-punktow
 62
     6
100
AcDbMText
 10
3285.292999999598
 20
3694.857000001706
 30
0.0
 40
1.0
 41
0.0
 46
0.0
 71
     7
 72
     5
  1
384
  7
GeodText
 73
     1
 44
0.8
1001
ACAD
1000
MTEXTBEGIN
1070
    73
1070
     1
1070
    44
1040
0.8
1070
    74
1070
     0
1000
MTEXTEND
  0
MTEXT
  5
8A25
330
887A
100
AcDbEntity
  8
makro-numeracja-punktow
 62
     6
100
AcDbMText
 10
3288.392999999226
 20
3732.737000001595
 30
0.0
 40
1.0
 41
0.0
 46
0.0
 71
     7
 72
     5
  1
385
  7
GeodText
 73
     1
 44
0.8
1001
ACAD
1000
MTEXTBEGIN
1070
    73
1070
     1
1070
    44
1040
0.8
1070
    74
1070
     0
1000
MTEXTEND
  0
MTEXT
  5
8A26
330
887A
100
AcDbEntity
  8
makro-numeracja-punktow
 62
     6
100
AcDbMText
 10
3287.512999999337
 20
3776.147000002675
 30
0.0
 40
1.0
 41
0.0
 46
0.0
 71
     7
 72
     5
  1
386
  7
GeodText
 73
     1
 44
0.8
1001
ACAD
1000
MTEXTBEGIN
1070
    73
1070
     1
1070
    44
1040
0.8
1070
    74
1070
     0
1000
MTEXTEND
  0
MTEXT
  5
8A27
330
887A
100
AcDbEntity
  8
makro-numeracja-punktow
 62
     6
100
AcDbMText
 10
3292.28799999971
 20
3782.41200000234
 30
0.0
 40
1.0
 41
0.0
 46
0.0
 71
     7
 72
     5
  1
387
  7
GeodText
 73
     1
 44
0.8
1001
ACAD
1000
MTEXTBEGIN
1070
    73
1070
     1
1070
    44
1040
0.8
1070
    74
1070
     0
1000
MTEXTEND
  0
MTEXT
  5
8A28
330
887A
100
AcDbEntity
  8
makro-numeracja-punktow
 62
     6
100
AcDbMText
 10
3288.940999998711
 20
3796.932000002824
 30
0.0
 40
1.0
 41
0.0
 46
0.0
 71
     7
 72
     5
  1
388
  7
GeodText
 73
     1
 44
0.8
1001
ACAD
1000
MTEXTBEGIN
1070
    73
1070
     1
1070
    44
1040
0.8
1070
    74
1070
     0
1000
MTEXTEND
  0
MTEXT
  5
8A29
330
887A
100
AcDbEntity
  8
makro-numeracja-punktow
 62
     6
100
AcDbMText
 10
3291.572999998928
 20
3833.377000001259
 30
0.0
 40
1.0
 41
0.0
 46
0.0
 71
     7
 72
     5
  1
389
  7
GeodText
 73
     1
 44
0.8
1001
ACAD
1000
MTEXTBEGIN
1070
    73
1070
     1
1070
    44
1040
0.8
1070
    74
1070
     0
1000
MTEXTEND
  0
MTEXT
  5
8A2A
330
887A
100
AcDbEntity
  8
makro-numeracja-punktow
 62
     6
100
AcDbMText
 10
3294.120999998413
 20
3867.396000002511
 30
0.0
 40
1.0
 41
0.0
 46
0.0
 71
     7
 72
     5
  1
390
  7
GeodText
 73
     1
 44
0.8
1001
ACAD
1000
MTEXTBEGIN
1070
    73
1070
     1
1070
    44
1040
0.8
1070
    74
1070
     0
1000
MTEXTEND
  0
MTEXT
  5
8A2B
330
887A
100
AcDbEntity
  8
makro-numeracja-punktow
 62
     6
100
AcDbMText
 10
3296.910000000149
 20
3902.096000001766
 30
0.0
 40
1.0
 41
0.0
 46
0.0
 71
     7
 72
     5
  1
391
  7
GeodText
 73
     1
 44
0.8
1001
ACAD
1000
MTEXTBEGIN
1070
    73
1070
     1
1070
    44
1040
0.8
1070
    74
1070
     0
1000
MTEXTEND
  0
MTEXT
  5
8A2C
330
887A
100
AcDbEntity
  8
makro-numeracja-punktow
 62
     6
100
AcDbMText
 10
3299.902999998071
 20
3943.38700000383
 30
0.0
 40
1.0
 41
0.0
 46
0.0
 71
     7
 72
     5
  1
392
  7
GeodText
 73
     1
 44
0.8
1001
ACAD
1000
MTEXTBEGIN
1070
    73
1070
     1
1070
    44
1040
0.8
1070
    74
1070
     0
1000
MTEXTEND
  0
MTEXT
  5
8A2D
330
887A
100
AcDbEntity
  8
makro-numeracja-punktow
 62
     6
100
AcDbMText
 10
3302.712999999523
 20
3904.987000001595
 30
0.0
 40
1.0
 41
0.0
 46
0.0
 71
     7
 72
     5
  1
393
  7
GeodText
 73
     1
 44
0.8
1001
ACAD
1000
MTEXTBEGIN
1070
    73
1070
     1
1070
    44
1040
0.8
1070
    74
1070
     0
1000
MTEXTEND
  0
MTEXT
  5
8A2E
330
887A
100
AcDbEntity
  8
makro-numeracja-punktow
 62
     6
100
AcDbMText
 10
3325.302999999375
 20
3904.667000002228
 30
0.0
 40
1.0
 41
0.0
 46
0.0
 71
     7
 72
     5
  1
394
  7
GeodText
 73
     1
 44
0.8
1001
ACAD
1000
MTEXTBEGIN
1070
    73
1070
     1
1070
    44
1040
0.8
1070
    74
1070
     0
1000
MTEXTEND
  0
MTEXT
  5
8A2F
330
887A
100
AcDbEntity
  8
makro-numeracja-punktow
 62
     6
100
AcDbMText
 10
3331.512999999337
 20
3861.777000002563
 30
0.0
 40
1.0
 41
0.0
 46
0.0
 71
     7
 72
     5
  1
395
  7
GeodText
 73
     1
 44
0.8
1001
ACAD
1000
MTEXTBEGIN
1070
    73
1070
     1
1070
    44
1040
0.8
1070
    74
1070
     0
1000
MTEXTEND
  0
MTEXT
  5
8A30
330
887A
100
AcDbEntity
  8
makro-numeracja-punktow
 62
     6
100
AcDbMText
 10
3297.41299999971
 20
3864.067000001669
 30
0.0
 40
1.0
 41
0.0
 46
0.0
 71
     7
 72
     5
  1
396
  7
GeodText
 73
     1
 44
0.8
1001
ACAD
1000
MTEXTBEGIN
1070
    73
1070
     1
1070
    44
1040
0.8
1070
    74
1070
     0
1000
MTEXTEND
  0
MTEXT
  5
8A31
330
887A
100
AcDbEntity
  8
makro-numeracja-punktow
 62
     6
100
AcDbMText
 10
3288.478999999352
 20
3692.030000002124
 30
0.0
 40
1.0
 41
0.0
 46
0.0
 71
     7
 72
     5
  1
397
  7
GeodText
 73
     1
 44
0.8
1001
ACAD
1000
MTEXTBEGIN
1070
    73
1070
     1
1070
    44
1040
0.8
1070
    74
1070
     0
1000
MTEXTEND
  0
MTEXT
  5
8A32
330
887A
100
AcDbEntity
  8
makro-numeracja-punktow
 62
     6
100
AcDbMText
 10
3319.766999999062
 20
3689.907000002452
 30
0.0
 40
1.0
 41
0.0
 46
0.0
 71
     7
 72
     5
  1
398
  7
GeodText
 73
     1
 44
0.8
1001
ACAD
1000
MTEXTBEGIN
1070
    73
1070
     1
1070
    44
1040
0.8
1070
    74
1070
     0
1000
MTEXTEND
  0
MTEXT
  5
8A33
330
887A
100
AcDbEntity
  8
makro-numeracja-punktow
 62
     6
100
AcDbMText
 10
3160.04600000009
 20
3631.581000003033
 30
0.0
 40
1.0
 41
0.0
 46
0.0
 71
     7
 72
     5
  1
399
  7
GeodText
 73
     1
 44
0.8
1001
ACAD
1000
MTEXTBEGIN
1070
    73
1070
     1
1070
    44
1040
0.8
1070
    74
1070
     0
1000
MTEXTEND
  0
MTEXT
  5
8A34
330
887A
100
AcDbEntity
  8
makro-numeracja-punktow
 62
     6
100
AcDbMText
 10
3125.345000000671
 20
3638.500000002795
 30
0.0
 40
1.0
 41
0.0
 46
0.0
 71
     7
 72
     5
  1
400
  7
GeodText
 73
     1
 44
0.8
1001
ACAD
1000
MTEXTBEGIN
1070
    73
1070
     1
1070
    44
1040
0.8
1070
    74
1070
     0
1000
MTEXTEND
  0
MTEXT
  5
8A35
330
887A
100
AcDbEntity
  8
makro-numeracja-punktow
 62
     6
100
AcDbMText
 10
3077.545999998227
 20
3647.809000002221
 30
0.0
 40
1.0
 41
0.0
 46
0.0
 71
     7
 72
     5
  1
401
  7
GeodText
 73
     1
 44
0.8
1001
ACAD
1000
MTEXTBEGIN
1070
    73
1070
     1
1070
    44
1040
0.8
1070
    74
1070
     0
1000
MTEXTEND
  0
MTEXT
  5
8A36
330
887A
100
AcDbEntity
  8
makro-numeracja-punktow
 62
     6
100
AcDbMText
 10
3047.109999999404
 20
3654.068000001833
 30
0.0
 40
1.0
 41
0.0
 46
0.0
 71
     7
 72
     5
  1
402
  7
GeodText
 73
     1
 44
0.8
1001
ACAD
1000
MTEXTBEGIN
1070
    73
1070
     1
1070
    44
1040
0.8
1070
    74
1070
     0
1000
MTEXTEND
  0
MTEXT
  5
8A37
330
887A
100
AcDbEntity
  8
makro-numeracja-punktow
 62
     6
100
AcDbMText
 10
3041.549000000581
 20
3649.909000002779
 30
0.0
 40
1.0
 41
0.0
 46
0.0
 71
     7
 72
     5
  1
403
  7
GeodText
 73
     1
 44
0.8
1001
ACAD
1000
MTEXTBEGIN
1070
    73
1070
     1
1070
    44
1040
0.8
1070
    74
1070
     0
1000
MTEXTEND
  0
MTEXT
  5
8A38
330
887A
100
AcDbEntity
  8
makro-numeracja-punktow
 62
     6
100
AcDbMText
 10
3020.666999999434
 20
3654.25400000345
 30
0.0
 40
1.0
 41
0.0
 46
0.0
 71
     7
 72
     5
  1
404
  7
GeodText
 73
     1
 44
0.8
1001
ACAD
1000
MTEXTBEGIN
1070
    73
1070
     1
1070
    44
1040
0.8
1070
    74
1070
     0
1000
MTEXTEND
  0
MTEXT
  5
8A39
330
887A
100
AcDbEntity
  8
makro-numeracja-punktow
 62
     6
100
AcDbMText
 10
2990.661999998614
 20
3660.33600000199
 30
0.0
 40
1.0
 41
0.0
 46
0.0
 71
     7
 72
     5
  1
405
  7
GeodText
 73
     1
 44
0.8
1001
ACAD
1000
MTEXTBEGIN
1070
    73
1070
     1
1070
    44
1040
0.8
1070
    74
1070
     0
1000
MTEXTEND
  0
MTEXT
  5
8A3A
330
887A
100
AcDbEntity
  8
makro-numeracja-punktow
 62
     6
100
AcDbMText
 10
2956.781999999657
 20
3667.111000001431
 30
0.0
 40
1.0
 41
0.0
 46
0.0
 71
     7
 72
     5
  1
406
  7
GeodText
 73
     1
 44
0.8
1001
ACAD
1000
MTEXTBEGIN
1070
    73
1070
     1
1070
    44
1040
0.8
1070
    74
1070
     0
1000
MTEXTEND
  0
MTEXT
  5
8A3B
330
887A
100
AcDbEntity
  8
makro-numeracja-punktow
 62
     6
100
AcDbMText
 10
2927.499999999069
 20
3672.788000002503
 30
0.0
 40
1.0
 41
0.0
 46
0.0
 71
     7
 72
     5
  1
407
  7
GeodText
 73
     1
 44
0.8
1001
ACAD
1000
MTEXTBEGIN
1070
    73
1070
     1
1070
    44
1040
0.8
1070
    74
1070
     0
1000
MTEXTEND
  0
MTEXT
  5
8A3C
330
887A
100
AcDbEntity
  8
makro-numeracja-punktow
 62
     6
100
AcDbMText
 10
2894.171999999322
 20
3679.297000003047
 30
0.0
 40
1.0
 41
0.0
 46
0.0
 71
     7
 72
     5
  1
408
  7
GeodText
 73
     1
 44
0.8
1001
ACAD
1000
MTEXTBEGIN
1070
    73
1070
     1
1070
    44
1040
0.8
1070
    74
1070
     0
1000
MTEXTEND
  0
MTEXT
  5
8A3D
330
887A
100
AcDbEntity
  8
makro-numeracja-punktow
 62
     6
100
AcDbMText
 10
2870.487999998033
 20
3683.852000003681
 30
0.0
 40
1.0
 41
0.0
 46
0.0
 71
     7
 72
     5
  1
409
  7
GeodText
 73
     1
 44
0.8
1001
ACAD
1000
MTEXTBEGIN
1070
    73
1070
     1
1070
    44
1040
0.8
1070
    74
1070
     0
1000
MTEXTEND
  0
MTEXT
  5
8A3E
330
887A
100
AcDbEntity
  8
makro-numeracja-punktow
 62
     6
100
AcDbMText
 10
2834.270629353822
 20
3691.128284752369
 30
0.0
 40
1.0
 41
0.0
 46
0.0
 71
     7
 72
     5
  1
410
  7
GeodText
 73
     1
 44
0.8
1001
ACAD
1000
MTEXTBEGIN
1070
    73
1070
     1
1070
    44
1040
0.8
1070
    74
1070
     0
1000
MTEXTEND
  0
MTEXT
  5
8A3F
330
887A
100
AcDbEntity
  8
makro-numeracja-punktow
 62
     6
100
AcDbMText
 10
2791.7369999988
 20
3699.533000003547
 30
0.0
 40
1.0
 41
0.0
 46
0.0
 71
     7
 72
     5
  1
411
  7
GeodText
 73
     1
 44
0.8
1001
ACAD
1000
MTEXTBEGIN
1070
    73
1070
     1
1070
    44
1040
0.8
1070
    74
1070
     0
1000
MTEXTEND
  0
MTEXT
  5
8A40
330
887A
100
AcDbEntity
  8
makro-numeracja-punktow
 62
     6
100
AcDbMText
 10
2749.448999999091
 20
3708.092000003905
 30
0.0
 40
1.0
 41
0.0
 46
0.0
 71
     7
 72
     5
  1
412
  7
GeodText
 73
     1
 44
0.8
1001
ACAD
1000
MTEXTBEGIN
1070
    73
1070
     1
1070
    44
1040
0.8
1070
    74
1070
     0
1000
MTEXTEND
  0
MTEXT
  5
8A41
330
887A
100
AcDbEntity
  8
makro-numeracja-punktow
 62
     6
100
AcDbMText
 10
2707.178000000306
 20
3716.498000002466
 30
0.0
 40
1.0
 41
0.0
 46
0.0
 71
     7
 72
     5
  1
413
  7
GeodText
 73
     1
 44
0.8
1001
ACAD
1000
MTEXTBEGIN
1070
    73
1070
     1
1070
    44
1040
0.8
1070
    74
1070
     0
1000
MTEXTEND
  0
MTEXT
  5
8A42
330
887A
100
AcDbEntity
  8
makro-numeracja-punktow
 62
     6
100
AcDbMText
 10
2671.005999999121
 20
3723.576000002213
 30
0.0
 40
1.0
 41
0.0
 46
0.0
 71
     7
 72
     5
  1
414
  7
GeodText
 73
     1
 44
0.8
1001
ACAD
1000
MTEXTBEGIN
1070
    73
1070
     1
1070
    44
1040
0.8
1070
    74
1070
     0
1000
MTEXTEND
  0
MTEXT
  5
8A43
330
887A
100
AcDbEntity
  8
makro-numeracja-punktow
 62
     6
100
AcDbMText
 10
2667.029999999329
 20
3741.808000002988
 30
0.0
 40
1.0
 41
0.0
 46
0.0
 71
     7
 72
     5
  1
415
  7
GeodText
 73
     1
 44
0.8
1001
ACAD
1000
MTEXTBEGIN
1070
    73
1070
     1
1070
    44
1040
0.8
1070
    74
1070
     0
1000
MTEXTEND
  0
MTEXT
  5
8A44
330
887A
100
AcDbEntity
  8
makro-numeracja-punktow
 62
     6
100
AcDbMText
 10
2690.319999999367
 20
3824.342000003905
 30
0.0
 40
1.0
 41
0.0
 46
0.0
 71
     7
 72
     5
  1
416
  7
GeodText
 73
     1
 44
0.8
1001
ACAD
1000
MTEXTBEGIN
1070
    73
1070
     1
1070
    44
1040
0.8
1070
    74
1070
     0
1000
MTEXTEND
  0
MTEXT
  5
8A45
330
887A
100
AcDbEntity
  8
makro-numeracja-punktow
 62
     6
100
AcDbMText
 10
2730.490999998525
 20
3816.273000002839
 30
0.0
 40
1.0
 41
0.0
 46
0.0
 71
     7
 72
     5
  1
417
  7
GeodText
 73
     1
 44
0.8
1001
ACAD
1000
MTEXTBEGIN
1070
    73
1070
     1
1070
    44
1040
0.8
1070
    74
1070
     0
1000
MTEXTEND
  0
MTEXT
  5
8A46
330
887A
100
AcDbEntity
  8
makro-numeracja-punktow
 62
     6
100
AcDbMText
 10
2764.610999998637
 20
3809.404000002891
 30
0.0
 40
1.0
 41
0.0
 46
0.0
 71
     7
 72
     5
  1
418
  7
GeodText
 73
     1
 44
0.8
1001
ACAD
1000
MTEXTBEGIN
1070
    73
1070
     1
1070
    44
1040
0.8
1070
    74
1070
     0
1000
MTEXTEND
  0
MTEXT
  5
8A47
330
887A
100
AcDbEntity
  8
makro-numeracja-punktow
 62
     6
100
AcDbMText
 10
2801.283999998123
 20
3802.121000001207
 30
0.0
 40
1.0
 41
0.0
 46
0.0
 71
     7
 72
     5
  1
419
  7
GeodText
 73
     1
 44
0.8
1001
ACAD
1000
MTEXTBEGIN
1070
    73
1070
     1
1070
    44
1040
0.8
1070
    74
1070
     0
1000
MTEXTEND
  0
MTEXT
  5
8A48
330
887A
100
AcDbEntity
  8
makro-numeracja-punktow
 62
     6
100
AcDbMText
 10
2837.272999999113
 20
3794.707000002265
 30
0.0
 40
1.0
 41
0.0
 46
0.0
 71
     7
 72
     5
  1
420
  7
GeodText
 73
     1
 44
0.8
1001
ACAD
1000
MTEXTBEGIN
1070
    73
1070
     1
1070
    44
1040
0.8
1070
    74
1070
     0
1000
MTEXTEND
  0
MTEXT
  5
8A49
330
887A
100
AcDbEntity
  8
makro-numeracja-punktow
 62
     6
100
AcDbMText
 10
2879.469999998808
 20
3786.136000002735
 30
0.0
 40
1.0
 41
0.0
 46
0.0
 71
     7
 72
     5
  1
421
  7
GeodText
 73
     1
 44
0.8
1001
ACAD
1000
MTEXTBEGIN
1070
    73
1070
     1
1070
    44
1040
0.8
1070
    74
1070
     0
1000
MTEXTEND
  0
MTEXT
  5
8A4A
330
887A
100
AcDbEntity
  8
makro-numeracja-punktow
 62
     6
100
AcDbMText
 10
2912.788999999873
 20
3779.438000002876
 30
0.0
 40
1.0
 41
0.0
 46
0.0
 71
     7
 72
     5
  1
422
  7
GeodText
 73
     1
 44
0.8
1001
ACAD
1000
MTEXTBEGIN
1070
    73
1070
     1
1070
    44
1040
0.8
1070
    74
1070
     0
1000
MTEXTEND
  0
MTEXT
  5
8A4B
330
887A
100
AcDbEntity
  8
makro-numeracja-punktow
 62
     6
100
AcDbMText
 10
2950.395999999717
 20
3771.769000002183
 30
0.0
 40
1.0
 41
0.0
 46
0.0
 71
     7
 72
     5
  1
423
  7
GeodText
 73
     1
 44
0.8
1001
ACAD
1000
MTEXTBEGIN
1070
    73
1070
     1
1070
    44
1040
0.8
1070
    74
1070
     0
1000
MTEXTEND
  0
MTEXT
  5
8A4C
330
887A
100
AcDbEntity
  8
makro-numeracja-punktow
 62
     6
100
AcDbMText
 10
2987.941999998875
 20
3764.120000002906
 30
0.0
 40
1.0
 41
0.0
 46
0.0
 71
     7
 72
     5
  1
424
  7
GeodText
 73
     1
 44
0.8
1001
ACAD
1000
MTEXTBEGIN
1070
    73
1070
     1
1070
    44
1040
0.8
1070
    74
1070
     0
1000
MTEXTEND
  0
MTEXT
  5
8A4D
330
887A
100
AcDbEntity
  8
makro-numeracja-punktow
 62
     6
100
AcDbMText
 10
3024.044999999926
 20
3756.860000002198
 30
0.0
 40
1.0
 41
0.0
 46
0.0
 71
     7
 72
     5
  1
425
  7
GeodText
 73
     1
 44
0.8
1001
ACAD
1000
MTEXTBEGIN
1070
    73
1070
     1
1070
    44
1040
0.8
1070
    74
1070
     0
1000
MTEXTEND
  0
MTEXT
  5
8A4E
330
887A
100
AcDbEntity
  8
makro-numeracja-punktow
 62
     6
100
AcDbMText
 10
3060.726999998093
 20
3754.025000001304
 30
0.0
 40
1.0
 41
0.0
 46
0.0
 71
     7
 72
     5
  1
426
  7
GeodText
 73
     1
 44
0.8
1001
ACAD
1000
MTEXTBEGIN
1070
    73
1070
     1
1070
    44
1040
0.8
1070
    74
1070
     0
1000
MTEXTEND
  0
MTEXT
  5
8A4F
330
887A
100
AcDbEntity
  8
makro-numeracja-punktow
 62
     6
100
AcDbMText
 10
3085.245000000112
 20
3748.905000001192
 30
0.0
 40
1.0
 41
0.0
 46
0.0
 71
     7
 72
     5
  1
427
  7
GeodText
 73
     1
 44
0.8
1001
ACAD
1000
MTEXTBEGIN
1070
    73
1070
     1
1070
    44
1040
0.8
1070
    74
1070
     0
1000
MTEXTEND
  0
MTEXT
  5
8A50
330
887A
100
AcDbEntity
  8
makro-numeracja-punktow
 62
     6
100
AcDbMText
 10
3126.025999998674
 20
3740.618000001647
 30
0.0
 40
1.0
 41
0.0
 46
0.0
 71
     7
 72
     5
  1
428
  7
GeodText
 73
     1
 44
0.8
1001
ACAD
1000
MTEXTBEGIN
1070
    73
1070
     1
1070
    44
1040
0.8
1070
    74
1070
     0
1000
MTEXTEND
  0
MTEXT
  5
8A51
330
887A
100
AcDbEntity
  8
makro-numeracja-punktow
 62
     6
100
AcDbMText
 10
2980.583565104753
 20
3760.307541342452
 30
0.0
 40
1.0
 41
0.0
 46
0.0
 71
     7
 72
     5
  1
429
  7
GeodText
 73
     1
 44
0.8
1001
ACAD
1000
MTEXTBEGIN
1070
    73
1070
     1
1070
    44
1040
0.8
1070
    74
1070
     0
1000
MTEXTEND
  0
MTEXT
  5
8A52
330
887A
100
AcDbEntity
  8
makro-numeracja-punktow
 62
     6
100
AcDbMText
 10
2975.312105817721
 20
3732.427353328094
 30
0.0
 40
1.0
 41
0.0
 46
0.0
 71
     7
 72
     5
  1
430
  7
GeodText
 73
     1
 44
0.8
1001
ACAD
1000
MTEXTBEGIN
1070
    73
1070
     1
1070
    44
1040
0.8
1070
    74
1070
     0
1000
MTEXTEND
  0
MTEXT
  5
8A53
330
887A
100
AcDbEntity
  8
makro-numeracja-punktow
 62
     6
100
AcDbMText
 10
2826.699683210813
 20
3758.133870804682
 30
0.0
 40
1.0
 41
0.0
 46
0.0
 71
     7
 72
     5
  1
431
  7
GeodText
 73
     1
 44
0.8
1001
ACAD
1000
MTEXTBEGIN
1070
    73
1070
     1
1070
    44
1040
0.8
1070
    74
1070
     0
1000
MTEXTEND
  0
MTEXT
  5
8A54
330
887A
100
AcDbEntity
  8
makro-numeracja-punktow
 62
     6
100
AcDbMText
 10
2831.38165464066
 20
3788.638861371204
 30
0.0
 40
1.0
 41
0.0
 46
0.0
 71
     7
 72
     5
  1
432
  7
GeodText
 73
     1
 44
0.8
1001
ACAD
1000
MTEXTBEGIN
1070
    73
1070
     1
1070
    44
1040
0.8
1070
    74
1070
     0
1000
MTEXTEND
  0
MTEXT
  5
8A55
330
887A
100
AcDbEntity
  8
makro-numeracja-punktow
 62
     6
100
AcDbMText
 10
2756.388676285744
 20
3803.887445903384
 30
0.0
 40
1.0
 41
0.0
 46
0.0
 71
     7
 72
     5
  1
433
  7
GeodText
 73
     1
 44
0.8
1001
ACAD
1000
MTEXTBEGIN
1070
    73
1070
     1
1070
    44
1040
0.8
1070
    74
1070
     0
1000
MTEXTEND
  0
MTEXT
  5
8A56
330
887A
100
AcDbEntity
  8
makro-numeracja-punktow
 62
     6
100
AcDbMText
 10
2750.886999999173
 20
3772.10500000231
 30
0.0
 40
1.0
 41
0.0
 46
0.0
 71
     7
 72
     5
  1
434
  7
GeodText
 73
     1
 44
0.8
1001
ACAD
1000
MTEXTBEGIN
1070
    73
1070
     1
1070
    44
1040
0.8
1070
    74
1070
     0
1000
MTEXTEND
  0
MTEXT
  5
8A57
330
887A
100
AcDbEntity
  8
makro-numeracja-punktow
 62
     6
100
AcDbMText
 10
2715.232999999076
 20
3655.827000002377
 30
0.0
 40
1.0
 41
0.0
 46
0.0
 71
     7
 72
     5
  1
435
  7
GeodText
 73
     1
 44
0.8
1001
ACAD
1000
MTEXTBEGIN
1070
    73
1070
     1
1070
    44
1040
0.8
1070
    74
1070
     0
1000
MTEXTEND
  0
MTEXT
  5
8A58
330
887A
100
AcDbEntity
  8
makro-numeracja-punktow
 62
     6
100
AcDbMText
 10
2710.585999999195
 20
3624.115000001155
 30
0.0
 40
1.0
 41
0.0
 46
0.0
 71
     7
 72
     5
  1
436
  7
GeodText
 73
     1
 44
0.8
1001
ACAD
1000
MTEXTBEGIN
1070
    73
1070
     1
1070
    44
1040
0.8
1070
    74
1070
     0
1000
MTEXTEND
  0
MTEXT
  5
8A59
330
887A
100
AcDbEntity
  8
makro-numeracja-punktow
 62
     6
100
AcDbMText
 10
2694.552999999374
 20
3609.902000002563
 30
0.0
 40
1.0
 41
0.0
 46
0.0
 71
     7
 72
     5
  1
437
  7
GeodText
 73
     1
 44
0.8
1001
ACAD
1000
MTEXTBEGIN
1070
    73
1070
     1
1070
    44
1040
0.8
1070
    74
1070
     0
1000
MTEXTEND
  0
MTEXT
  5
8A5A
330
887A
100
AcDbEntity
  8
makro-numeracja-punktow
 62
     6
100
AcDbMText
 10
2650.840999998152
 20
3618.370000001975
 30
0.0
 40
1.0
 41
0.0
 46
0.0
 71
     7
 72
     5
  1
438
  7
GeodText
 73
     1
 44
0.8
1001
ACAD
1000
MTEXTBEGIN
1070
    73
1070
     1
1070
    44
1040
0.8
1070
    74
1070
     0
1000
MTEXTEND
  0
MTEXT
  5
8A5B
330
887A
100
AcDbEntity
  8
makro-numeracja-punktow
 62
     6
100
AcDbMText
 10
2643.829999999143
 20
3619.891000002623
 30
0.0
 40
1.0
 41
0.0
 46
0.0
 71
     7
 72
     5
  1
439
  7
GeodText
 73
     1
 44
0.8
1001
ACAD
1000
MTEXTBEGIN
1070
    73
1070
     1
1070
    44
1040
0.8
1070
    74
1070
     0
1000
MTEXTEND
  0
MTEXT
  5
8A5C
330
887A
100
AcDbEntity
  8
makro-numeracja-punktow
 62
     6
100
AcDbMText
 10
2733.602999999188
 20
3602.037000001408
 30
0.0
 40
1.0
 41
0.0
 46
0.0
 71
     7
 72
     5
  1
440
  7
GeodText
 73
     1
 44
0.8
1001
ACAD
1000
MTEXTBEGIN
1070
    73
1070
     1
1070
    44
1040
0.8
1070
    74
1070
     0
1000
MTEXTEND
  0
MTEXT
  5
8A5D
330
887A
100
AcDbEntity
  8
makro-numeracja-punktow
 62
     6
100
AcDbMText
 10
2768.150999998674
 20
3594.98800000269
 30
0.0
 40
1.0
 41
0.0
 46
0.0
 71
     7
 72
     5
  1
441
  7
GeodText
 73
     1
 44
0.8
1001
ACAD
1000
MTEXTBEGIN
1070
    73
1070
     1
1070
    44
1040
0.8
1070
    74
1070
     0
1000
MTEXTEND
  0
MTEXT
  5
8A5E
330
887A
100
AcDbEntity
  8
makro-numeracja-punktow
 62
     6
100
AcDbMText
 10
2807.764999999665
 20
3587.428000004031
 30
0.0
 40
1.0
 41
0.0
 46
0.0
 71
     7
 72
     5
  1
442
  7
GeodText
 73
     1
 44
0.8
1001
ACAD
1000
MTEXTBEGIN
1070
    73
1070
     1
1070
    44
1040
0.8
1070
    74
1070
     0
1000
MTEXTEND
  0
MTEXT
  5
8A5F
330
887A
100
AcDbEntity
  8
makro-numeracja-punktow
 62
     6
100
AcDbMText
 10
2845.66299999971
 20
3579.927000002936
 30
0.0
 40
1.0
 41
0.0
 46
0.0
 71
     7
 72
     5
  1
443
  7
GeodText
 73
     1
 44
0.8
1001
ACAD
1000
MTEXTBEGIN
1070
    73
1070
     1
1070
    44
1040
0.8
1070
    74
1070
     0
1000
MTEXTEND
  0
MTEXT
  5
8A60
330
887A
100
AcDbEntity
  8
makro-numeracja-punktow
 62
     6
100
AcDbMText
 10
2885.762999999337
 20
3572.157000002452
 30
0.0
 40
1.0
 41
0.0
 46
0.0
 71
     7
 72
     5
  1
444
  7
GeodText
 73
     1
 44
0.8
1001
ACAD
1000
MTEXTBEGIN
1070
    73
1070
     1
1070
    44
1040
0.8
1070
    74
1070
     0
1000
MTEXTEND
  0
MTEXT
  5
8A61
330
887A
100
AcDbEntity
  8
makro-numeracja-punktow
 62
     6
100
AcDbMText
 10
2928.046999999322
 20
3563.975000002422
 30
0.0
 40
1.0
 41
0.0
 46
0.0
 71
     7
 72
     5
  1
445
  7
GeodText
 73
     1
 44
0.8
1001
ACAD
1000
MTEXTBEGIN
1070
    73
1070
     1
1070
    44
1040
0.8
1070
    74
1070
     0
1000
MTEXTEND
  0
MTEXT
  5
8A62
330
887A
100
AcDbEntity
  8
makro-numeracja-punktow
 62
     6
100
AcDbMText
 10
2917.992144364864
 20
3490.951640933752
 30
0.0
 40
1.0
 41
0.0
 46
0.0
 71
     7
 72
     5
  1
446
  7
GeodText
 73
     1
 44
0.8
1001
ACAD
1000
MTEXTBEGIN
1070
    73
1070
     1
1070
    44
1040
0.8
1070
    74
1070
     0
1000
MTEXTEND
  0
MTEXT
  5
8A63
330
887A
100
AcDbEntity
  8
makro-numeracja-punktow
 62
     6
100
AcDbMText
 10
2953.231999998913
 20
3484.050000001677
 30
0.0
 40
1.0
 41
0.0
 46
0.0
 71
     7
 72
     5
  1
447
  7
GeodText
 73
     1
 44
0.8
1001
ACAD
1000
MTEXTBEGIN
1070
    73
1070
     1
1070
    44
1040
0.8
1070
    74
1070
     0
1000
MTEXTEND
  0
MTEXT
  5
8A64
330
887A
100
AcDbEntity
  8
makro-numeracja-punktow
 62
     6
100
AcDbMText
 10
2884.731999998912
 20
3497.496000001207
 30
0.0
 40
1.0
 41
0.0
 46
0.0
 71
     7
 72
     5
  1
448
  7
GeodText
 73
     1
 44
0.8
1001
ACAD
1000
MTEXTBEGIN
1070
    73
1070
     1
1070
    44
1040
0.8
1070
    74
1070
     0
1000
MTEXTEND
  0
MTEXT
  5
8A65
330
887A
100
AcDbEntity
  8
makro-numeracja-punktow
 62
     6
100
AcDbMText
 10
2851.227999998257
 20
3504.034000003711
 30
0.0
 40
1.0
 41
0.0
 46
0.0
 71
     7
 72
     5
  1
449
  7
GeodText
 73
     1
 44
0.8
1001
ACAD
1000
MTEXTBEGIN
1070
    73
1070
     1
1070
    44
1040
0.8
1070
    74
1070
     0
1000
MTEXTEND
  0
MTEXT
  5
8A66
330
887A
100
AcDbEntity
  8
makro-numeracja-punktow
 62
     6
100
AcDbMText
 10
2813.264999999665
 20
3511.867000002414
 30
0.0
 40
1.0
 41
0.0
 46
0.0
 71
     7
 72
     5
  1
450
  7
GeodText
 73
     1
 44
0.8
1001
ACAD
1000
MTEXTBEGIN
1070
    73
1070
     1
1070
    44
1040
0.8
1070
    74
1070
     0
1000
MTEXTEND
  0
MTEXT
  5
8A67
330
887A
100
AcDbEntity
  8
makro-numeracja-punktow
 62
     6
100
AcDbMText
 10
2771.939999999478
 20
3520.284000002779
 30
0.0
 40
1.0
 41
0.0
 46
0.0
 71
     7
 72
     5
  1
451
  7
GeodText
 73
     1
 44
0.8
1001
ACAD
1000
MTEXTBEGIN
1070
    73
1070
     1
1070
    44
1040
0.8
1070
    74
1070
     0
1000
MTEXTEND
  0
MTEXT
  5
8A68
330
887A
100
AcDbEntity
  8
makro-numeracja-punktow
 62
     6
100
AcDbMText
 10
2730.796999999322
 20
3528.574000002816
 30
0.0
 40
1.0
 41
0.0
 46
0.0
 71
     7
 72
     5
  1
452
  7
GeodText
 73
     1
 44
0.8
1001
ACAD
1000
MTEXTBEGIN
1070
    73
1070
     1
1070
    44
1040
0.8
1070
    74
1070
     0
1000
MTEXTEND
  0
MTEXT
  5
8A69
330
887A
100
AcDbEntity
  8
makro-numeracja-punktow
 62
     6
100
AcDbMText
 10
2696.748999998905
 20
3535.240000001155
 30
0.0
 40
1.0
 41
0.0
 46
0.0
 71
     7
 72
     5
  1
453
  7
GeodText
 73
     1
 44
0.8
1001
ACAD
1000
MTEXTBEGIN
1070
    73
1070
     1
1070
    44
1040
0.8
1070
    74
1070
     0
1000
MTEXTEND
  0
MTEXT
  5
8A6A
330
887A
100
AcDbEntity
  8
makro-numeracja-punktow
 62
     6
100
AcDbMText
 10
2662.642999999225
 20
3547.295000001788
 30
0.0
 40
1.0
 41
0.0
 46
0.0
 71
     7
 72
     5
  1
454
  7
GeodText
 73
     1
 44
0.8
1001
ACAD
1000
MTEXTBEGIN
1070
    73
1070
     1
1070
    44
1040
0.8
1070
    74
1070
     0
1000
MTEXTEND
  0
MTEXT
  5
8A6B
330
887A
100
AcDbEntity
  8
makro-numeracja-punktow
 62
     6
100
AcDbMText
 10
2628.375999999233
 20
3553.906000002287
 30
0.0
 40
1.0
 41
0.0
 46
0.0
 71
     7
 72
     5
  1
455
  7
GeodText
 73
     1
 44
0.8
1001
ACAD
1000
MTEXTBEGIN
1070
    73
1070
     1
1070
    44
1040
0.8
1070
    74
1070
     0
1000
MTEXTEND
  0
MTEXT
  5
8A6C
330
887A
100
AcDbEntity
  8
makro-numeracja-punktow
 62
     6
100
AcDbMText
 10
2587.584999999963
 20
3547.086000001058
 30
0.0
 40
1.0
 41
0.0
 46
0.0
 71
     7
 72
     5
  1
456
  7
GeodText
 73
     1
 44
0.8
1001
ACAD
1000
MTEXTBEGIN
1070
    73
1070
     1
1070
    44
1040
0.8
1070
    74
1070
     0
1000
MTEXTEND
  0
MTEXT
  5
8A6D
330
887A
100
AcDbEntity
  8
makro-numeracja-punktow
 62
     6
100
AcDbMText
 10
2592.724999999628
 20
3521.507000003011
 30
0.0
 40
1.0
 41
0.0
 46
0.0
 71
     7
 72
     5
  1
457
  7
GeodText
 73
     1
 44
0.8
1001
ACAD
1000
MTEXTBEGIN
1070
    73
1070
     1
1070
    44
1040
0.8
1070
    74
1070
     0
1000
MTEXTEND
  0
MTEXT
  5
8A6E
330
887A
100
AcDbEntity
  8
makro-numeracja-punktow
 62
     6
100
AcDbMText
 10
2622.962749961764
 20
3563.311079903506
 30
0.0
 40
1.0
 41
0.0
 46
0.0
 71
     7
 72
     5
  1
458
  7
GeodText
 73
     1
 44
0.8
1001
ACAD
1000
MTEXTBEGIN
1070
    73
1070
     1
1070
    44
1040
0.8
1070
    74
1070
     0
1000
MTEXTEND
  0
MTEXT
  5
8A6F
330
887A
100
AcDbEntity
  8
makro-numeracja-punktow
 62
     6
100
AcDbMText
 10
2633.4729999993
 20
3591.847000002861
 30
0.0
 40
1.0
 41
0.0
 46
0.0
 71
     7
 72
     5
  1
459
  7
GeodText
 73
     1
 44
0.8
1001
ACAD
1000
MTEXTBEGIN
1070
    73
1070
     1
1070
    44
1040
0.8
1070
    74
1070
     0
1000
MTEXTEND
  0
MTEXT
  5
8A70
330
887A
100
AcDbEntity
  8
makro-numeracja-punktow
 62
     6
100
AcDbMText
 10
2784.692999999039
 20
3610.167000002228
 30
0.0
 40
1.0
 41
0.0
 46
0.0
 71
     7
 72
     5
  1
460
  7
GeodText
 73
     1
 44
0.8
1001
ACAD
1000
MTEXTBEGIN
1070
    73
1070
     1
1070
    44
1040
0.8
1070
    74
1070
     0
1000
MTEXTEND
  0
MTEXT
  5
8A71
330
887A
100
AcDbEntity
  8
makro-numeracja-punktow
 62
     6
100
AcDbMText
 10
2790.232999998145
 20
3642.317000003532
 30
0.0
 40
1.0
 41
0.0
 46
0.0
 71
     7
 72
     5
  1
461
  7
GeodText
 73
     1
 44
0.8
1001
ACAD
1000
MTEXTBEGIN
1070
    73
1070
     1
1070
    44
1040
0.8
1070
    74
1070
     0
1000
MTEXTEND
  0
MTEXT
  5
8A72
330
887A
100
AcDbEntity
  8
makro-numeracja-punktow
 62
     6
100
AcDbMText
 10
2858.403999999166
 20
3461.712000002154
 30
0.0
 40
1.0
 41
0.0
 46
0.0
 71
     7
 72
     5
  1
462
  7
GeodText
 73
     1
 44
0.8
1001
ACAD
1000
MTEXTBEGIN
1070
    73
1070
     1
1070
    44
1040
0.8
1070
    74
1070
     0
1000
MTEXTEND
  0
MTEXT
  5
8A73
330
887A
100
AcDbEntity
  8
makro-numeracja-punktow
 62
     6
100
AcDbMText
 10
2853.226999998092
 20
3439.68400000222
 30
0.0
 40
1.0
 41
0.0
 46
0.0
 71
     7
 72
     5
  1
463
  7
GeodText
 73
     1
 44
0.8
1001
ACAD
1000
MTEXTBEGIN
1070
    73
1070
     1
1070
    44
1040
0.8
1070
    74
1070
     0
1000
MTEXTEND
  0
MTEXT
  5
8A74
330
887A
100
AcDbEntity
  8
makro-numeracja-punktow
 62
     6
100
AcDbMText
 10
2931.549999999814
 20
3421.778000002727
 30
0.0
 40
1.0
 41
0.0
 46
0.0
 71
     7
 72
     5
  1
464
  7
GeodText
 73
     1
 44
0.8
1001
ACAD
1000
MTEXTBEGIN
1070
    73
1070
     1
1070
    44
1040
0.8
1070
    74
1070
     0
1000
MTEXTEND
  0
MTEXT
  5
8A75
330
887A
100
AcDbEntity
  8
makro-numeracja-punktow
 62
     6
100
AcDbMText
 10
2937.691999998875
 20
3446.11300000269
 30
0.0
 40
1.0
 41
0.0
 46
0.0
 71
     7
 72
     5
  1
465
  7
GeodText
 73
     1
 44
0.8
1001
ACAD
1000
MTEXTBEGIN
1070
    73
1070
     1
1070
    44
1040
0.8
1070
    74
1070
     0
1000
MTEXTEND
  0
MTEXT
  5
8A76
330
887A
100
AcDbEntity
  8
makro-numeracja-punktow
 62
     6
100
AcDbMText
 10
3192.92399999965
 20
3352.596000002697
 30
0.0
 40
1.0
 41
0.0
 46
0.0
 71
     7
 72
     5
  1
466
  7
GeodText
 73
     1
 44
0.8
1001
ACAD
1000
MTEXTBEGIN
1070
    73
1070
     1
1070
    44
1040
0.8
1070
    74
1070
     0
1000
MTEXTEND
  0
MTEXT
  5
8A77
330
887A
100
AcDbEntity
  8
makro-numeracja-punktow
 62
     6
100
AcDbMText
 10
3207.834999999032
 20
3394.136000002735
 30
0.0
 40
1.0
 41
0.0
 46
0.0
 71
     7
 72
     5
  1
467
  7
GeodText
 73
     1
 44
0.8
1001
ACAD
1000
MTEXTBEGIN
1070
    73
1070
     1
1070
    44
1040
0.8
1070
    74
1070
     0
1000
MTEXTEND
  0
MTEXT
  5
8A78
330
887A
100
AcDbEntity
  8
makro-numeracja-punktow
 62
     6
100
AcDbMText
 10
3236.375999998301
 20
3376.385000002571
 30
0.0
 40
1.0
 41
0.0
 46
0.0
 71
     7
 72
     5
  1
468
  7
GeodText
 73
     1
 44
0.8
1001
ACAD
1000
MTEXTBEGIN
1070
    73
1070
     1
1070
    44
1040
0.8
1070
    74
1070
     0
1000
MTEXTEND
  0
MTEXT
  5
8A79
330
887A
100
AcDbEntity
  8
makro-numeracja-punktow
 62
     6
100
AcDbMText
 10
3226.106999997981
 20
3342.286000002176
 30
0.0
 40
1.0
 41
0.0
 46
0.0
 71
     7
 72
     5
  1
469
  7
GeodText
 73
     1
 44
0.8
1001
ACAD
1000
MTEXTBEGIN
1070
    73
1070
     1
1070
    44
1040
0.8
1070
    74
1070
     0
1000
MTEXTEND
  0
MTEXT
  5
8A7A
330
887A
100
AcDbEntity
  8
makro-numeracja-punktow
 62
     6
100
AcDbMText
 10
3215.872999999672
 20
3310.077000002376
 30
0.0
 40
1.0
 41
0.0
 46
0.0
 71
     7
 72
     5
  1
470
  7
GeodText
 73
     1
 44
0.8
1001
ACAD
1000
MTEXTBEGIN
1070
    73
1070
     1
1070
    44
1040
0.8
1070
    74
1070
     0
1000
MTEXTEND
  0
MTEXT
  5
8A7B
330
887A
100
AcDbEntity
  8
makro-numeracja-punktow
 62
     6
100
AcDbMText
 10
3209.168000000529
 20
3255.806000001729
 30
0.0
 40
1.0
 41
0.0
 46
0.0
 71
     7
 72
     5
  1
471
  7
GeodText
 73
     1
 44
0.8
1001
ACAD
1000
MTEXTBEGIN
1070
    73
1070
     1
1070
    44
1040
0.8
1070
    74
1070
     0
1000
MTEXTEND
  0
MTEXT
  5
8A7C
330
887A
100
AcDbEntity
  8
makro-numeracja-punktow
 62
     6
100
AcDbMText
 10
3201.5
 20
3231.069000002928
 30
0.0
 40
1.0
 41
0.0
 46
0.0
 71
     7
 72
     5
  1
472
  7
GeodText
 73
     1
 44
0.8
1001
ACAD
1000
MTEXTBEGIN
1070
    73
1070
     1
1070
    44
1040
0.8
1070
    74
1070
     0
1000
MTEXTEND
  0
MTEXT
  5
8A7D
330
887A
100
AcDbEntity
  8
makro-numeracja-punktow
 62
     6
100
AcDbMText
 10
3193.163000000641
 20
3204.618000002578
 30
0.0
 40
1.0
 41
0.0
 46
0.0
 71
     7
 72
     5
  1
473
  7
GeodText
 73
     1
 44
0.8
1001
ACAD
1000
MTEXTBEGIN
1070
    73
1070
     1
1070
    44
1040
0.8
1070
    74
1070
     0
1000
MTEXTEND
  0
MTEXT
  5
8A7E
330
887A
100
AcDbEntity
  8
makro-numeracja-punktow
 62
     6
100
AcDbMText
 10
3179.981999997981
 20
3162.701000001282
 30
0.0
 40
1.0
 41
0.0
 46
0.0
 71
     7
 72
     5
  1
474
  7
GeodText
 73
     1
 44
0.8
1001
ACAD
1000
MTEXTBEGIN
1070
    73
1070
     1
1070
    44
1040
0.8
1070
    74
1070
     0
1000
MTEXTEND
  0
MTEXT
  5
8A7F
330
887A
100
AcDbEntity
  8
makro-numeracja-punktow
 62
     6
100
AcDbMText
 10
3178.470999998972
 20
3141.018000002951
 30
0.0
 40
1.0
 41
0.0
 46
0.0
 71
     7
 72
     5
  1
475
  7
GeodText
 73
     1
 44
0.8
1001
ACAD
1000
MTEXTBEGIN
1070
    73
1070
     1
1070
    44
1040
0.8
1070
    74
1070
     0
1000
MTEXTEND
  0
MTEXT
  5
8A80
330
887A
100
AcDbEntity
  8
makro-numeracja-punktow
 62
     6
100
AcDbMText
 10
3207.845999998972
 20
3131.910000002943
 30
0.0
 40
1.0
 41
0.0
 46
0.0
 71
     7
 72
     5
  1
476
  7
GeodText
 73
     1
 44
0.8
1001
ACAD
1000
MTEXTBEGIN
1070
    73
1070
     1
1070
    44
1040
0.8
1070
    74
1070
     0
1000
MTEXTEND
  0
MTEXT
  5
8A81
330
887A
100
AcDbEntity
  8
makro-numeracja-punktow
 62
     6
100
AcDbMText
 10
3242.382999999449
 20
3121.038000002503
 30
0.0
 40
1.0
 41
0.0
 46
0.0
 71
     7
 72
     5
  1
477
  7
GeodText
 73
     1
 44
0.8
1001
ACAD
1000
MTEXTBEGIN
1070
    73
1070
     1
1070
    44
1040
0.8
1070
    74
1070
     0
1000
MTEXTEND
  0
MTEXT
  5
8A82
330
887A
100
AcDbEntity
  8
makro-numeracja-punktow
 62
     6
100
AcDbMText
 10
3277.320999998599
 20
3110.159000002779
 30
0.0
 40
1.0
 41
0.0
 46
0.0
 71
     7
 72
     5
  1
478
  7
GeodText
 73
     1
 44
0.8
1001
ACAD
1000
MTEXTBEGIN
1070
    73
1070
     1
1070
    44
1040
0.8
1070
    74
1070
     0
1000
MTEXTEND
  0
MTEXT
  5
8A83
330
887A
100
AcDbEntity
  8
makro-numeracja-punktow
 62
     6
100
AcDbMText
 10
3310.063999999315
 20
3099.875000001863
 30
0.0
 40
1.0
 41
0.0
 46
0.0
 71
     7
 72
     5
  1
479
  7
GeodText
 73
     1
 44
0.8
1001
ACAD
1000
MTEXTBEGIN
1070
    73
1070
     1
1070
    44
1040
0.8
1070
    74
1070
     0
1000
MTEXTEND
  0
MTEXT
  5
8A84
330
887A
100
AcDbEntity
  8
makro-numeracja-punktow
 62
     6
100
AcDbMText
 10
3322.195999998599
 20
3101.839000003412
 30
0.0
 40
1.0
 41
0.0
 46
0.0
 71
     7
 72
     5
  1
480
  7
GeodText
 73
     1
 44
0.8
1001
ACAD
1000
MTEXTBEGIN
1070
    73
1070
     1
1070
    44
1040
0.8
1070
    74
1070
     0
1000
MTEXTEND
  0
MTEXT
  5
8A85
330
887A
100
AcDbEntity
  8
makro-numeracja-punktow
 62
     6
100
AcDbMText
 10
3334.378999999724
 20
3139.919000003487
 30
0.0
 40
1.0
 41
0.0
 46
0.0
 71
     7
 72
     5
  1
481
  7
GeodText
 73
     1
 44
0.8
1001
ACAD
1000
MTEXTBEGIN
1070
    73
1070
     1
1070
    44
1040
0.8
1070
    74
1070
     0
1000
MTEXTEND
  0
MTEXT
  5
8A86
330
887A
100
AcDbEntity
  8
makro-numeracja-punktow
 62
     6
100
AcDbMText
 10
3343.618999999948
 20
3168.927000003867
 30
0.0
 40
1.0
 41
0.0
 46
0.0
 71
     7
 72
     5
  1
482
  7
GeodText
 73
     1
 44
0.8
1001
ACAD
1000
MTEXTBEGIN
1070
    73
1070
     1
1070
    44
1040
0.8
1070
    74
1070
     0
1000
MTEXTEND
  0
MTEXT
  5
8A87
330
887A
100
AcDbEntity
  8
makro-numeracja-punktow
 62
     6
100
AcDbMText
 10
3356.301999998279
 20
3209.1510000024
 30
0.0
 40
1.0
 41
0.0
 46
0.0
 71
     7
 72
     5
  1
483
  7
GeodText
 73
     1
 44
0.8
1001
ACAD
1000
MTEXTBEGIN
1070
    73
1070
     1
1070
    44
1040
0.8
1070
    74
1070
     0
1000
MTEXTEND
  0
MTEXT
  5
8A88
330
887A
100
AcDbEntity
  8
makro-numeracja-punktow
 62
     6
100
AcDbMText
 10
3325.075000000186
 20
3150.456000003032
 30
0.0
 40
1.0
 41
0.0
 46
0.0
 71
     7
 72
     5
  1
484
  7
GeodText
 73
     1
 44
0.8
1001
ACAD
1000
MTEXTBEGIN
1070
    73
1070
     1
1070
    44
1040
0.8
1070
    74
1070
     0
1000
MTEXTEND
  0
MTEXT
  5
8A89
330
887A
100
AcDbEntity
  8
makro-numeracja-punktow
 62
     6
100
AcDbMText
 10
3281.556999999099
 20
3164.266000002623
 30
0.0
 40
1.0
 41
0.0
 46
0.0
 71
     7
 72
     5
  1
485
  7
GeodText
 73
     1
 44
0.8
1001
ACAD
1000
MTEXTBEGIN
1070
    73
1070
     1
1070
    44
1040
0.8
1070
    74
1070
     0
1000
MTEXTEND
  0
MTEXT
  5
8A8A
330
887A
100
AcDbEntity
  8
makro-numeracja-punktow
 62
     6
100
AcDbMText
 10
3259.065999998711
 20
3171.421000001952
 30
0.0
 40
1.0
 41
0.0
 46
0.0
 71
     7
 72
     5
  1
486
  7
GeodText
 73
     1
 44
0.8
1001
ACAD
1000
MTEXTBEGIN
1070
    73
1070
     1
1070
    44
1040
0.8
1070
    74
1070
     0
1000
MTEXTEND
  0
MTEXT
  5
8A8B
330
887A
100
AcDbEntity
  8
makro-numeracja-punktow
 62
     6
100
AcDbMText
 10
3232.726999998093
 20
3179.679000002332
 30
0.0
 40
1.0
 41
0.0
 46
0.0
 71
     7
 72
     5
  1
487
  7
GeodText
 73
     1
 44
0.8
1001
ACAD
1000
MTEXTBEGIN
1070
    73
1070
     1
1070
    44
1040
0.8
1070
    74
1070
     0
1000
MTEXTEND
  0
MTEXT
  5
8A8C
330
887A
100
AcDbEntity
  8
makro-numeracja-punktow
 62
     6
100
AcDbMText
 10
3193.738999998197
 20
3192.150000002235
 30
0.0
 40
1.0
 41
0.0
 46
0.0
 71
     7
 72
     5
  1
488
  7
GeodText
 73
     1
 44
0.8
1001
ACAD
1000
MTEXTBEGIN
1070
    73
1070
     1
1070
    44
1040
0.8
1070
    74
1070
     0
1000
MTEXTEND
  0
MTEXT
  5
8A8D
330
887A
100
AcDbEntity
  8
makro-numeracja-punktow
 62
     6
100
AcDbMText
 10
3614.4729999993
 20
3467.967000003904
 30
0.0
 40
1.0
 41
0.0
 46
0.0
 71
     7
 72
     5
  1
489
  7
GeodText
 73
     1
 44
0.8
1001
ACAD
1000
MTEXTBEGIN
1070
    73
1070
     1
1070
    44
1040
0.8
1070
    74
1070
     0
1000
MTEXTEND
  0
MTEXT
  5
8A8E
330
887A
100
AcDbEntity
  8
makro-numeracja-punktow
 62
     6
100
AcDbMText
 10
3654.012999999337
 20
3458.777000002563
 30
0.0
 40
1.0
 41
0.0
 46
0.0
 71
     7
 72
     5
  1
490
  7
GeodText
 73
     1
 44
0.8
1001
ACAD
1000
MTEXTBEGIN
1070
    73
1070
     1
1070
    44
1040
0.8
1070
    74
1070
     0
1000
MTEXTEND
  0
MTEXT
  5
8A8F
330
887A
100
AcDbEntity
  8
makro-numeracja-punktow
 62
     6
100
AcDbMText
 10
4174.073999999091
 20
2421.459000003524
 30
0.0
 40
1.0
 41
0.0
 46
0.0
 71
     7
 72
     5
  1
491
  7
GeodText
 73
     1
 44
0.8
1001
ACAD
1000
MTEXTBEGIN
1070
    73
1070
     1
1070
    44
1040
0.8
1070
    74
1070
     0
1000
MTEXTEND
  0
MTEXT
  5
8A90
330
887A
100
AcDbEntity
  8
makro-numeracja-punktow
 62
     6
100
AcDbMText
 10
4156.637999707832
 20
2405.710999703035
 30
0.0
 40
1.0
 41
0.0
 46
0.0
 71
     7
 72
     5
  1
492
  7
GeodText
 73
     1
 44
0.8
1001
ACAD
1000
MTEXTBEGIN
1070
    73
1070
     1
1070
    44
1040
0.8
1070
    74
1070
     0
1000
MTEXTEND
  0
MTEXT
  5
8A91
330
887A
100
AcDbEntity
  8
makro-numeracja-punktow
 62
     6
100
AcDbMText
 10
4121.260072488338
 20
2374.583471431397
 30
0.0
 40
1.0
 41
0.0
 46
0.0
 71
     7
 72
     5
  1
493
  7
GeodText
 73
     1
 44
0.8
1001
ACAD
1000
MTEXTBEGIN
1070
    73
1070
     1
1070
    44
1040
0.8
1070
    74
1070
     0
1000
MTEXTEND
  0
MTEXT
  5
8A92
330
887A
100
AcDbEntity
  8
makro-numeracja-punktow
 62
     6
100
AcDbMText
 10
4196.507574443705
 20
2437.288516340777
 30
0.0
 40
1.0
 41
0.0
 46
0.0
 71
     7
 72
     5
  1
494
  7
GeodText
 73
     1
 44
0.8
1001
ACAD
1000
MTEXTBEGIN
1070
    73
1070
     1
1070
    44
1040
0.8
1070
    74
1070
     0
1000
MTEXTEND
  0
MTEXT
  5
8A93
330
887A
100
AcDbEntity
  8
makro-numeracja-punktow
 62
     6
100
AcDbMText
 10
4217.910000000149
 20
2445.652000002563
 30
0.0
 40
1.0
 41
0.0
 46
0.0
 71
     7
 72
     5
  1
495
  7
GeodText
 73
     1
 44
0.8
1001
ACAD
1000
MTEXTBEGIN
1070
    73
1070
     1
1070
    44
1040
0.8
1070
    74
1070
     0
1000
MTEXTEND
  0
MTEXT
  5
8A94
330
887A
100
AcDbEntity
  8
makro-numeracja-punktow
 62
     6
100
AcDbMText
 10
4248.667000000365
 20
2447.292000001297
 30
0.0
 40
1.0
 41
0.0
 46
0.0
 71
     7
 72
     5
  1
496
  7
GeodText
 73
     1
 44
0.8
1001
ACAD
1000
MTEXTBEGIN
1070
    73
1070
     1
1070
    44
1040
0.8
1070
    74
1070
     0
1000
MTEXTEND
  0
MTEXT
  5
8A95
330
887A
100
AcDbEntity
  8
makro-numeracja-punktow
 62
     6
100
AcDbMText
 10
4278.970999998971
 20
2437.698000002653
 30
0.0
 40
1.0
 41
0.0
 46
0.0
 71
     7
 72
     5
  1
497
  7
GeodText
 73
     1
 44
0.8
1001
ACAD
1000
MTEXTBEGIN
1070
    73
1070
     1
1070
    44
1040
0.8
1070
    74
1070
     0
1000
MTEXTEND
  0
MTEXT
  5
8A96
330
887A
100
AcDbEntity
  8
makro-numeracja-punktow
 62
     6
100
AcDbMText
 10
4299.338999999687
 20
2425.293000002392
 30
0.0
 40
1.0
 41
0.0
 46
0.0
 71
     7
 72
     5
  1
498
  7
GeodText
 73
     1
 44
0.8
1001
ACAD
1000
MTEXTBEGIN
1070
    73
1070
     1
1070
    44
1040
0.8
1070
    74
1070
     0
1000
MTEXTEND
  0
MTEXT
  5
8A97
330
887A
100
AcDbEntity
  8
makro-numeracja-punktow
 62
     6
100
AcDbMText
 10
4333.718999999574
 20
2419.416000000201
 30
0.0
 40
1.0
 41
0.0
 46
0.0
 71
     7
 72
     5
  1
499
  7
GeodText
 73
     1
 44
0.8
1001
ACAD
1000
MTEXTBEGIN
1070
    73
1070
     1
1070
    44
1040
0.8
1070
    74
1070
     0
1000
MTEXTEND
  0
MTEXT
  5
8A98
330
887A
100
AcDbEntity
  8
makro-numeracja-punktow
 62
     6
100
AcDbMText
 10
4364.975999997929
 20
2403.342000002973
 30
0.0
 40
1.0
 41
0.0
 46
0.0
 71
     7
 72
     5
  1
500
  7
GeodText
 73
     1
 44
0.8
1001
ACAD
1000
MTEXTBEGIN
1070
    73
1070
     1
1070
    44
1040
0.8
1070
    74
1070
     0
1000
MTEXTEND
  0
MTEXT
  5
8A99
330
887A
100
AcDbEntity
  8
makro-numeracja-punktow
 62
     6
100
AcDbMText
 10
4397.547999999486
 20
2396.497000001371
 30
0.0
 40
1.0
 41
0.0
 46
0.0
 71
     7
 72
     5
  1
501
  7
GeodText
 73
     1
 44
0.8
1001
ACAD
1000
MTEXTBEGIN
1070
    73
1070
     1
1070
    44
1040
0.8
1070
    74
1070
     0
1000
MTEXTEND
  0
MTEXT
  5
8A9A
330
887A
100
AcDbEntity
  8
makro-numeracja-punktow
 62
     6
100
AcDbMText
 10
4423.630999999121
 20
2383.82500000298
 30
0.0
 40
1.0
 41
0.0
 46
0.0
 71
     7
 72
     5
  1
502
  7
GeodText
 73
     1
 44
0.8
1001
ACAD
1000
MTEXTBEGIN
1070
    73
1070
     1
1070
    44
1040
0.8
1070
    74
1070
     0
1000
MTEXTEND
  0
MTEXT
  5
8A9B
330
887A
100
AcDbEntity
  8
makro-numeracja-punktow
 62
     6
100
AcDbMText
 10
4467.275999998673
 20
2359.029000003822
 30
0.0
 40
1.0
 41
0.0
 46
0.0
 71
     7
 72
     5
  1
503
  7
GeodText
 73
     1
 44
0.8
1001
ACAD
1000
MTEXTBEGIN
1070
    73
1070
     1
1070
    44
1040
0.8
1070
    74
1070
     0
1000
MTEXTEND
  0
MTEXT
  5
8A9C
330
887A
100
AcDbEntity
  8
makro-numeracja-punktow
 62
     6
100
AcDbMText
 10
4483.592999999411
 20
2350.697000002488
 30
0.0
 40
1.0
 41
0.0
 46
0.0
 71
     7
 72
     5
  1
504
  7
GeodText
 73
     1
 44
0.8
1001
ACAD
1000
MTEXTBEGIN
1070
    73
1070
     1
1070
    44
1040
0.8
1070
    74
1070
     0
1000
MTEXTEND
  0
MTEXT
  5
8A9D
330
887A
100
AcDbEntity
  8
makro-numeracja-punktow
 62
     6
100
AcDbMText
 10
4507.518999999389
 20
2337.889000003226
 30
0.0
 40
1.0
 41
0.0
 46
0.0
 71
     7
 72
     5
  1
505
  7
GeodText
 73
     1
 44
0.8
1001
ACAD
1000
MTEXTBEGIN
1070
    73
1070
     1
1070
    44
1040
0.8
1070
    74
1070
     0
1000
MTEXTEND
  0
MTEXT
  5
8A9E
330
887A
100
AcDbEntity
  8
makro-numeracja-punktow
 62
     6
100
AcDbMText
 10
4540.072999997995
 20
2320.927000002936
 30
0.0
 40
1.0
 41
0.0
 46
0.0
 71
     7
 72
     5
  1
506
  7
GeodText
 73
     1
 44
0.8
1001
ACAD
1000
MTEXTBEGIN
1070
    73
1070
     1
1070
    44
1040
0.8
1070
    74
1070
     0
1000
MTEXTEND
  0
MTEXT
  5
8A9F
330
887A
100
AcDbEntity
  8
makro-numeracja-punktow
 62
     6
100
AcDbMText
 10
4549.90299999807
 20
2325.387000002898
 30
0.0
 40
1.0
 41
0.0
 46
0.0
 71
     7
 72
     5
  1
507
  7
GeodText
 73
     1
 44
0.8
1001
ACAD
1000
MTEXTBEGIN
1070
    73
1070
     1
1070
    44
1040
0.8
1070
    74
1070
     0
1000
MTEXTEND
  0
MTEXT
  5
8AA0
330
887A
100
AcDbEntity
  8
makro-numeracja-punktow
 62
     6
100
AcDbMText
 10
4559.930999998934
 20
2357.429000002332
 30
0.0
 40
1.0
 41
0.0
 46
0.0
 71
     7
 72
     5
  1
508
  7
GeodText
 73
     1
 44
0.8
1001
ACAD
1000
MTEXTBEGIN
1070
    73
1070
     1
1070
    44
1040
0.8
1070
    74
1070
     0
1000
MTEXTEND
  0
MTEXT
  5
8AA1
330
887A
100
AcDbEntity
  8
makro-numeracja-punktow
 62
     6
100
AcDbMText
 10
4568.622999999671
 20
2366.487000002526
 30
0.0
 40
1.0
 41
0.0
 46
0.0
 71
     7
 72
     5
  1
509
  7
GeodText
 73
     1
 44
0.8
1001
ACAD
1000
MTEXTBEGIN
1070
    73
1070
     1
1070
    44
1040
0.8
1070
    74
1070
     0
1000
MTEXTEND
  0
MTEXT
  5
8AA2
330
887A
100
AcDbEntity
  8
makro-numeracja-punktow
 62
     6
100
AcDbMText
 10
4587.462999999523
 20
2409.057000002824
 30
0.0
 40
1.0
 41
0.0
 46
0.0
 71
     7
 72
     5
  1
510
  7
GeodText
 73
     1
 44
0.8
1001
ACAD
1000
MTEXTBEGIN
1070
    73
1070
     1
1070
    44
1040
0.8
1070
    74
1070
     0
1000
MTEXTEND
  0
MTEXT
  5
8AA3
330
887A
100
AcDbEntity
  8
makro-numeracja-punktow
 62
     6
100
AcDbMText
 10
4601.081996427849
 20
2327.520969239063
 30
0.0
 40
1.0
 41
0.0
 46
0.0
 71
     7
 72
     5
  1
511
  7
GeodText
 73
     1
 44
0.8
1001
ACAD
1000
MTEXTBEGIN
1070
    73
1070
     1
1070
    44
1040
0.8
1070
    74
1070
     0
1000
MTEXTEND
  0
MTEXT
  5
8AA4
330
887A
100
AcDbEntity
  8
makro-numeracja-punktow
 62
     6
100
AcDbMText
 10
4588.702999998814
 20
2297.177000003867
 30
0.0
 40
1.0
 41
0.0
 46
0.0
 71
     7
 72
     5
  1
512
  7
GeodText
 73
     1
 44
0.8
1001
ACAD
1000
MTEXTBEGIN
1070
    73
1070
     1
1070
    44
1040
0.8
1070
    74
1070
     0
1000
MTEXTEND
  0
MTEXT
  5
8AA5
330
887A
100
AcDbEntity
  8
makro-numeracja-punktow
 62
     6
100
AcDbMText
 10
4556.536999998614
 20
2312.001000002027
 30
0.0
 40
1.0
 41
0.0
 46
0.0
 71
     7
 72
     5
  1
513
  7
GeodText
 73
     1
 44
0.8
1001
ACAD
1000
MTEXTBEGIN
1070
    73
1070
     1
1070
    44
1040
0.8
1070
    74
1070
     0
1000
MTEXTEND
  0
MTEXT
  5
8AA6
330
887A
100
AcDbEntity
  8
makro-numeracja-punktow
 62
     6
100
AcDbMText
 10
4624.825000000186
 20
2277.538000002504
 30
0.0
 40
1.0
 41
0.0
 46
0.0
 71
     7
 72
     5
  1
514
  7
GeodText
 73
     1
 44
0.8
1001
ACAD
1000
MTEXTBEGIN
1070
    73
1070
     1
1070
    44
1040
0.8
1070
    74
1070
     0
1000
MTEXTEND
  0
MTEXT
  5
8AA7
330
887A
100
AcDbEntity
  8
makro-numeracja-punktow
 62
     6
100
AcDbMText
 10
4637.763000000268
 20
2270.497000002302
 30
0.0
 40
1.0
 41
0.0
 46
0.0
 71
     7
 72
     5
  1
515
  7
GeodText
 73
     1
 44
0.8
1001
ACAD
1000
MTEXTBEGIN
1070
    73
1070
     1
1070
    44
1040
0.8
1070
    74
1070
     0
1000
MTEXTEND
  0
MTEXT
  5
8AA8
330
887A
100
AcDbEntity
  8
makro-numeracja-punktow
 62
     6
100
AcDbMText
 10
4674.9729999993
 20
2249.167000002228
 30
0.0
 40
1.0
 41
0.0
 46
0.0
 71
     7
 72
     5
  1
516
  7
GeodText
 73
     1
 44
0.8
1001
ACAD
1000
MTEXTBEGIN
1070
    73
1070
     1
1070
    44
1040
0.8
1070
    74
1070
     0
1000
MTEXTEND
  0
MTEXT
  5
8AA9
330
887A
100
AcDbEntity
  8
makro-numeracja-punktow
 62
     6
100
AcDbMText
 10
4724.462999999523
 20
2238.607000002637
 30
0.0
 40
1.0
 41
0.0
 46
0.0
 71
     7
 72
     5
  1
517
  7
GeodText
 73
     1
 44
0.8
1001
ACAD
1000
MTEXTBEGIN
1070
    73
1070
     1
1070
    44
1040
0.8
1070
    74
1070
     0
1000
MTEXTEND
  0
MTEXT
  5
8AAA
330
887A
100
AcDbEntity
  8
makro-numeracja-punktow
 62
     6
100
AcDbMText
 10
4766.162925916724
 20
2240.514432645403
 30
0.0
 40
1.0
 41
0.0
 46
0.0
 71
     7
 72
     5
  1
518
  7
GeodText
 73
     1
 44
0.8
1001
ACAD
1000
MTEXTBEGIN
1070
    73
1070
     1
1070
    44
1040
0.8
1070
    74
1070
     0
1000
MTEXTEND
  0
MTEXT
  5
8AAB
330
887A
100
AcDbEntity
  8
makro-numeracja-punktow
 62
     6
100
AcDbMText
 10
4807.632999999448
 20
2243.447000002488
 30
0.0
 40
1.0
 41
0.0
 46
0.0
 71
     7
 72
     5
  1
519
  7
GeodText
 73
     1
 44
0.8
1001
ACAD
1000
MTEXTBEGIN
1070
    73
1070
     1
1070
    44
1040
0.8
1070
    74
1070
     0
1000
MTEXTEND
  0
MTEXT
  5
8AAC
330
887A
100
AcDbEntity
  8
makro-numeracja-punktow
 62
     6
100
AcDbMText
 10
4847.535000000149
 20
2245.799000003375
 30
0.0
 40
1.0
 41
0.0
 46
0.0
 71
     7
 72
     5
  1
520
  7
GeodText
 73
     1
 44
0.8
1001
ACAD
1000
MTEXTBEGIN
1070
    73
1070
     1
1070
    44
1040
0.8
1070
    74
1070
     0
1000
MTEXTEND
  0
MTEXT
  5
8AAD
330
887A
100
AcDbEntity
  8
makro-numeracja-punktow
 62
     6
100
AcDbMText
 10
4887.641999999061
 20
2248.131000001915
 30
0.0
 40
1.0
 41
0.0
 46
0.0
 71
     7
 72
     5
  1
521
  7
GeodText
 73
     1
 44
0.8
1001
ACAD
1000
MTEXTBEGIN
1070
    73
1070
     1
1070
    44
1040
0.8
1070
    74
1070
     0
1000
MTEXTEND
  0
MTEXT
  5
8AAE
330
887A
100
AcDbEntity
  8
makro-numeracja-punktow
 62
     6
100
AcDbMText
 10
4935.855142600835
 20
2251.367728753015
 30
0.0
 40
1.0
 41
0.0
 46
0.0
 71
     7
 72
     5
  1
522
  7
GeodText
 73
     1
 44
0.8
1001
ACAD
1000
MTEXTBEGIN
1070
    73
1070
     1
1070
    44
1040
0.8
1070
    74
1070
     0
1000
MTEXTEND
  0
MTEXT
  5
8AAF
330
887A
100
AcDbEntity
  8
makro-numeracja-punktow
 62
     6
100
AcDbMText
 10
4977.091999999248
 20
2254.040000002831
 30
0.0
 40
1.0
 41
0.0
 46
0.0
 71
     7
 72
     5
  1
523
  7
GeodText
 73
     1
 44
0.8
1001
ACAD
1000
MTEXTBEGIN
1070
    73
1070
     1
1070
    44
1040
0.8
1070
    74
1070
     0
1000
MTEXTEND
  0
MTEXT
  5
8AB0
330
887A
100
AcDbEntity
  8
makro-numeracja-punktow
 62
     6
100
AcDbMText
 10
5022.627000000328
 20
2257.205000001006
 30
0.0
 40
1.0
 41
0.0
 46
0.0
 71
     7
 72
     5
  1
524
  7
GeodText
 73
     1
 44
0.8
1001
ACAD
1000
MTEXTBEGIN
1070
    73
1070
     1
1070
    44
1040
0.8
1070
    74
1070
     0
1000
MTEXTEND
  0
MTEXT
  5
8AB1
330
887A
100
AcDbEntity
  8
makro-numeracja-punktow
 62
     6
100
AcDbMText
 10
5070.580999997445
 20
2260.068000001833
 30
0.0
 40
1.0
 41
0.0
 46
0.0
 71
     7
 72
     5
  1
525
  7
GeodText
 73
     1
 44
0.8
1001
ACAD
1000
MTEXTBEGIN
1070
    73
1070
     1
1070
    44
1040
0.8
1070
    74
1070
     0
1000
MTEXTEND
  0
MTEXT
  5
8AB2
330
887A
100
AcDbEntity
  8
makro-numeracja-punktow
 62
     6
100
AcDbMText
 10
5092.202999997883
 20
2261.597000002861
 30
0.0
 40
1.0
 41
0.0
 46
0.0
 71
     7
 72
     5
  1
526
  7
GeodText
 73
     1
 44
0.8
1001
ACAD
1000
MTEXTBEGIN
1070
    73
1070
     1
1070
    44
1040
0.8
1070
    74
1070
     0
1000
MTEXTEND
  0
MTEXT
  5
8AB3
330
887A
100
AcDbEntity
  8
makro-numeracja-punktow
 62
     6
100
AcDbMText
 10
5113.552999999374
 20
2262.997000001371
 30
0.0
 40
1.0
 41
0.0
 46
0.0
 71
     7
 72
     5
  1
527
  7
GeodText
 73
     1
 44
0.8
1001
ACAD
1000
MTEXTBEGIN
1070
    73
1070
     1
1070
    44
1040
0.8
1070
    74
1070
     0
1000
MTEXTEND
  0
MTEXT
  5
8AB4
330
887A
100
AcDbEntity
  8
makro-numeracja-punktow
 62
     6
100
AcDbMText
 10
5162.072999998927
 20
2265.877000002191
 30
0.0
 40
1.0
 41
0.0
 46
0.0
 71
     7
 72
     5
  1
528
  7
GeodText
 73
     1
 44
0.8
1001
ACAD
1000
MTEXTBEGIN
1070
    73
1070
     1
1070
    44
1040
0.8
1070
    74
1070
     0
1000
MTEXTEND
  0
MTEXT
  5
8AB5
330
887A
100
AcDbEntity
  8
makro-numeracja-punktow
 62
     6
100
AcDbMText
 10
5214.9869999988
 20
2268.908000002615
 30
0.0
 40
1.0
 41
0.0
 46
0.0
 71
     7
 72
     5
  1
529
  7
GeodText
 73
     1
 44
0.8
1001
ACAD
1000
MTEXTBEGIN
1070
    73
1070
     1
1070
    44
1040
0.8
1070
    74
1070
     0
1000
MTEXTEND
  0
MTEXT
  5
8AB6
330
887A
100
AcDbEntity
  8
makro-numeracja-punktow
 62
     6
100
AcDbMText
 10
5257.362999998033
 20
2272.327000002377
 30
0.0
 40
1.0
 41
0.0
 46
0.0
 71
     7
 72
     5
  1
530
  7
GeodText
 73
     1
 44
0.8
1001
ACAD
1000
MTEXTBEGIN
1070
    73
1070
     1
1070
    44
1040
0.8
1070
    74
1070
     0
1000
MTEXTEND
  0
MTEXT
  5
8AB7
330
887A
100
AcDbEntity
  8
makro-numeracja-punktow
 62
     6
100
AcDbMText
 10
5286.309000000358
 20
2273.365000003018
 30
0.0
 40
1.0
 41
0.0
 46
0.0
 71
     7
 72
     5
  1
531
  7
GeodText
 73
     1
 44
0.8
1001
ACAD
1000
MTEXTBEGIN
1070
    73
1070
     1
1070
    44
1040
0.8
1070
    74
1070
     0
1000
MTEXTEND
  0
MTEXT
  5
8AB8
330
887A
100
AcDbEntity
  8
makro-numeracja-punktow
 62
     6
100
AcDbMText
 10
5301.221999999135
 20
2274.065000001341
 30
0.0
 40
1.0
 41
0.0
 46
0.0
 71
     7
 72
     5
  1
532
  7
GeodText
 73
     1
 44
0.8
1001
ACAD
1000
MTEXTBEGIN
1070
    73
1070
     1
1070
    44
1040
0.8
1070
    74
1070
     0
1000
MTEXTEND
  0
MTEXT
  5
8AB9
330
887A
100
AcDbEntity
  8
makro-numeracja-punktow
 62
     6
100
AcDbMText
 10
5324.123999999836
 20
2275.329000003636
 30
0.0
 40
1.0
 41
0.0
 46
0.0
 71
     7
 72
     5
  1
533
  7
GeodText
 73
     1
 44
0.8
1001
ACAD
1000
MTEXTBEGIN
1070
    73
1070
     1
1070
    44
1040
0.8
1070
    74
1070
     0
1000
MTEXTEND
  0
MTEXT
  5
8ABA
330
887A
100
AcDbEntity
  8
makro-numeracja-punktow
 62
     6
100
AcDbMText
 10
5361.663000000641
 20
2274.3170000026
 30
0.0
 40
1.0
 41
0.0
 46
0.0
 71
     7
 72
     5
  1
534
  7
GeodText
 73
     1
 44
0.8
1001
ACAD
1000
MTEXTBEGIN
1070
    73
1070
     1
1070
    44
1040
0.8
1070
    74
1070
     0
1000
MTEXTEND
  0
MTEXT
  5
8ABB
330
887A
100
AcDbEntity
  8
makro-numeracja-punktow
 62
     6
100
AcDbMText
 10
5403.232999998145
 20
2269.547000003047
 30
0.0
 40
1.0
 41
0.0
 46
0.0
 71
     7
 72
     5
  1
535
  7
GeodText
 73
     1
 44
0.8
1001
ACAD
1000
MTEXTBEGIN
1070
    73
1070
     1
1070
    44
1040
0.8
1070
    74
1070
     0
1000
MTEXTEND
  0
MTEXT
  5
8ABC
330
887A
100
AcDbEntity
  8
makro-numeracja-punktow
 62
     6
100
AcDbMText
 10
5442.922999999486
 20
2263.657000002451
 30
0.0
 40
1.0
 41
0.0
 46
0.0
 71
     7
 72
     5
  1
536
  7
GeodText
 73
     1
 44
0.8
1001
ACAD
1000
MTEXTBEGIN
1070
    73
1070
     1
1070
    44
1040
0.8
1070
    74
1070
     0
1000
MTEXTEND
  0
MTEXT
  5
8ABD
330
887A
100
AcDbEntity
  8
makro-numeracja-punktow
 62
     6
100
AcDbMText
 10
5483.212999999523
 20
2259.587000002153
 30
0.0
 40
1.0
 41
0.0
 46
0.0
 71
     7
 72
     5
  1
537
  7
GeodText
 73
     1
 44
0.8
1001
ACAD
1000
MTEXTBEGIN
1070
    73
1070
     1
1070
    44
1040
0.8
1070
    74
1070
     0
1000
MTEXTEND
  0
MTEXT
  5
8ABE
330
887A
100
AcDbEntity
  8
makro-numeracja-punktow
 62
     6
100
AcDbMText
 10
5523.362999998965
 20
2255.577000002377
 30
0.0
 40
1.0
 41
0.0
 46
0.0
 71
     7
 72
     5
  1
538
  7
GeodText
 73
     1
 44
0.8
1001
ACAD
1000
MTEXTBEGIN
1070
    73
1070
     1
1070
    44
1040
0.8
1070
    74
1070
     0
1000
MTEXTEND
  0
MTEXT
  5
8ABF
330
887A
100
AcDbEntity
  8
makro-numeracja-punktow
 62
     6
100
AcDbMText
 10
5567.132999999449
 20
2250.907000003383
 30
0.0
 40
1.0
 41
0.0
 46
0.0
 71
     7
 72
     5
  1
539
  7
GeodText
 73
     1
 44
0.8
1001
ACAD
1000
MTEXTBEGIN
1070
    73
1070
     1
1070
    44
1040
0.8
1070
    74
1070
     0
1000
MTEXTEND
  0
MTEXT
  5
8AC0
330
887A
100
AcDbEntity
  8
makro-numeracja-punktow
 62
     6
100
AcDbMText
 10
5614.003999999724
 20
2247.519000002183
 30
0.0
 40
1.0
 41
0.0
 46
0.0
 71
     7
 72
     5
  1
540
  7
GeodText
 73
     1
 44
0.8
1001
ACAD
1000
MTEXTBEGIN
1070
    73
1070
     1
1070
    44
1040
0.8
1070
    74
1070
     0
1000
MTEXTEND
  0
MTEXT
  5
8AC1
330
887A
100
AcDbEntity
  8
makro-numeracja-punktow
 62
     6
100
AcDbMText
 10
5646.354999999516
 20
2245.212000001222
 30
0.0
 40
1.0
 41
0.0
 46
0.0
 71
     7
 72
     5
  1
541
  7
GeodText
 73
     1
 44
0.8
1001
ACAD
1000
MTEXTBEGIN
1070
    73
1070
     1
1070
    44
1040
0.8
1070
    74
1070
     0
1000
MTEXTEND
  0
MTEXT
  5
8AC2
330
887A
100
AcDbEntity
  8
makro-numeracja-punktow
 62
     6
100
AcDbMText
 10
5685.780999999494
 20
2242.335000000894
 30
0.0
 40
1.0
 41
0.0
 46
0.0
 71
     7
 72
     5
  1
542
  7
GeodText
 73
     1
 44
0.8
1001
ACAD
1000
MTEXTBEGIN
1070
    73
1070
     1
1070
    44
1040
0.8
1070
    74
1070
     0
1000
MTEXTEND
  0
MTEXT
  5
8AC3
330
887A
100
AcDbEntity
  8
makro-numeracja-punktow
 62
     6
100
AcDbMText
 10
5731.116999998689
 20
2238.127000001259
 30
0.0
 40
1.0
 41
0.0
 46
0.0
 71
     7
 72
     5
  1
543
  7
GeodText
 73
     1
 44
0.8
1001
ACAD
1000
MTEXTBEGIN
1070
    73
1070
     1
1070
    44
1040
0.8
1070
    74
1070
     0
1000
MTEXTEND
  0
MTEXT
  5
8AC4
330
887A
100
AcDbEntity
  8
makro-numeracja-punktow
 62
     6
100
AcDbMText
 10
5784.305999998004
 20
2234.925000001676
 30
0.0
 40
1.0
 41
0.0
 46
0.0
 71
     7
 72
     5
  1
544
  7
GeodText
 73
     1
 44
0.8
1001
ACAD
1000
MTEXTBEGIN
1070
    73
1070
     1
1070
    44
1040
0.8
1070
    74
1070
     0
1000
MTEXTEND
  0
MTEXT
  5
8AC5
330
887A
100
AcDbEntity
  8
makro-numeracja-punktow
 62
     6
100
AcDbMText
 10
5814.212999999523
 20
2232.987000002526
 30
0.0
 40
1.0
 41
0.0
 46
0.0
 71
     7
 72
     5
  1
545
  7
GeodText
 73
     1
 44
0.8
1001
ACAD
1000
MTEXTBEGIN
1070
    73
1070
     1
1070
    44
1040
0.8
1070
    74
1070
     0
1000
MTEXTEND
  0
MTEXT
  5
8AC6
330
887A
100
AcDbEntity
  8
makro-numeracja-punktow
 62
     6
100
AcDbMText
 10
5830.25800000038
 20
2231.854000004009
 30
0.0
 40
1.0
 41
0.0
 46
0.0
 71
     7
 72
     5
  1
546
  7
GeodText
 73
     1
 44
0.8
1001
ACAD
1000
MTEXTBEGIN
1070
    73
1070
     1
1070
    44
1040
0.8
1070
    74
1070
     0
1000
MTEXTEND
  0
MTEXT
  5
8AC7
330
887A
100
AcDbEntity
  8
makro-numeracja-punktow
 62
     6
100
AcDbMText
 10
5860.849999999627
 20
2229.988000003621
 30
0.0
 40
1.0
 41
0.0
 46
0.0
 71
     7
 72
     5
  1
547
  7
GeodText
 73
     1
 44
0.8
1001
ACAD
1000
MTEXTBEGIN
1070
    73
1070
     1
1070
    44
1040
0.8
1070
    74
1070
     0
1000
MTEXTEND
  0
MTEXT
  5
8AC8
330
887A
100
AcDbEntity
  8
makro-numeracja-punktow
 62
     6
100
AcDbMText
 10
5875.871999998577
 20
2228.902000002563
 30
0.0
 40
1.0
 41
0.0
 46
0.0
 71
     7
 72
     5
  1
548
  7
GeodText
 73
     1
 44
0.8
1001
ACAD
1000
MTEXTBEGIN
1070
    73
1070
     1
1070
    44
1040
0.8
1070
    74
1070
     0
1000
MTEXTEND
  0
MTEXT
  5
8AC9
330
887A
100
AcDbEntity
  8
makro-numeracja-punktow
 62
     6
100
AcDbMText
 10
5924.988999999128
 20
2225.225000002422
 30
0.0
 40
1.0
 41
0.0
 46
0.0
 71
     7
 72
     5
  1
549
  7
GeodText
 73
     1
 44
0.8
1001
ACAD
1000
MTEXTBEGIN
1070
    73
1070
     1
1070
    44
1040
0.8
1070
    74
1070
     0
1000
MTEXTEND
  0
MTEXT
  5
8ACA
330
887A
100
AcDbEntity
  8
makro-numeracja-punktow
 62
     6
100
AcDbMText
 10
5974.488999999128
 20
2220.349000003189
 30
0.0
 40
1.0
 41
0.0
 46
0.0
 71
     7
 72
     5
  1
550
  7
GeodText
 73
     1
 44
0.8
1001
ACAD
1000
MTEXTBEGIN
1070
    73
1070
     1
1070
    44
1040
0.8
1070
    74
1070
     0
1000
MTEXTEND
  0
MTEXT
  5
8ACB
330
887A
100
AcDbEntity
  8
makro-numeracja-punktow
 62
     6
100
AcDbMText
 10
6004.998000000604
 20
2175.805000001565
 30
0.0
 40
1.0
 41
0.0
 46
0.0
 71
     7
 72
     5
  1
551
  7
GeodText
 73
     1
 44
0.8
1001
ACAD
1000
MTEXTBEGIN
1070
    73
1070
     1
1070
    44
1040
0.8
1070
    74
1070
     0
1000
MTEXTEND
  0
MTEXT
  5
8ACC
330
887A
100
AcDbEntity
  8
makro-numeracja-punktow
 62
     6
100
AcDbMText
 10
6029.832999999634
 20
2136.003000002355
 30
0.0
 40
1.0
 41
0.0
 46
0.0
 71
     7
 72
     5
  1
552
  7
GeodText
 73
     1
 44
0.8
1001
ACAD
1000
MTEXTBEGIN
1070
    73
1070
     1
1070
    44
1040
0.8
1070
    74
1070
     0
1000
MTEXTEND
  0
MTEXT
  5
8ACD
330
887A
100
AcDbEntity
  8
makro-numeracja-punktow
 62
     6
100
AcDbMText
 10
6082.28299999889
 20
2136.8170000026
 30
0.0
 40
1.0
 41
0.0
 46
0.0
 71
     7
 72
     5
  1
553
  7
GeodText
 73
     1
 44
0.8
1001
ACAD
1000
MTEXTBEGIN
1070
    73
1070
     1
1070
    44
1040
0.8
1070
    74
1070
     0
1000
MTEXTEND
  0
MTEXT
  5
8ACE
330
887A
100
AcDbEntity
  8
makro-numeracja-punktow
 62
     6
100
AcDbMText
 10
6161.403999998235
 20
2145.615000003017
 30
0.0
 40
1.0
 41
0.0
 46
0.0
 71
     7
 72
     5
  1
554
  7
GeodText
 73
     1
 44
0.8
1001
ACAD
1000
MTEXTBEGIN
1070
    73
1070
     1
1070
    44
1040
0.8
1070
    74
1070
     0
1000
MTEXTEND
  0
MTEXT
  5
8ACF
330
887A
100
AcDbEntity
  8
makro-numeracja-punktow
 62
     6
100
AcDbMText
 10
6186.632999999449
 20
2145.937000003643
 30
0.0
 40
1.0
 41
0.0
 46
0.0
 71
     7
 72
     5
  1
555
  7
GeodText
 73
     1
 44
0.8
1001
ACAD
1000
MTEXTBEGIN
1070
    73
1070
     1
1070
    44
1040
0.8
1070
    74
1070
     0
1000
MTEXTEND
  0
MTEXT
  5
8AD0
330
887A
100
AcDbEntity
  8
makro-numeracja-punktow
 62
     6
100
AcDbMText
 10
6207.442999998107
 20
2190.437000002712
 30
0.0
 40
1.0
 41
0.0
 46
0.0
 71
     7
 72
     5
  1
556
  7
GeodText
 73
     1
 44
0.8
1001
ACAD
1000
MTEXTBEGIN
1070
    73
1070
     1
1070
    44
1040
0.8
1070
    74
1070
     0
1000
MTEXTEND
  0
MTEXT
  5
8AD1
330
887A
100
AcDbEntity
  8
makro-numeracja-punktow
 62
     6
100
AcDbMText
 10
6169.480000000447
 20
2111.85500000231
 30
0.0
 40
1.0
 41
0.0
 46
0.0
 71
     7
 72
     5
  1
557
  7
GeodText
 73
     1
 44
0.8
1001
ACAD
1000
MTEXTBEGIN
1070
    73
1070
     1
1070
    44
1040
0.8
1070
    74
1070
     0
1000
MTEXTEND
  0
MTEXT
  5
8AD2
330
887A
100
AcDbEntity
  8
makro-numeracja-punktow
 62
     6
100
AcDbMText
 10
6151.712999999523
 20
2078.12700000219
 30
0.0
 40
1.0
 41
0.0
 46
0.0
 71
     7
 72
     5
  1
558
  7
GeodText
 73
     1
 44
0.8
1001
ACAD
1000
MTEXTBEGIN
1070
    73
1070
     1
1070
    44
1040
0.8
1070
    74
1070
     0
1000
MTEXTEND
  0
MTEXT
  5
8AD3
330
887A
100
AcDbEntity
  8
makro-numeracja-punktow
 62
     6
100
AcDbMText
 10
6135.503999999724
 20
2044.690000001341
 30
0.0
 40
1.0
 41
0.0
 46
0.0
 71
     7
 72
     5
  1
559
  7
GeodText
 73
     1
 44
0.8
1001
ACAD
1000
MTEXTBEGIN
1070
    73
1070
     1
1070
    44
1040
0.8
1070
    74
1070
     0
1000
MTEXTEND
  0
MTEXT
  5
8AD4
330
887A
100
AcDbEntity
  8
makro-numeracja-punktow
 62
     6
100
AcDbMText
 10
6119.882999999449
 20
2015.650000002235
 30
0.0
 40
1.0
 41
0.0
 46
0.0
 71
     7
 72
     5
  1
560
  7
GeodText
 73
     1
 44
0.8
1001
ACAD
1000
MTEXTBEGIN
1070
    73
1070
     1
1070
    44
1040
0.8
1070
    74
1070
     0
1000
MTEXTEND
  0
MTEXT
  5
8AD5
330
887A
100
AcDbEntity
  8
makro-numeracja-punktow
 62
     6
100
AcDbMText
 10
6109.868999999016
 20
1996.085000002756
 30
0.0
 40
1.0
 41
0.0
 46
0.0
 71
     7
 72
     5
  1
561
  7
GeodText
 73
     1
 44
0.8
1001
ACAD
1000
MTEXTBEGIN
1070
    73
1070
     1
1070
    44
1040
0.8
1070
    74
1070
     0
1000
MTEXTEND
  0
MTEXT
  5
8AD6
330
887A
100
AcDbEntity
  8
makro-numeracja-punktow
 62
     6
100
AcDbMText
 10
6093.732999999076
 20
1964.397000001743
 30
0.0
 40
1.0
 41
0.0
 46
0.0
 71
     7
 72
     5
  1
562
  7
GeodText
 73
     1
 44
0.8
1001
ACAD
1000
MTEXTBEGIN
1070
    73
1070
     1
1070
    44
1040
0.8
1070
    74
1070
     0
1000
MTEXTEND
  0
MTEXT
  5
8AD7
330
887A
100
AcDbEntity
  8
makro-numeracja-punktow
 62
     6
100
AcDbMText
 10
6084.384999998845
 20
1940.801000002771
 30
0.0
 40
1.0
 41
0.0
 46
0.0
 71
     7
 72
     5
  1
563
  7
GeodText
 73
     1
 44
0.8
1001
ACAD
1000
MTEXTBEGIN
1070
    73
1070
     1
1070
    44
1040
0.8
1070
    74
1070
     0
1000
MTEXTEND
  0
MTEXT
  5
8AD8
330
887A
100
AcDbEntity
  8
makro-numeracja-punktow
 62
     6
100
AcDbMText
 10
6076.423000000417
 20
1916.477000002749
 30
0.0
 40
1.0
 41
0.0
 46
0.0
 71
     7
 72
     5
  1
564
  7
GeodText
 73
     1
 44
0.8
1001
ACAD
1000
MTEXTBEGIN
1070
    73
1070
     1
1070
    44
1040
0.8
1070
    74
1070
     0
1000
MTEXTEND
  0
MTEXT
  5
8AD9
330
887A
100
AcDbEntity
  8
makro-numeracja-punktow
 62
     6
100
AcDbMText
 10
6165.419999999926
 20
1993.850000002422
 30
0.0
 40
1.0
 41
0.0
 46
0.0
 71
     7
 72
     5
  1
565
  7
GeodText
 73
     1
 44
0.8
1001
ACAD
1000
MTEXTBEGIN
1070
    73
1070
     1
1070
    44
1040
0.8
1070
    74
1070
     0
1000
MTEXTEND
  0
MTEXT
  5
8ADA
330
887A
100
AcDbEntity
  8
makro-numeracja-punktow
 62
     6
100
AcDbMText
 10
6195.624999999068
 20
2054.038000002504
 30
0.0
 40
1.0
 41
0.0
 46
0.0
 71
     7
 72
     5
  1
566
  7
GeodText
 73
     1
 44
0.8
1001
ACAD
1000
MTEXTBEGIN
1070
    73
1070
     1
1070
    44
1040
0.8
1070
    74
1070
     0
1000
MTEXTEND
  0
MTEXT
  5
8ADB
330
887A
100
AcDbEntity
  8
makro-numeracja-punktow
 62
     6
100
AcDbMText
 10
6206.322999998928
 20
2148.65700000152
 30
0.0
 40
1.0
 41
0.0
 46
0.0
 71
     7
 72
     5
  1
567
  7
GeodText
 73
     1
 44
0.8
1001
ACAD
1000
MTEXTBEGIN
1070
    73
1070
     1
1070
    44
1040
0.8
1070
    74
1070
     0
1000
MTEXTEND
  0
MTEXT
  5
8ADC
330
887A
100
AcDbEntity
  8
makro-numeracja-punktow
 62
     6
100
AcDbMText
 10
6245.1389999995
 20
2150.158000001684
 30
0.0
 40
1.0
 41
0.0
 46
0.0
 71
     7
 72
     5
  1
568
  7
GeodText
 73
     1
 44
0.8
1001
ACAD
1000
MTEXTBEGIN
1070
    73
1070
     1
1070
    44
1040
0.8
1070
    74
1070
     0
1000
MTEXTEND
  0
MTEXT
  5
8ADD
330
887A
100
AcDbEntity
  8
makro-numeracja-punktow
 62
     6
100
AcDbMText
 10
6229.902999999001
 20
2126.367000002414
 30
0.0
 40
1.0
 41
0.0
 46
0.0
 71
     7
 72
     5
  1
569
  7
GeodText
 73
     1
 44
0.8
1001
ACAD
1000
MTEXTBEGIN
1070
    73
1070
     1
1070
    44
1040
0.8
1070
    74
1070
     0
1000
MTEXTEND
  0
MTEXT
  5
8ADE
330
887A
100
AcDbEntity
  8
makro-numeracja-punktow
 62
     6
100
AcDbMText
 10
5452.66300000064
 20
2246.857000002638
 30
0.0
 40
1.0
 41
0.0
 46
0.0
 71
     7
 72
     5
  1
570
  7
GeodText
 73
     1
 44
0.8
1001
ACAD
1000
MTEXTBEGIN
1070
    73
1070
     1
1070
    44
1040
0.8
1070
    74
1070
     0
1000
MTEXTEND
  0
MTEXT
  5
8ADF
330
887A
100
AcDbEntity
  8
makro-numeracja-punktow
 62
     6
100
AcDbMText
 10
5441.472999998368
 20
2209.627000002191
 30
0.0
 40
1.0
 41
0.0
 46
0.0
 71
     7
 72
     5
  1
571
  7
GeodText
 73
     1
 44
0.8
1001
ACAD
1000
MTEXTBEGIN
1070
    73
1070
     1
1070
    44
1040
0.8
1070
    74
1070
     0
1000
MTEXTEND
  0
MTEXT
  5
8AE0
330
887A
100
AcDbEntity
  8
makro-numeracja-punktow
 62
     6
100
AcDbMText
 10
5428.602999999188
 20
2168.28700000234
 30
0.0
 40
1.0
 41
0.0
 46
0.0
 71
     7
 72
     5
  1
572
  7
GeodText
 73
     1
 44
0.8
1001
ACAD
1000
MTEXTBEGIN
1070
    73
1070
     1
1070
    44
1040
0.8
1070
    74
1070
     0
1000
MTEXTEND
  0
MTEXT
  5
8AE1
330
887A
100
AcDbEntity
  8
makro-numeracja-punktow
 62
     6
100
AcDbMText
 10
4600.088000000454
 20
2194.850000002421
 30
0.0
 40
1.0
 41
0.0
 46
0.0
 71
     7
 72
     5
  1
573
  7
GeodText
 73
     1
 44
0.8
1001
ACAD
1000
MTEXTBEGIN
1070
    73
1070
     1
1070
    44
1040
0.8
1070
    74
1070
     0
1000
MTEXTEND
  0
MTEXT
  5
8AE2
330
887A
100
AcDbEntity
  8
makro-numeracja-punktow
 62
     6
100
AcDbMText
 10
4598.205000000074
 20
2234.151000003331
 30
0.0
 40
1.0
 41
0.0
 46
0.0
 71
     7
 72
     5
  1
574
  7
GeodText
 73
     1
 44
0.8
1001
ACAD
1000
MTEXTBEGIN
1070
    73
1070
     1
1070
    44
1040
0.8
1070
    74
1070
     0
1000
MTEXTEND
  0
MTEXT
  5
8AE3
330
887A
100
AcDbEntity
  8
makro-numeracja-punktow
 62
     6
100
AcDbMText
 10
4596.433999999426
 20
2274.544000002556
 30
0.0
 40
1.0
 41
0.0
 46
0.0
 71
     7
 72
     5
  1
575
  7
GeodText
 73
     1
 44
0.8
1001
ACAD
1000
MTEXTBEGIN
1070
    73
1070
     1
1070
    44
1040
0.8
1070
    74
1070
     0
1000
MTEXTEND
  0
MTEXT
  5
8AE4
330
887A
100
AcDbEntity
  8
makro-numeracja-punktow
 62
     6
100
AcDbMText
 10
4509.929999999702
 20
2260.23300000187
 30
0.0
 40
1.0
 41
0.0
 46
0.0
 71
     7
 72
     5
  1
576
  7
GeodText
 73
     1
 44
0.8
1001
ACAD
1000
MTEXTBEGIN
1070
    73
1070
     1
1070
    44
1040
0.8
1070
    74
1070
     0
1000
MTEXTEND
  0
MTEXT
  5
8AE5
330
887A
100
AcDbEntity
  8
makro-numeracja-punktow
 62
     6
100
AcDbMText
 10
4512.631999999284
 20
2213.366000001319
 30
0.0
 40
1.0
 41
0.0
 46
0.0
 71
     7
 72
     5
  1
577
  7
GeodText
 73
     1
 44
0.8
1001
ACAD
1000
MTEXTBEGIN
1070
    73
1070
     1
1070
    44
1040
0.8
1070
    74
1070
     0
1000
MTEXTEND
  0
MTEXT
  5
8AE6
330
887A
100
AcDbEntity
  8
makro-numeracja-punktow
 62
     6
100
AcDbMText
 10
4514.925999998115
 20
2183.648000002839
 30
0.0
 40
1.0
 41
0.0
 46
0.0
 71
     7
 72
     5
  1
578
  7
GeodText
 73
     1
 44
0.8
1001
ACAD
1000
MTEXTBEGIN
1070
    73
1070
     1
1070
    44
1040
0.8
1070
    74
1070
     0
1000
MTEXTEND
  0
MTEXT
  5
8AE7
330
887A
100
AcDbEntity
  8
makro-numeracja-punktow
 62
     6
100
AcDbMText
 10
4516.240999997593
 20
2159.854000002146
 30
0.0
 40
1.0
 41
0.0
 46
0.0
 71
     7
 72
     5
  1
579
  7
GeodText
 73
     1
 44
0.8
1001
ACAD
1000
MTEXTBEGIN
1070
    73
1070
     1
1070
    44
1040
0.8
1070
    74
1070
     0
1000
MTEXTEND
  0
MTEXT
  5
8AE8
330
887A
100
AcDbEntity
  8
makro-numeracja-punktow
 62
     6
100
AcDbMText
 10
4518.448371965438
 20
2113.254413450137
 30
0.0
 40
1.0
 41
0.0
 46
0.0
 71
     7
 72
     5
  1
580
  7
GeodText
 73
     1
 44
0.8
1001
ACAD
1000
MTEXTBEGIN
1070
    73
1070
     1
1070
    44
1040
0.8
1070
    74
1070
     0
1000
MTEXTEND
  0
MTEXT
  5
8AE9
330
887A
100
AcDbEntity
  8
makro-numeracja-punktow
 62
     6
100
AcDbMText
 10
4471.902999999001
 20
2258.497000002302
 30
0.0
 40
1.0
 41
0.0
 46
0.0
 71
     7
 72
     5
  1
581
  7
GeodText
 73
     1
 44
0.8
1001
ACAD
1000
MTEXTBEGIN
1070
    73
1070
     1
1070
    44
1040
0.8
1070
    74
1070
     0
1000
MTEXTEND
  0
MTEXT
  5
8AEA
330
887A
100
AcDbEntity
  8
makro-numeracja-punktow
 62
     6
100
AcDbMText
 10
4430.78599999845
 20
2256.572000002488
 30
0.0
 40
1.0
 41
0.0
 46
0.0
 71
     7
 72
     5
  1
582
  7
GeodText
 73
     1
 44
0.8
1001
ACAD
1000
MTEXTBEGIN
1070
    73
1070
     1
1070
    44
1040
0.8
1070
    74
1070
     0
1000
MTEXTEND
  0
MTEXT
  5
8AEB
330
887A
100
AcDbEntity
  8
makro-numeracja-punktow
 62
     6
100
AcDbMText
 10
4409.851999999023
 20
2255.407000002451
 30
0.0
 40
1.0
 41
0.0
 46
0.0
 71
     7
 72
     5
  1
583
  7
GeodText
 73
     1
 44
0.8
1001
ACAD
1000
MTEXTBEGIN
1070
    73
1070
     1
1070
    44
1040
0.8
1070
    74
1070
     0
1000
MTEXTEND
  0
MTEXT
  5
8AEC
330
887A
100
AcDbEntity
  8
makro-numeracja-punktow
 62
     6
100
AcDbMText
 10
4393.995999997481
 20
2254.577000002377
 30
0.0
 40
1.0
 41
0.0
 46
0.0
 71
     7
 72
     5
  1
584
  7
GeodText
 73
     1
 44
0.8
1001
ACAD
1000
MTEXTBEGIN
1070
    73
1070
     1
1070
    44
1040
0.8
1070
    74
1070
     0
1000
MTEXTEND
  0
MTEXT
  5
8AED
330
887A
100
AcDbEntity
  8
makro-numeracja-punktow
 62
     6
100
AcDbMText
 10
4352.516999999061
 20
2252.279000002891
 30
0.0
 40
1.0
 41
0.0
 46
0.0
 71
     7
 72
     5
  1
585
  7
GeodText
 73
     1
 44
0.8
1001
ACAD
1000
MTEXTBEGIN
1070
    73
1070
     1
1070
    44
1040
0.8
1070
    74
1070
     0
1000
MTEXTEND
  0
MTEXT
  5
8AEE
330
887A
100
AcDbEntity
  8
makro-numeracja-punktow
 62
     6
100
AcDbMText
 10
4344.062999999151
 20
2251.677000002936
 30
0.0
 40
1.0
 41
0.0
 46
0.0
 71
     7
 72
     5
  1
586
  7
GeodText
 73
     1
 44
0.8
1001
ACAD
1000
MTEXTBEGIN
1070
    73
1070
     1
1070
    44
1040
0.8
1070
    74
1070
     0
1000
MTEXTEND
  0
MTEXT
  5
8AEF
330
887A
100
AcDbEntity
  8
makro-numeracja-punktow
 62
     6
100
AcDbMText
 10
4309.302999998442
 20
2249.827000002377
 30
0.0
 40
1.0
 41
0.0
 46
0.0
 71
     7
 72
     5
  1
587
  7
GeodText
 73
     1
 44
0.8
1001
ACAD
1000
MTEXTBEGIN
1070
    73
1070
     1
1070
    44
1040
0.8
1070
    74
1070
     0
1000
MTEXTEND
  0
MTEXT
  5
8AF0
330
887A
100
AcDbEntity
  8
makro-numeracja-punktow
 62
     6
100
AcDbMText
 10
4293.632999999448
 20
2249.0670000026
 30
0.0
 40
1.0
 41
0.0
 46
0.0
 71
     7
 72
     5
  1
588
  7
GeodText
 73
     1
 44
0.8
1001
ACAD
1000
MTEXTBEGIN
1070
    73
1070
     1
1070
    44
1040
0.8
1070
    74
1070
     0
1000
MTEXTEND
  0
MTEXT
  5
8AF1
330
887A
100
AcDbEntity
  8
makro-numeracja-punktow
 62
     6
100
AcDbMText
 10
4265.552999999374
 20
2247.366000001319
 30
0.0
 40
1.0
 41
0.0
 46
0.0
 71
     7
 72
     5
  1
589
  7
GeodText
 73
     1
 44
0.8
1001
ACAD
1000
MTEXTBEGIN
1070
    73
1070
     1
1070
    44
1040
0.8
1070
    74
1070
     0
1000
MTEXTEND
  0
MTEXT
  5
8AF2
330
887A
100
AcDbEntity
  8
makro-numeracja-punktow
 62
     6
100
AcDbMText
 10
4226.297999999486
 20
2262.842000002973
 30
0.0
 40
1.0
 41
0.0
 46
0.0
 71
     7
 72
     5
  1
590
  7
GeodText
 73
     1
 44
0.8
1001
ACAD
1000
MTEXTBEGIN
1070
    73
1070
     1
1070
    44
1040
0.8
1070
    74
1070
     0
1000
MTEXTEND
  0
MTEXT
  5
8AF3
330
887A
100
AcDbEntity
  8
makro-numeracja-punktow
 62
     6
100
AcDbMText
 10
4190.532999997958
 20
2276.837000001222
 30
0.0
 40
1.0
 41
0.0
 46
0.0
 71
     7
 72
     5
  1
591
  7
GeodText
 73
     1
 44
0.8
1001
ACAD
1000
MTEXTBEGIN
1070
    73
1070
     1
1070
    44
1040
0.8
1070
    74
1070
     0
1000
MTEXTEND
  0
MTEXT
  5
8AF4
330
887A
100
AcDbEntity
  8
makro-numeracja-punktow
 62
     6
100
AcDbMText
 10
4180.274999999441
 20
2289.08100000117
 30
0.0
 40
1.0
 41
0.0
 46
0.0
 71
     7
 72
     5
  1
592
  7
GeodText
 73
     1
 44
0.8
1001
ACAD
1000
MTEXTBEGIN
1070
    73
1070
     1
1070
    44
1040
0.8
1070
    74
1070
     0
1000
MTEXTEND
  0
MTEXT
  5
8AF5
330
887A
100
AcDbEntity
  8
makro-numeracja-punktow
 62
     6
100
AcDbMText
 10
4178.507999999449
 20
2273.742000002414
 30
0.0
 40
1.0
 41
0.0
 46
0.0
 71
     7
 72
     5
  1
593
  7
GeodText
 73
     1
 44
0.8
1001
ACAD
1000
MTEXTBEGIN
1070
    73
1070
     1
1070
    44
1040
0.8
1070
    74
1070
     0
1000
MTEXTEND
  0
MTEXT
  5
8AF6
330
887A
100
AcDbEntity
  8
makro-numeracja-punktow
 62
     6
100
AcDbMText
 10
4150.142999999225
 20
2241.102000002749
 30
0.0
 40
1.0
 41
0.0
 46
0.0
 71
     7
 72
     5
  1
594
  7
GeodText
 73
     1
 44
0.8
1001
ACAD
1000
MTEXTBEGIN
1070
    73
1070
     1
1070
    44
1040
0.8
1070
    74
1070
     0
1000
MTEXTEND
  0
MTEXT
  5
8AF7
330
887A
100
AcDbEntity
  8
makro-numeracja-punktow
 62
     6
100
AcDbMText
 10
4137.602999999187
 20
2213.927000003867
 30
0.0
 40
1.0
 41
0.0
 46
0.0
 71
     7
 72
     5
  1
595
  7
GeodText
 73
     1
 44
0.8
1001
ACAD
1000
MTEXTBEGIN
1070
    73
1070
     1
1070
    44
1040
0.8
1070
    74
1070
     0
1000
MTEXTEND
  0
MTEXT
  5
8AF8
330
887A
100
AcDbEntity
  8
makro-numeracja-punktow
 62
     6
100
AcDbMText
 10
4121.228999999352
 20
2182.036000002176
 30
0.0
 40
1.0
 41
0.0
 46
0.0
 71
     7
 72
     5
  1
596
  7
GeodText
 73
     1
 44
0.8
1001
ACAD
1000
MTEXTBEGIN
1070
    73
1070
     1
1070
    44
1040
0.8
1070
    74
1070
     0
1000
MTEXTEND
  0
MTEXT
  5
8AF9
330
887A
100
AcDbEntity
  8
makro-numeracja-punktow
 62
     6
100
AcDbMText
 10
4096.99199999962
 20
2139.047000003979
 30
0.0
 40
1.0
 41
0.0
 46
0.0
 71
     7
 72
     5
  1
597
  7
GeodText
 73
     1
 44
0.8
1001
ACAD
1000
MTEXTBEGIN
1070
    73
1070
     1
1070
    44
1040
0.8
1070
    74
1070
     0
1000
MTEXTEND
  0
MTEXT
  5
8AFA
330
887A
100
AcDbEntity
  8
makro-numeracja-punktow
 62
     6
100
AcDbMText
 10
4197.172999999486
 20
2309.577000002377
 30
0.0
 40
1.0
 41
0.0
 46
0.0
 71
     7
 72
     5
  1
598
  7
GeodText
 73
     1
 44
0.8
1001
ACAD
1000
MTEXTBEGIN
1070
    73
1070
     1
1070
    44
1040
0.8
1070
    74
1070
     0
1000
MTEXTEND
  0
MTEXT
  5
8AFB
330
887A
100
AcDbEntity
  8
makro-numeracja-punktow
 62
     6
100
AcDbMText
 10
4211.847999999299
 20
2330.434000003152
 30
0.0
 40
1.0
 41
0.0
 46
0.0
 71
     7
 72
     5
  1
599
  7
GeodText
 73
     1
 44
0.8
1001
ACAD
1000
MTEXTBEGIN
1070
    73
1070
     1
1070
    44
1040
0.8
1070
    74
1070
     0
1000
MTEXTEND
  0
MTEXT
  5
8AFC
330
887A
100
AcDbEntity
  8
makro-numeracja-punktow
 62
     6
100
AcDbMText
 10
4229.462000000291
 20
2354.168000000529
 30
0.0
 40
1.0
 41
0.0
 46
0.0
 71
     7
 72
     5
  1
600
  7
GeodText
 73
     1
 44
0.8
1001
ACAD
1000
MTEXTBEGIN
1070
    73
1070
     1
1070
    44
1040
0.8
1070
    74
1070
     0
1000
MTEXTEND
  0
MTEXT
  5
8AFD
330
887A
100
AcDbEntity
  8
makro-numeracja-punktow
 62
     6
100
AcDbMText
 10
4239.153999999166
 20
2340.799000003375
 30
0.0
 40
1.0
 41
0.0
 46
0.0
 71
     7
 72
     5
  1
601
  7
GeodText
 73
     1
 44
0.8
1001
ACAD
1000
MTEXTBEGIN
1070
    73
1070
     1
1070
    44
1040
0.8
1070
    74
1070
     0
1000
MTEXTEND
  0
MTEXT
  5
8AFE
330
887A
100
AcDbEntity
  8
makro-numeracja-punktow
 62
     6
100
AcDbMText
 10
4261.578999998979
 20
2332.835000001825
 30
0.0
 40
1.0
 41
0.0
 46
0.0
 71
     7
 72
     5
  1
602
  7
GeodText
 73
     1
 44
0.8
1001
ACAD
1000
MTEXTBEGIN
1070
    73
1070
     1
1070
    44
1040
0.8
1070
    74
1070
     0
1000
MTEXTEND
  0
MTEXT
  5
8AFF
330
887A
100
AcDbEntity
  8
makro-numeracja-punktow
 62
     6
100
AcDbMText
 10
4287.132999999449
 20
2322.897000002675
 30
0.0
 40
1.0
 41
0.0
 46
0.0
 71
     7
 72
     5
  1
603
  7
GeodText
 73
     1
 44
0.8
1001
ACAD
1000
MTEXTBEGIN
1070
    73
1070
     1
1070
    44
1040
0.8
1070
    74
1070
     0
1000
MTEXTEND
  0
MTEXT
  5
8B00
330
887A
100
AcDbEntity
  8
makro-numeracja-punktow
 62
     6
100
AcDbMText
 10
4324.860999998636
 20
2322.852000002749
 30
0.0
 40
1.0
 41
0.0
 46
0.0
 71
     7
 72
     5
  1
604
  7
GeodText
 73
     1
 44
0.8
1001
ACAD
1000
MTEXTBEGIN
1070
    73
1070
     1
1070
    44
1040
0.8
1070
    74
1070
     0
1000
MTEXTEND
  0
MTEXT
  5
8B01
330
887A
100
AcDbEntity
  8
makro-numeracja-punktow
 62
     6
100
AcDbMText
 10
4322.36846868135
 20
2358.4830764886
 30
0.0
 40
1.0
 41
0.0
 46
0.0
 71
     7
 72
     5
  1
605
  7
GeodText
 73
     1
 44
0.8
1001
ACAD
1000
MTEXTBEGIN
1070
    73
1070
     1
1070
    44
1040
0.8
1070
    74
1070
     0
1000
MTEXTEND
  0
MTEXT
  5
8B02
330
887A
100
AcDbEntity
  8
makro-numeracja-punktow
 62
     6
100
AcDbMText
 10
4320.642999999225
 20
2393.940000001341
 30
0.0
 40
1.0
 41
0.0
 46
0.0
 71
     7
 72
     5
  1
606
  7
GeodText
 73
     1
 44
0.8
1001
ACAD
1000
MTEXTBEGIN
1070
    73
1070
     1
1070
    44
1040
0.8
1070
    74
1070
     0
1000
MTEXTEND
  0
MTEXT
  5
8B03
330
887A
100
AcDbEntity
  8
makro-numeracja-punktow
 62
     6
100
AcDbMText
 10
4387.241999998688
 20
2372.881000001915
 30
0.0
 40
1.0
 41
0.0
 46
0.0
 71
     7
 72
     5
  1
607
  7
GeodText
 73
     1
 44
0.8
1001
ACAD
1000
MTEXTBEGIN
1070
    73
1070
     1
1070
    44
1040
0.8
1070
    74
1070
     0
1000
MTEXTEND
  0
MTEXT
  5
8B04
330
887A
100
AcDbEntity
  8
makro-numeracja-punktow
 62
     6
100
AcDbMText
 10
4387.864999999292
 20
2355.534000001848
 30
0.0
 40
1.0
 41
0.0
 46
0.0
 71
     7
 72
     5
  1
608
  7
GeodText
 73
     1
 44
0.8
1001
ACAD
1000
MTEXTBEGIN
1070
    73
1070
     1
1070
    44
1040
0.8
1070
    74
1070
     0
1000
MTEXTEND
  0
MTEXT
  5
8B05
330
887A
100
AcDbEntity
  8
makro-numeracja-punktow
 62
     6
100
AcDbMText
 10
4388.818999998271
 20
2339.389000002295
 30
0.0
 40
1.0
 41
0.0
 46
0.0
 71
     7
 72
     5
  1
609
  7
GeodText
 73
     1
 44
0.8
1001
ACAD
1000
MTEXTBEGIN
1070
    73
1070
     1
1070
    44
1040
0.8
1070
    74
1070
     0
1000
MTEXTEND
  0
MTEXT
  5
8B06
330
887A
100
AcDbEntity
  8
makro-numeracja-punktow
 62
     6
100
AcDbMText
 10
4390.465999998152
 20
2315.798000003211
 30
0.0
 40
1.0
 41
0.0
 46
0.0
 71
     7
 72
     5
  1
610
  7
GeodText
 73
     1
 44
0.8
1001
ACAD
1000
MTEXTBEGIN
1070
    73
1070
     1
1070
    44
1040
0.8
1070
    74
1070
     0
1000
MTEXTEND
  0
MTEXT
  5
8B07
330
887A
100
AcDbEntity
  8
makro-numeracja-punktow
 62
     6
100
AcDbMText
 10
4391.799999999814
 20
2293.946000002325
 30
0.0
 40
1.0
 41
0.0
 46
0.0
 71
     7
 72
     5
  1
611
  7
GeodText
 73
     1
 44
0.8
1001
ACAD
1000
MTEXTBEGIN
1070
    73
1070
     1
1070
    44
1040
0.8
1070
    74
1070
     0
1000
MTEXTEND
  0
MTEXT
  5
8B08
330
887A
100
AcDbEntity
  8
makro-numeracja-punktow
 62
     6
100
AcDbMText
 10
4396.652999999001
 20
2212.031000001356
 30
0.0
 40
1.0
 41
0.0
 46
0.0
 71
     7
 72
     5
  1
612
  7
GeodText
 73
     1
 44
0.8
1001
ACAD
1000
MTEXTBEGIN
1070
    73
1070
     1
1070
    44
1040
0.8
1070
    74
1070
     0
1000
MTEXTEND
  0
MTEXT
  5
8B09
330
887A
100
AcDbEntity
  8
makro-numeracja-punktow
 62
     6
100
AcDbMText
 10
4398.762999999337
 20
2172.467000002973
 30
0.0
 40
1.0
 41
0.0
 46
0.0
 71
     7
 72
     5
  1
613
  7
GeodText
 73
     1
 44
0.8
1001
ACAD
1000
MTEXTBEGIN
1070
    73
1070
     1
1070
    44
1040
0.8
1070
    74
1070
     0
1000
MTEXTEND
  0
MTEXT
  5
8B0A
330
887A
100
AcDbEntity
  8
makro-numeracja-punktow
 62
     6
100
AcDbMText
 10
4401.327999998815
 20
2126.81400000304
 30
0.0
 40
1.0
 41
0.0
 46
0.0
 71
     7
 72
     5
  1
614
  7
GeodText
 73
     1
 44
0.8
1001
ACAD
1000
MTEXTBEGIN
1070
    73
1070
     1
1070
    44
1040
0.8
1070
    74
1070
     0
1000
MTEXTEND
  0
MTEXT
  5
8B0B
330
887A
100
AcDbEntity
  8
makro-numeracja-punktow
 62
     6
100
AcDbMText
 10
4403.645999997854
 20
2086.946000001393
 30
0.0
 40
1.0
 41
0.0
 46
0.0
 71
     7
 72
     5
  1
615
  7
GeodText
 73
     1
 44
0.8
1001
ACAD
1000
MTEXTBEGIN
1070
    73
1070
     1
1070
    44
1040
0.8
1070
    74
1070
     0
1000
MTEXTEND
  0
MTEXT
  5
8B0C
330
887A
100
AcDbEntity
  8
makro-numeracja-punktow
 62
     6
100
AcDbMText
 10
4406.512999999336
 20
2037.020000001416
 30
0.0
 40
1.0
 41
0.0
 46
0.0
 71
     7
 72
     5
  1
616
  7
GeodText
 73
     1
 44
0.8
1001
ACAD
1000
MTEXTBEGIN
1070
    73
1070
     1
1070
    44
1040
0.8
1070
    74
1070
     0
1000
MTEXTEND
  0
MTEXT
  5
8B0D
330
887A
100
AcDbEntity
  8
makro-numeracja-punktow
 62
     6
100
AcDbMText
 10
4407.770999997854
 20
2014.226000002585
 30
0.0
 40
1.0
 41
0.0
 46
0.0
 71
     7
 72
     5
  1
617
  7
GeodText
 73
     1
 44
0.8
1001
ACAD
1000
MTEXTBEGIN
1070
    73
1070
     1
1070
    44
1040
0.8
1070
    74
1070
     0
1000
MTEXTEND
  0
MTEXT
  5
8B0E
330
887A
100
AcDbEntity
  8
makro-numeracja-punktow
 62
     6
100
AcDbMText
 10
4408.964999999851
 20
1990.732000001706
 30
0.0
 40
1.0
 41
0.0
 46
0.0
 71
     7
 72
     5
  1
618
  7
GeodText
 73
     1
 44
0.8
1001
ACAD
1000
MTEXTBEGIN
1070
    73
1070
     1
1070
    44
1040
0.8
1070
    74
1070
     0
1000
MTEXTEND
  0
MTEXT
  5
8B0F
330
887A
100
AcDbEntity
  8
makro-numeracja-punktow
 62
     6
100
AcDbMText
 10
4411.478999999352
 20
1949.855000001378
 30
0.0
 40
1.0
 41
0.0
 46
0.0
 71
     7
 72
     5
  1
619
  7
GeodText
 73
     1
 44
0.8
1001
ACAD
1000
MTEXTBEGIN
1070
    73
1070
     1
1070
    44
1040
0.8
1070
    74
1070
     0
1000
MTEXTEND
  0
MTEXT
  5
8B10
330
887A
100
AcDbEntity
  8
makro-numeracja-punktow
 62
     6
100
AcDbMText
 10
4429.461999999359
 20
1951.050000001676
 30
0.0
 40
1.0
 41
0.0
 46
0.0
 71
     7
 72
     5
  1
620
  7
GeodText
 73
     1
 44
0.8
1001
ACAD
1000
MTEXTBEGIN
1070
    73
1070
     1
1070
    44
1040
0.8
1070
    74
1070
     0
1000
MTEXTEND
  0
MTEXT
  5
8B11
330
887A
100
AcDbEntity
  8
makro-numeracja-punktow
 62
     6
100
AcDbMText
 10
4457.363999998197
 20
1952.664000003598
 30
0.0
 40
1.0
 41
0.0
 46
0.0
 71
     7
 72
     5
  1
621
  7
GeodText
 73
     1
 44
0.8
1001
ACAD
1000
MTEXTBEGIN
1070
    73
1070
     1
1070
    44
1040
0.8
1070
    74
1070
     0
1000
MTEXTEND
  0
MTEXT
  5
8B12
330
887A
100
AcDbEntity
  8
makro-numeracja-punktow
 62
     6
100
AcDbMText
 10
4475.288999998942
 20
1953.668000002392
 30
0.0
 40
1.0
 41
0.0
 46
0.0
 71
     7
 72
     5
  1
622
  7
GeodText
 73
     1
 44
0.8
1001
ACAD
1000
MTEXTBEGIN
1070
    73
1070
     1
1070
    44
1040
0.8
1070
    74
1070
     0
1000
MTEXTEND
  0
MTEXT
  5
8B13
330
887A
100
AcDbEntity
  8
makro-numeracja-punktow
 62
     6
100
AcDbMText
 10
4494.373999999836
 20
1954.771000001579
 30
0.0
 40
1.0
 41
0.0
 46
0.0
 71
     7
 72
     5
  1
623
  7
GeodText
 73
     1
 44
0.8
1001
ACAD
1000
MTEXTBEGIN
1070
    73
1070
     1
1070
    44
1040
0.8
1070
    74
1070
     0
1000
MTEXTEND
  0
MTEXT
  5
8B14
330
887A
100
AcDbEntity
  8
makro-numeracja-punktow
 62
     6
100
AcDbMText
 10
4528.583999999798
 20
1956.66800000146
 30
0.0
 40
1.0
 41
0.0
 46
0.0
 71
     7
 72
     5
  1
624
  7
GeodText
 73
     1
 44
0.8
1001
ACAD
1000
MTEXTBEGIN
1070
    73
1070
     1
1070
    44
1040
0.8
1070
    74
1070
     0
1000
MTEXTEND
  0
MTEXT
  5
8B15
330
887A
100
AcDbEntity
  8
makro-numeracja-punktow
 62
     6
100
AcDbMText
 10
4399.492999997921
 20
1949.072000002488
 30
0.0
 40
1.0
 41
0.0
 46
0.0
 71
     7
 72
     5
  1
625
  7
GeodText
 73
     1
 44
0.8
1001
ACAD
1000
MTEXTBEGIN
1070
    73
1070
     1
1070
    44
1040
0.8
1070
    74
1070
     0
1000
MTEXTEND
  0
MTEXT
  5
8B16
330
887A
100
AcDbEntity
  8
makro-numeracja-punktow
 62
     6
100
AcDbMText
 10
4371.401999997906
 20
1947.37700000219
 30
0.0
 40
1.0
 41
0.0
 46
0.0
 71
     7
 72
     5
  1
626
  7
GeodText
 73
     1
 44
0.8
1001
ACAD
1000
MTEXTBEGIN
1070
    73
1070
     1
1070
    44
1040
0.8
1070
    74
1070
     0
1000
MTEXTEND
  0
MTEXT
  5
8B17
330
887A
100
AcDbEntity
  8
makro-numeracja-punktow
 62
     6
100
AcDbMText
 10
4335.181999998167
 20
1945.285000002943
 30
0.0
 40
1.0
 41
0.0
 46
0.0
 71
     7
 72
     5
  1
627
  7
GeodText
 73
     1
 44
0.8
1001
ACAD
1000
MTEXTBEGIN
1070
    73
1070
     1
1070
    44
1040
0.8
1070
    74
1070
     0
1000
MTEXTEND
  0
MTEXT
  5
8B18
330
887A
100
AcDbEntity
  8
makro-numeracja-punktow
 62
     6
100
AcDbMText
 10
4286.279999999329
 20
1947.787000001408
 30
0.0
 40
1.0
 41
0.0
 46
0.0
 71
     7
 72
     5
  1
628
  7
GeodText
 73
     1
 44
0.8
1001
ACAD
1000
MTEXTBEGIN
1070
    73
1070
     1
1070
    44
1040
0.8
1070
    74
1070
     0
1000
MTEXTEND
  0
MTEXT
  5
8B19
330
887A
100
AcDbEntity
  8
makro-numeracja-punktow
 62
     6
100
AcDbMText
 10
4254.121999999508
 20
1951.294000002555
 30
0.0
 40
1.0
 41
0.0
 46
0.0
 71
     7
 72
     5
  1
629
  7
GeodText
 73
     1
 44
0.8
1001
ACAD
1000
MTEXTBEGIN
1070
    73
1070
     1
1070
    44
1040
0.8
1070
    74
1070
     0
1000
MTEXTEND
  0
MTEXT
  5
8B1A
330
887A
100
AcDbEntity
  8
makro-numeracja-punktow
 62
     6
100
AcDbMText
 10
4214.584999999963
 20
1956.061000002548
 30
0.0
 40
1.0
 41
0.0
 46
0.0
 71
     7
 72
     5
  1
630
  7
GeodText
 73
     1
 44
0.8
1001
ACAD
1000
MTEXTBEGIN
1070
    73
1070
     1
1070
    44
1040
0.8
1070
    74
1070
     0
1000
MTEXTEND
  0
MTEXT
  5
8B1B
330
887A
100
AcDbEntity
  8
makro-numeracja-punktow
 62
     6
100
AcDbMText
 10
4183.065999999643
 20
1959.633000002243
 30
0.0
 40
1.0
 41
0.0
 46
0.0
 71
     7
 72
     5
  1
631
  7
GeodText
 73
     1
 44
0.8
1001
ACAD
1000
MTEXTBEGIN
1070
    73
1070
     1
1070
    44
1040
0.8
1070
    74
1070
     0
1000
MTEXTEND
  0
MTEXT
  5
8B1C
330
887A
100
AcDbEntity
  8
makro-numeracja-punktow
 62
     6
100
AcDbMText
 10
4157.103999999351
 20
1962.493000002578
 30
0.0
 40
1.0
 41
0.0
 46
0.0
 71
     7
 72
     5
  1
632
  7
GeodText
 73
     1
 44
0.8
1001
ACAD
1000
MTEXTBEGIN
1070
    73
1070
     1
1070
    44
1040
0.8
1070
    74
1070
     0
1000
MTEXTEND
  0
MTEXT
  5
8B1D
330
887A
100
AcDbEntity
  8
makro-numeracja-punktow
 62
     6
100
AcDbMText
 10
4128.447999998927
 20
1965.685000001453
 30
0.0
 40
1.0
 41
0.0
 46
0.0
 71
     7
 72
     5
  1
633
  7
GeodText
 73
     1
 44
0.8
1001
ACAD
1000
MTEXTBEGIN
1070
    73
1070
     1
1070
    44
1040
0.8
1070
    74
1070
     0
1000
MTEXTEND
  0
MTEXT
  5
8B1E
330
887A
100
AcDbEntity
  8
makro-numeracja-punktow
 62
     6
100
AcDbMText
 10
4093.515000000595
 20
1969.944000002928
 30
0.0
 40
1.0
 41
0.0
 46
0.0
 71
     7
 72
     5
  1
634
  7
GeodText
 73
     1
 44
0.8
1001
ACAD
1000
MTEXTBEGIN
1070
    73
1070
     1
1070
    44
1040
0.8
1070
    74
1070
     0
1000
MTEXTEND
  0
MTEXT
  5
8B1F
330
887A
100
AcDbEntity
  8
makro-numeracja-punktow
 62
     6
100
AcDbMText
 10
4063.576999998651
 20
1973.457000001334
 30
0.0
 40
1.0
 41
0.0
 46
0.0
 71
     7
 72
     5
  1
635
  7
GeodText
 73
     1
 44
0.8
1001
ACAD
1000
MTEXTBEGIN
1070
    73
1070
     1
1070
    44
1040
0.8
1070
    74
1070
     0
1000
MTEXTEND
  0
MTEXT
  5
8B20
330
887A
100
AcDbEntity
  8
makro-numeracja-punktow
 62
     6
100
AcDbMText
 10
4019.952999997884
 20
1982.537000001408
 30
0.0
 40
1.0
 41
0.0
 46
0.0
 71
     7
 72
     5
  1
636
  7
GeodText
 73
     1
 44
0.8
1001
ACAD
1000
MTEXTBEGIN
1070
    73
1070
     1
1070
    44
1040
0.8
1070
    74
1070
     0
1000
MTEXTEND
  0
MTEXT
  5
8B21
330
887A
100
AcDbEntity
  8
makro-numeracja-punktow
 62
     6
100
AcDbMText
 10
4179.621999998577
 20
2056.909000002779
 30
0.0
 40
1.0
 41
0.0
 46
0.0
 71
     7
 72
     5
  1
637
  7
GeodText
 73
     1
 44
0.8
1001
ACAD
1000
MTEXTBEGIN
1070
    73
1070
     1
1070
    44
1040
0.8
1070
    74
1070
     0
1000
MTEXTEND
  0
MTEXT
  5
8B22
330
887A
100
AcDbEntity
  8
makro-numeracja-punktow
 62
     6
100
AcDbMText
 10
4195.594000000506
 20
2082.604000002146
 30
0.0
 40
1.0
 41
0.0
 46
0.0
 71
     7
 72
     5
  1
638
  7
GeodText
 73
     1
 44
0.8
1001
ACAD
1000
MTEXTBEGIN
1070
    73
1070
     1
1070
    44
1040
0.8
1070
    74
1070
     0
1000
MTEXTEND
  0
MTEXT
  5
8B23
330
887A
100
AcDbEntity
  8
makro-numeracja-punktow
 62
     6
100
AcDbMText
 10
4210.751999999397
 20
2077.388000003062
 30
0.0
 40
1.0
 41
0.0
 46
0.0
 71
     7
 72
     5
  1
639
  7
GeodText
 73
     1
 44
0.8
1001
ACAD
1000
MTEXTBEGIN
1070
    73
1070
     1
1070
    44
1040
0.8
1070
    74
1070
     0
1000
MTEXTEND
  0
MTEXT
  5
8B24
330
887A
100
AcDbEntity
  8
makro-numeracja-punktow
 62
     6
100
AcDbMText
 10
4246.753999999724
 20
2078.958000001497
 30
0.0
 40
1.0
 41
0.0
 46
0.0
 71
     7
 72
     5
  1
640
  7
GeodText
 73
     1
 44
0.8
1001
ACAD
1000
MTEXTBEGIN
1070
    73
1070
     1
1070
    44
1040
0.8
1070
    74
1070
     0
1000
MTEXTEND
  0
MTEXT
  5
8B25
330
887A
100
AcDbEntity
  8
makro-numeracja-punktow
 62
     6
100
AcDbMText
 10
4268.507999999449
 20
2080.178000002169
 30
0.0
 40
1.0
 41
0.0
 46
0.0
 71
     7
 72
     5
  1
641
  7
GeodText
 73
     1
 44
0.8
1001
ACAD
1000
MTEXTBEGIN
1070
    73
1070
     1
1070
    44
1040
0.8
1070
    74
1070
     0
1000
MTEXTEND
  0
MTEXT
  5
8B26
330
887A
100
AcDbEntity
  8
makro-numeracja-punktow
 62
     6
100
AcDbMText
 10
4313.288000000641
 20
2082.299000003375
 30
0.0
 40
1.0
 41
0.0
 46
0.0
 71
     7
 72
     5
  1
642
  7
GeodText
 73
     1
 44
0.8
1001
ACAD
1000
MTEXTBEGIN
1070
    73
1070
     1
1070
    44
1040
0.8
1070
    74
1070
     0
1000
MTEXTEND
  0
MTEXT
  5
8B27
330
887A
100
AcDbEntity
  8
makro-numeracja-punktow
 62
     6
100
AcDbMText
 10
4358.59599999804
 20
2084.733000002802
 30
0.0
 40
1.0
 41
0.0
 46
0.0
 71
     7
 72
     5
  1
643
  7
GeodText
 73
     1
 44
0.8
1001
ACAD
1000
MTEXTBEGIN
1070
    73
1070
     1
1070
    44
1040
0.8
1070
    74
1070
     0
1000
MTEXTEND
  0
MTEXT
  5
8B28
330
887A
100
AcDbEntity
  8
makro-numeracja-punktow
 62
     6
100
AcDbMText
 10
4389.338999999687
 20
2086.216000002809
 30
0.0
 40
1.0
 41
0.0
 46
0.0
 71
     7
 72
     5
  1
644
  7
GeodText
 73
     1
 44
0.8
1001
ACAD
1000
MTEXTBEGIN
1070
    73
1070
     1
1070
    44
1040
0.8
1070
    74
1070
     0
1000
MTEXTEND
  0
MTEXT
  5
8B29
330
887A
100
AcDbEntity
  8
makro-numeracja-punktow
 62
     6
100
AcDbMText
 10
4447.763000000268
 20
2088.937000002712
 30
0.0
 40
1.0
 41
0.0
 46
0.0
 71
     7
 72
     5
  1
645
  7
GeodText
 73
     1
 44
0.8
1001
ACAD
1000
MTEXTBEGIN
1070
    73
1070
     1
1070
    44
1040
0.8
1070
    74
1070
     0
1000
MTEXTEND
  0
MTEXT
  5
8B2A
330
887A
100
AcDbEntity
  8
makro-numeracja-punktow
 62
     6
100
AcDbMText
 10
4480.57899999991
 20
2090.519000004046
 30
0.0
 40
1.0
 41
0.0
 46
0.0
 71
     7
 72
     5
  1
646
  7
GeodText
 73
     1
 44
0.8
1001
ACAD
1000
MTEXTBEGIN
1070
    73
1070
     1
1070
    44
1040
0.8
1070
    74
1070
     0
1000
MTEXTEND
  0
MTEXT
  5
8B2B
330
887A
100
AcDbEntity
  8
makro-numeracja-punktow
 62
     6
100
AcDbMText
 10
4548.315999998711
 20
2162.577000001446
 30
0.0
 40
1.0
 41
0.0
 46
0.0
 71
     7
 72
     5
  1
647
  7
GeodText
 73
     1
 44
0.8
1001
ACAD
1000
MTEXTBEGIN
1070
    73
1070
     1
1070
    44
1040
0.8
1070
    74
1070
     0
1000
MTEXTEND
  0
MTEXT
  5
8B2C
330
887A
100
AcDbEntity
  8
makro-numeracja-punktow
 62
     6
100
AcDbMText
 10
4566.142999998294
 20
1958.979000002146
 30
0.0
 40
1.0
 41
0.0
 46
0.0
 71
     7
 72
     5
  1
648
  7
GeodText
 73
     1
 44
0.8
1001
ACAD
1000
MTEXTBEGIN
1070
    73
1070
     1
1070
    44
1040
0.8
1070
    74
1070
     0
1000
MTEXTEND
  0
MTEXT
  5
8B2D
330
887A
100
AcDbEntity
  8
makro-numeracja-punktow
 62
     6
100
AcDbMText
 10
4606.988999999128
 20
1961.64300000295
 30
0.0
 40
1.0
 41
0.0
 46
0.0
 71
     7
 72
     5
  1
649
  7
GeodText
 73
     1
 44
0.8
1001
ACAD
1000
MTEXTBEGIN
1070
    73
1070
     1
1070
    44
1040
0.8
1070
    74
1070
     0
1000
MTEXTEND
  0
MTEXT
  5
8B2E
330
887A
100
AcDbEntity
  8
makro-numeracja-punktow
 62
     6
100
AcDbMText
 10
4529.543000000528
 20
1943.617000001482
 30
0.0
 40
1.0
 41
0.0
 46
0.0
 71
     7
 72
     5
  1
650
  7
GeodText
 73
     1
 44
0.8
1001
ACAD
1000
MTEXTBEGIN
1070
    73
1070
     1
1070
    44
1040
0.8
1070
    74
1070
     0
1000
MTEXTEND
  0
MTEXT
  5
8B2F
330
887A
100
AcDbEntity
  8
makro-numeracja-punktow
 62
     6
100
AcDbMText
 10
4531.788854905403
 20
1909.345478128642
 30
0.0
 40
1.0
 41
0.0
 46
0.0
 71
     7
 72
     5
  1
651
  7
GeodText
 73
     1
 44
0.8
1001
ACAD
1000
MTEXTBEGIN
1070
    73
1070
     1
1070
    44
1040
0.8
1070
    74
1070
     0
1000
MTEXTEND
  0
MTEXT
  5
8B30
330
887A
100
AcDbEntity
  8
makro-numeracja-punktow
 62
     6
100
AcDbMText
 10
4532.742999998852
 20
1884.85000000149
 30
0.0
 40
1.0
 41
0.0
 46
0.0
 71
     7
 72
     5
  1
652
  7
GeodText
 73
     1
 44
0.8
1001
ACAD
1000
MTEXTBEGIN
1070
    73
1070
     1
1070
    44
1040
0.8
1070
    74
1070
     0
1000
MTEXTEND
  0
MTEXT
  5
8B31
330
887A
100
AcDbEntity
  8
makro-numeracja-punktow
 62
     6
100
AcDbMText
 10
4533.871999999508
 20
1861.935000002384
 30
0.0
 40
1.0
 41
0.0
 46
0.0
 71
     7
 72
     5
  1
653
  7
GeodText
 73
     1
 44
0.8
1001
ACAD
1000
MTEXTBEGIN
1070
    73
1070
     1
1070
    44
1040
0.8
1070
    74
1070
     0
1000
MTEXTEND
  0
MTEXT
  5
8B32
330
887A
100
AcDbEntity
  8
makro-numeracja-punktow
 62
     6
100
AcDbMText
 10
4535.053000000305
 20
1833.5670000026
 30
0.0
 40
1.0
 41
0.0
 46
0.0
 71
     7
 72
     5
  1
654
  7
GeodText
 73
     1
 44
0.8
1001
ACAD
1000
MTEXTBEGIN
1070
    73
1070
     1
1070
    44
1040
0.8
1070
    74
1070
     0
1000
MTEXTEND
  0
MTEXT
  5
8B33
330
887A
100
AcDbEntity
  8
makro-numeracja-punktow
 62
     6
100
AcDbMText
 10
4519.544000000693
 20
1871.527000002563
 30
0.0
 40
1.0
 41
0.0
 46
0.0
 71
     7
 72
     5
  1
655
  7
GeodText
 73
     1
 44
0.8
1001
ACAD
1000
MTEXTBEGIN
1070
    73
1070
     1
1070
    44
1040
0.8
1070
    74
1070
     0
1000
MTEXTEND
  0
MTEXT
  5
8B34
330
887A
100
AcDbEntity
  8
makro-numeracja-punktow
 62
     6
100
AcDbMText
 10
4492.370000000112
 20
1870.26800000295
 30
0.0
 40
1.0
 41
0.0
 46
0.0
 71
     7
 72
     5
  1
656
  7
GeodText
 73
     1
 44
0.8
1001
ACAD
1000
MTEXTBEGIN
1070
    73
1070
     1
1070
    44
1040
0.8
1070
    74
1070
     0
1000
MTEXTEND
  0
MTEXT
  5
8B35
330
887A
100
AcDbEntity
  8
makro-numeracja-punktow
 62
     6
100
AcDbMText
 10
4567.869504691102
 20
1887.154345165938
 30
0.0
 40
1.0
 41
0.0
 46
0.0
 71
     7
 72
     5
  1
657
  7
GeodText
 73
     1
 44
0.8
1001
ACAD
1000
MTEXTBEGIN
1070
    73
1070
     1
1070
    44
1040
0.8
1070
    74
1070
     0
1000
MTEXTEND
  0
MTEXT
  5
8B36
330
887A
100
AcDbEntity
  8
makro-numeracja-punktow
 62
     6
100
AcDbMText
 10
4308.856999998912
 20
2016.251000002027
 30
0.0
 40
1.0
 41
0.0
 46
0.0
 71
     7
 72
     5
  1
658
  7
GeodText
 73
     1
 44
0.8
1001
ACAD
1000
MTEXTBEGIN
1070
    73
1070
     1
1070
    44
1040
0.8
1070
    74
1070
     0
1000
MTEXTEND
  0
MTEXT
  5
8B37
330
887A
100
AcDbEntity
  8
makro-numeracja-punktow
 62
     6
100
AcDbMText
 10
4270.004999998956
 20
2028.843000003137
 30
0.0
 40
1.0
 41
0.0
 46
0.0
 71
     7
 72
     5
  1
659
  7
GeodText
 73
     1
 44
0.8
1001
ACAD
1000
MTEXTBEGIN
1070
    73
1070
     1
1070
    44
1040
0.8
1070
    74
1070
     0
1000
MTEXTEND
  0
MTEXT
  5
8B38
330
887A
100
AcDbEntity
  8
makro-numeracja-punktow
 62
     6
100
AcDbMText
 10
4239.634999998845
 20
2038.494000002742
 30
0.0
 40
1.0
 41
0.0
 46
0.0
 71
     7
 72
     5
  1
660
  7
GeodText
 73
     1
 44
0.8
1001
ACAD
1000
MTEXTBEGIN
1070
    73
1070
     1
1070
    44
1040
0.8
1070
    74
1070
     0
1000
MTEXTEND
  0
MTEXT
  5
8B39
330
887A
100
AcDbEntity
  8
makro-numeracja-punktow
 62
     6
100
AcDbMText
 10
4247.746402943507
 20
2050.994323577732
 30
0.0
 40
1.0
 41
0.0
 46
0.0
 71
     7
 72
     5
  1
661
  7
GeodText
 73
     1
 44
0.8
1001
ACAD
1000
MTEXTBEGIN
1070
    73
1070
     1
1070
    44
1040
0.8
1070
    74
1070
     0
1000
MTEXTEND
  0
MTEXT
  5
8B3A
330
887A
100
AcDbEntity
  8
makro-numeracja-punktow
 62
     6
100
AcDbMText
 10
3617.742999998853
 20
1489.8170000026
 30
0.0
 40
1.0
 41
0.0
 46
0.0
 71
     7
 72
     5
  1
662
  7
GeodText
 73
     1
 44
0.8
1001
ACAD
1000
MTEXTBEGIN
1070
    73
1070
     1
1070
    44
1040
0.8
1070
    74
1070
     0
1000
MTEXTEND
  0
MTEXT
  5
8B3B
330
887A
100
AcDbEntity
  8
makro-numeracja-punktow
 62
     6
100
AcDbMText
 10
3564.232999999076
 20
1505.697000002488
 30
0.0
 40
1.0
 41
0.0
 46
0.0
 71
     7
 72
     5
  1
663
  7
GeodText
 73
     1
 44
0.8
1001
ACAD
1000
MTEXTBEGIN
1070
    73
1070
     1
1070
    44
1040
0.8
1070
    74
1070
     0
1000
MTEXTEND
  0
MTEXT
  5
8B3C
330
887A
100
AcDbEntity
  8
makro-numeracja-punktow
 62
     6
100
AcDbMText
 10
3546.902999999002
 20
1463.5670000026
 30
0.0
 40
1.0
 41
0.0
 46
0.0
 71
     7
 72
     5
  1
664
  7
GeodText
 73
     1
 44
0.8
1001
ACAD
1000
MTEXTBEGIN
1070
    73
1070
     1
1070
    44
1040
0.8
1070
    74
1070
     0
1000
MTEXTEND
  0
MTEXT
  5
8B3D
330
887A
100
AcDbEntity
  8
makro-numeracja-punktow
 62
     6
100
AcDbMText
 10
3531.036999998614
 20
1438.93900000304
 30
0.0
 40
1.0
 41
0.0
 46
0.0
 71
     7
 72
     5
  1
665
  7
GeodText
 73
     1
 44
0.8
1001
ACAD
1000
MTEXTBEGIN
1070
    73
1070
     1
1070
    44
1040
0.8
1070
    74
1070
     0
1000
MTEXTEND
  0
MTEXT
  5
8B3E
330
887A
100
AcDbEntity
  8
makro-numeracja-punktow
 62
     6
100
AcDbMText
 10
3505.792999999598
 20
1399.097000002861
 30
0.0
 40
1.0
 41
0.0
 46
0.0
 71
     7
 72
     5
  1
666
  7
GeodText
 73
     1
 44
0.8
1001
ACAD
1000
MTEXTBEGIN
1070
    73
1070
     1
1070
    44
1040
0.8
1070
    74
1070
     0
1000
MTEXTEND
  0
MTEXT
  5
8B3F
330
887A
100
AcDbEntity
  8
makro-numeracja-punktow
 62
     6
100
AcDbMText
 10
3483.504999998957
 20
1362.917000001296
 30
0.0
 40
1.0
 41
0.0
 46
0.0
 71
     7
 72
     5
  1
667
  7
GeodText
 73
     1
 44
0.8
1001
ACAD
1000
MTEXTBEGIN
1070
    73
1070
     1
1070
    44
1040
0.8
1070
    74
1070
     0
1000
MTEXTEND
  0
MTEXT
  5
8B40
330
887A
100
AcDbEntity
  8
makro-numeracja-punktow
 62
     6
100
AcDbMText
 10
3465.754999999889
 20
1334.980000001378
 30
0.0
 40
1.0
 41
0.0
 46
0.0
 71
     7
 72
     5
  1
668
  7
GeodText
 73
     1
 44
0.8
1001
ACAD
1000
MTEXTBEGIN
1070
    73
1070
     1
1070
    44
1040
0.8
1070
    74
1070
     0
1000
MTEXTEND
  0
MTEXT
  5
8B41
330
887A
100
AcDbEntity
  8
makro-numeracja-punktow
 62
     6
100
AcDbMText
 10
3474.196999997832
 20
1377.186000002548
 30
0.0
 40
1.0
 41
0.0
 46
0.0
 71
     7
 72
     5
  1
669
  7
GeodText
 73
     1
 44
0.8
1001
ACAD
1000
MTEXTBEGIN
1070
    73
1070
     1
1070
    44
1040
0.8
1070
    74
1070
     0
1000
MTEXTEND
  0
MTEXT
  5
8B42
330
887A
100
AcDbEntity
  8
makro-numeracja-punktow
 62
     6
100
AcDbMText
 10
3447.702999997884
 20
1390.467000002973
 30
0.0
 40
1.0
 41
0.0
 46
0.0
 71
     7
 72
     5
  1
670
  7
GeodText
 73
     1
 44
0.8
1001
ACAD
1000
MTEXTBEGIN
1070
    73
1070
     1
1070
    44
1040
0.8
1070
    74
1070
     0
1000
MTEXTEND
  0
MTEXT
  5
8B43
330
887A
100
AcDbEntity
  8
makro-numeracja-punktow
 62
     6
100
AcDbMText
 10
3430.522999999114
 20
1399.017000002786
 30
0.0
 40
1.0
 41
0.0
 46
0.0
 71
     7
 72
     5
  1
671
  7
GeodText
 73
     1
 44
0.8
1001
ACAD
1000
MTEXTBEGIN
1070
    73
1070
     1
1070
    44
1040
0.8
1070
    74
1070
     0
1000
MTEXTEND
  0
MTEXT
  5
8B44
330
887A
100
AcDbEntity
  8
makro-numeracja-punktow
 62
     6
100
AcDbMText
 10
3582.399999999442
 20
1104.587000002153
 30
0.0
 40
1.0
 41
0.0
 46
0.0
 71
     7
 72
     5
  1
672
  7
GeodText
 73
     1
 44
0.8
1001
ACAD
1000
MTEXTBEGIN
1070
    73
1070
     1
1070
    44
1040
0.8
1070
    74
1070
     0
1000
MTEXTEND
  0
MTEXT
  5
8B45
330
887A
100
AcDbEntity
  8
makro-numeracja-punktow
 62
     6
100
AcDbMText
 10
3601.646999998018
 20
1098.138000003062
 30
0.0
 40
1.0
 41
0.0
 46
0.0
 71
     7
 72
     5
  1
673
  7
GeodText
 73
     1
 44
0.8
1001
ACAD
1000
MTEXTBEGIN
1070
    73
1070
     1
1070
    44
1040
0.8
1070
    74
1070
     0
1000
MTEXTEND
  0
MTEXT
  5
8B46
330
887A
100
AcDbEntity
  8
makro-numeracja-punktow
 62
     6
100
AcDbMText
 10
3636.922999999486
 20
1085.837000002153
 30
0.0
 40
1.0
 41
0.0
 46
0.0
 71
     7
 72
     5
  1
674
  7
GeodText
 73
     1
 44
0.8
1001
ACAD
1000
MTEXTBEGIN
1070
    73
1070
     1
1070
    44
1040
0.8
1070
    74
1070
     0
1000
MTEXTEND
  0
MTEXT
  5
8B47
330
887A
100
AcDbEntity
  8
makro-numeracja-punktow
 62
     6
100
AcDbMText
 10
3672.682999999262
 20
1073.537000002339
 30
0.0
 40
1.0
 41
0.0
 46
0.0
 71
     7
 72
     5
  1
675
  7
GeodText
 73
     1
 44
0.8
1001
ACAD
1000
MTEXTBEGIN
1070
    73
1070
     1
1070
    44
1040
0.8
1070
    74
1070
     0
1000
MTEXTEND
  0
MTEXT
  5
8B48
330
887A
100
AcDbEntity
  8
makro-numeracja-punktow
 62
     6
100
AcDbMText
 10
3706.544999999926
 20
1061.683000003919
 30
0.0
 40
1.0
 41
0.0
 46
0.0
 71
     7
 72
     5
  1
676
  7
GeodText
 73
     1
 44
0.8
1001
ACAD
1000
MTEXTBEGIN
1070
    73
1070
     1
1070
    44
1040
0.8
1070
    74
1070
     0
1000
MTEXTEND
  0
MTEXT
  5
8B49
330
887A
100
AcDbEntity
  8
makro-numeracja-punktow
 62
     6
100
AcDbMText
 10
3740.469999998808
 20
1049.839000003412
 30
0.0
 40
1.0
 41
0.0
 46
0.0
 71
     7
 72
     5
  1
677
  7
GeodText
 73
     1
 44
0.8
1001
ACAD
1000
MTEXTBEGIN
1070
    73
1070
     1
1070
    44
1040
0.8
1070
    74
1070
     0
1000
MTEXTEND
  0
MTEXT
  5
8B4A
330
887A
100
AcDbEntity
  8
makro-numeracja-punktow
 62
     6
100
AcDbMText
 10
3780.463544149883
 20
1035.863618897274
 30
0.0
 40
1.0
 41
0.0
 46
0.0
 71
     7
 72
     5
  1
678
  7
GeodText
 73
     1
 44
0.8
1001
ACAD
1000
MTEXTBEGIN
1070
    73
1070
     1
1070
    44
1040
0.8
1070
    74
1070
     0
1000
MTEXTEND
  0
MTEXT
  5
8B4B
330
887A
100
AcDbEntity
  8
makro-numeracja-punktow
 62
     6
100
AcDbMText
 10
3825.503000000491
 20
1019.937000002712
 30
0.0
 40
1.0
 41
0.0
 46
0.0
 71
     7
 72
     5
  1
679
  7
GeodText
 73
     1
 44
0.8
1001
ACAD
1000
MTEXTBEGIN
1070
    73
1070
     1
1070
    44
1040
0.8
1070
    74
1070
     0
1000
MTEXTEND
  0
MTEXT
  5
8B4C
330
887A
100
AcDbEntity
  8
makro-numeracja-punktow
 62
     6
100
AcDbMText
 10
3860.235160648823
 20
1003.3250508653
 30
0.0
 40
1.0
 41
0.0
 46
0.0
 71
     7
 72
     5
  1
680
  7
GeodText
 73
     1
 44
0.8
1001
ACAD
1000
MTEXTBEGIN
1070
    73
1070
     1
1070
    44
1040
0.8
1070
    74
1070
     0
1000
MTEXTEND
  0
MTEXT
  5
8B4D
330
887A
100
AcDbEntity
  8
makro-numeracja-punktow
 62
     6
100
AcDbMText
 10
3885.862999998033
 20
993.7370000025257
 30
0.0
 40
1.0
 41
0.0
 46
0.0
 71
     7
 72
     5
  1
681
  7
GeodText
 73
     1
 44
0.8
1001
ACAD
1000
MTEXTBEGIN
1070
    73
1070
     1
1070
    44
1040
0.8
1070
    74
1070
     0
1000
MTEXTEND
  0
MTEXT
  5
8B4E
330
887A
100
AcDbEntity
  8
makro-numeracja-punktow
 62
     6
100
AcDbMText
 10
3908.855000000448
 20
982.3660000022501
 30
0.0
 40
1.0
 41
0.0
 46
0.0
 71
     7
 72
     5
  1
682
  7
GeodText
 73
     1
 44
0.8
1001
ACAD
1000
MTEXTBEGIN
1070
    73
1070
     1
1070
    44
1040
0.8
1070
    74
1070
     0
1000
MTEXTEND
  0
MTEXT
  5
8B4F
330
887A
100
AcDbEntity
  8
makro-numeracja-punktow
 62
     6
100
AcDbMText
 10
3948.075999998488
 20
962.7130000023171
 30
0.0
 40
1.0
 41
0.0
 46
0.0
 71
     7
 72
     5
  1
683
  7
GeodText
 73
     1
 44
0.8
1001
ACAD
1000
MTEXTBEGIN
1070
    73
1070
     1
1070
    44
1040
0.8
1070
    74
1070
     0
1000
MTEXTEND
  0
MTEXT
  5
8B50
330
887A
100
AcDbEntity
  8
makro-numeracja-punktow
 62
     6
100
AcDbMText
 10
3980.013000000268
 20
946.8370000012219
 30
0.0
 40
1.0
 41
0.0
 46
0.0
 71
     7
 72
     5
  1
684
  7
GeodText
 73
     1
 44
0.8
1001
ACAD
1000
MTEXTBEGIN
1070
    73
1070
     1
1070
    44
1040
0.8
1070
    74
1070
     0
1000
MTEXTEND
  0
MTEXT
  5
8B51
330
887A
100
AcDbEntity
  8
makro-numeracja-punktow
 62
     6
100
AcDbMText
 10
3970.745000000112
 20
931.562000002712
 30
0.0
 40
1.0
 41
0.0
 46
0.0
 71
     7
 72
     5
  1
685
  7
GeodText
 73
     1
 44
0.8
1001
ACAD
1000
MTEXTBEGIN
1070
    73
1070
     1
1070
    44
1040
0.8
1070
    74
1070
     0
1000
MTEXTEND
  0
MTEXT
  5
8B52
330
887A
100
AcDbEntity
  8
makro-numeracja-punktow
 62
     6
100
AcDbMText
 10
3967.799999998883
 20
913.8560000015422
 30
0.0
 40
1.0
 41
0.0
 46
0.0
 71
     7
 72
     5
  1
686
  7
GeodText
 73
     1
 44
0.8
1001
ACAD
1000
MTEXTBEGIN
1070
    73
1070
     1
1070
    44
1040
0.8
1070
    74
1070
     0
1000
MTEXTEND
  0
MTEXT
  5
8B53
330
887A
100
AcDbEntity
  8
makro-numeracja-punktow
 62
     6
100
AcDbMText
 10
3580.671999999322
 20
1072.595000001602
 30
0.0
 40
1.0
 41
0.0
 46
0.0
 71
     7
 72
     5
  1
687
  7
GeodText
 73
     1
 44
0.8
1001
ACAD
1000
MTEXTBEGIN
1070
    73
1070
     1
1070
    44
1040
0.8
1070
    74
1070
     0
1000
MTEXTEND
  0
MTEXT
  5
8B54
330
887A
100
AcDbEntity
  8
makro-numeracja-punktow
 62
     6
100
AcDbMText
 10
3579.217999999411
 20
1045.597000002861
 30
0.0
 40
1.0
 41
0.0
 46
0.0
 71
     7
 72
     5
  1
688
  7
GeodText
 73
     1
 44
0.8
1001
ACAD
1000
MTEXTBEGIN
1070
    73
1070
     1
1070
    44
1040
0.8
1070
    74
1070
     0
1000
MTEXTEND
  0
MTEXT
  5
8B55
330
887A
100
AcDbEntity
  8
makro-numeracja-punktow
 62
     6
100
AcDbMText
 10
3577.504999999888
 20
1017.398000002838
 30
0.0
 40
1.0
 41
0.0
 46
0.0
 71
     7
 72
     5
  1
689
  7
GeodText
 73
     1
 44
0.8
1001
ACAD
1000
MTEXTBEGIN
1070
    73
1070
     1
1070
    44
1040
0.8
1070
    74
1070
     0
1000
MTEXTEND
  0
MTEXT
  5
8B56
330
887A
100
AcDbEntity
  8
makro-numeracja-punktow
 62
     6
100
AcDbMText
 10
3576.732999999077
 20
1003.617000002414
 30
0.0
 40
1.0
 41
0.0
 46
0.0
 71
     7
 72
     5
  1
690
  7
GeodText
 73
     1
 44
0.8
1001
ACAD
1000
MTEXTBEGIN
1070
    73
1070
     1
1070
    44
1040
0.8
1070
    74
1070
     0
1000
MTEXTEND
  0
MTEXT
  5
8B57
330
887A
100
AcDbEntity
  8
makro-numeracja-punktow
 62
     6
100
AcDbMText
 10
3574.682999999263
 20
970.9370000027119
 30
0.0
 40
1.0
 41
0.0
 46
0.0
 71
     7
 72
     5
  1
691
  7
GeodText
 73
     1
 44
0.8
1001
ACAD
1000
MTEXTBEGIN
1070
    73
1070
     1
1070
    44
1040
0.8
1070
    74
1070
     0
1000
MTEXTEND
  0
MTEXT
  5
8B58
330
887A
100
AcDbEntity
  8
makro-numeracja-punktow
 62
     6
100
AcDbMText
 10
3573.452999998816
 20
950.7970000039787
 30
0.0
 40
1.0
 41
0.0
 46
0.0
 71
     7
 72
     5
  1
692
  7
GeodText
 73
     1
 44
0.8
1001
ACAD
1000
MTEXTBEGIN
1070
    73
1070
     1
1070
    44
1040
0.8
1070
    74
1070
     0
1000
MTEXTEND
  0
MTEXT
  5
8B59
330
887A
100
AcDbEntity
  8
makro-numeracja-punktow
 62
     6
100
AcDbMText
 10
3572.062999999151
 20
923.8370000012219
 30
0.0
 40
1.0
 41
0.0
 46
0.0
 71
     7
 72
     5
  1
693
  7
GeodText
 73
     1
 44
0.8
1001
ACAD
1000
MTEXTBEGIN
1070
    73
1070
     1
1070
    44
1040
0.8
1070
    74
1070
     0
1000
MTEXTEND
  0
MTEXT
  5
8B5A
330
887A
100
AcDbEntity
  8
makro-numeracja-punktow
 62
     6
100
AcDbMText
 10
3570.923000000418
 20
902.0670000016689
 30
0.0
 40
1.0
 41
0.0
 46
0.0
 71
     7
 72
     5
  1
694
  7
GeodText
 73
     1
 44
0.8
1001
ACAD
1000
MTEXTBEGIN
1070
    73
1070
     1
1070
    44
1040
0.8
1070
    74
1070
     0
1000
MTEXTEND
  0
MTEXT
  5
8B5B
330
887A
100
AcDbEntity
  8
makro-numeracja-punktow
 62
     6
100
AcDbMText
 10
3568.942999999039
 20
877.4470000024885
 30
0.0
 40
1.0
 41
0.0
 46
0.0
 71
     7
 72
     5
  1
695
  7
GeodText
 73
     1
 44
0.8
1001
ACAD
1000
MTEXTBEGIN
1070
    73
1070
     1
1070
    44
1040
0.8
1070
    74
1070
     0
1000
MTEXTEND
  0
MTEXT
  5
8B5C
330
887A
100
AcDbEntity
  8
makro-numeracja-punktow
 62
     6
100
AcDbMText
 10
3567.12429272756
 20
848.5589282689616
 30
0.0
 40
1.0
 41
0.0
 46
0.0
 71
     7
 72
     5
  1
696
  7
GeodText
 73
     1
 44
0.8
1001
ACAD
1000
MTEXTBEGIN
1070
    73
1070
     1
1070
    44
1040
0.8
1070
    74
1070
     0
1000
MTEXTEND
  0
MTEXT
  5
8B5D
330
887A
100
AcDbEntity
  8
makro-numeracja-punktow
 62
     6
100
AcDbMText
 10
3565.202999997885
 20
820.9470000024884
 30
0.0
 40
1.0
 41
0.0
 46
0.0
 71
     7
 72
     5
  1
697
  7
GeodText
 73
     1
 44
0.8
1001
ACAD
1000
MTEXTBEGIN
1070
    73
1070
     1
1070
    44
1040
0.8
1070
    74
1070
     0
1000
MTEXTEND
  0
MTEXT
  5
8B5E
330
887A
100
AcDbEntity
  8
makro-numeracja-punktow
 62
     6
100
AcDbMText
 10
3563.793000000529
 20
793.9370000027119
 30
0.0
 40
1.0
 41
0.0
 46
0.0
 71
     7
 72
     5
  1
698
  7
GeodText
 73
     1
 44
0.8
1001
ACAD
1000
MTEXTBEGIN
1070
    73
1070
     1
1070
    44
1040
0.8
1070
    74
1070
     0
1000
MTEXTEND
  0
MTEXT
  5
8B5F
330
887A
100
AcDbEntity
  8
makro-numeracja-punktow
 62
     6
100
AcDbMText
 10
3562.2229999993
 20
768.25700000301
 30
0.0
 40
1.0
 41
0.0
 46
0.0
 71
     7
 72
     5
  1
699
  7
GeodText
 73
     1
 44
0.8
1001
ACAD
1000
MTEXTBEGIN
1070
    73
1070
     1
1070
    44
1040
0.8
1070
    74
1070
     0
1000
MTEXTEND
  0
MTEXT
  5
8B60
330
887A
100
AcDbEntity
  8
makro-numeracja-punktow
 62
     6
100
AcDbMText
 10
3560.832994634286
 20
742.3070003278553
 30
0.0
 40
1.0
 41
0.0
 46
0.0
 71
     7
 72
     5
  1
700
  7
GeodText
 73
     1
 44
0.8
1001
ACAD
1000
MTEXTBEGIN
1070
    73
1070
     1
1070
    44
1040
0.8
1070
    74
1070
     0
1000
MTEXTEND
  0
MTEXT
  5
8B61
330
887A
100
AcDbEntity
  8
makro-numeracja-punktow
 62
     6
100
AcDbMText
 10
3558.822999998927
 20
709.1070000026375
 30
0.0
 40
1.0
 41
0.0
 46
0.0
 71
     7
 72
     5
  1
701
  7
GeodText
 73
     1
 44
0.8
1001
ACAD
1000
MTEXTBEGIN
1070
    73
1070
     1
1070
    44
1040
0.8
1070
    74
1070
     0
1000
MTEXTEND
  0
MTEXT
  5
8B62
330
887A
100
AcDbEntity
  8
makro-numeracja-punktow
 62
     6
100
AcDbMText
 10
3555.952999998816
 20
666.2870000023395
 30
0.0
 40
1.0
 41
0.0
 46
0.0
 71
     7
 72
     5
  1
702
  7
GeodText
 73
     1
 44
0.8
1001
ACAD
1000
MTEXTBEGIN
1070
    73
1070
     1
1070
    44
1040
0.8
1070
    74
1070
     0
1000
MTEXTEND
  0
MTEXT
  5
8B63
330
887A
100
AcDbEntity
  8
makro-numeracja-punktow
 62
     6
100
AcDbMText
 10
3554.042999999598
 20
636.437000002712
 30
0.0
 40
1.0
 41
0.0
 46
0.0
 71
     7
 72
     5
  1
703
  7
GeodText
 73
     1
 44
0.8
1001
ACAD
1000
MTEXTBEGIN
1070
    73
1070
     1
1070
    44
1040
0.8
1070
    74
1070
     0
1000
MTEXTEND
  0
MTEXT
  5
8B64
330
887A
100
AcDbEntity
  8
makro-numeracja-punktow
 62
     6
100
AcDbMText
 10
3808.432999999263
 20
934.1970000015571
 30
0.0
 40
1.0
 41
0.0
 46
0.0
 71
     7
 72
     5
  1
704
  7
GeodText
 73
     1
 44
0.8
1001
ACAD
1000
MTEXTBEGIN
1070
    73
1070
     1
1070
    44
1040
0.8
1070
    74
1070
     0
1000
MTEXTEND
  0
MTEXT
  5
8B65
330
887A
100
AcDbEntity
  8
makro-numeracja-punktow
 62
     6
100
AcDbMText
 10
3812.212999999523
 20
953.277000002563
 30
0.0
 40
1.0
 41
0.0
 46
0.0
 71
     7
 72
     5
  1
705
  7
GeodText
 73
     1
 44
0.8
1001
ACAD
1000
MTEXTBEGIN
1070
    73
1070
     1
1070
    44
1040
0.8
1070
    74
1070
     0
1000
MTEXTEND
  0
MTEXT
  5
8B66
330
887A
100
AcDbEntity
  8
makro-numeracja-punktow
 62
     6
100
AcDbMText
 10
3814.852999999188
 20
967.0370000023394
 30
0.0
 40
1.0
 41
0.0
 46
0.0
 71
     7
 72
     5
  1
706
  7
GeodText
 73
     1
 44
0.8
1001
ACAD
1000
MTEXTBEGIN
1070
    73
1070
     1
1070
    44
1040
0.8
1070
    74
1070
     0
1000
MTEXTEND
  0
MTEXT
  5
8B67
330
887A
100
AcDbEntity
  8
makro-numeracja-punktow
 62
     6
100
AcDbMText
 10
3819.242999997921
 20
990.0670000026002
 30
0.0
 40
1.0
 41
0.0
 46
0.0
 71
     7
 72
     5
  1
707
  7
GeodText
 73
     1
 44
0.8
1001
ACAD
1000
MTEXTBEGIN
1070
    73
1070
     1
1070
    44
1040
0.8
1070
    74
1070
     0
1000
MTEXTEND
  0
MTEXT
  5
8B68
330
887A
100
AcDbEntity
  8
makro-numeracja-punktow
 62
     6
100
AcDbMText
 10
3755.002999999561
 20
1002.167000001296
 30
0.0
 40
1.0
 41
0.0
 46
0.0
 71
     7
 72
     5
  1
708
  7
GeodText
 73
     1
 44
0.8
1001
ACAD
1000
MTEXTBEGIN
1070
    73
1070
     1
1070
    44
1040
0.8
1070
    74
1070
     0
1000
MTEXTEND
  0
MTEXT
  5
8B69
330
887A
100
AcDbEntity
  8
makro-numeracja-punktow
 62
     6
100
AcDbMText
 10
3723.83699999936
 20
1009.588000002317
 30
0.0
 40
1.0
 41
0.0
 46
0.0
 71
     7
 72
     5
  1
709
  7
GeodText
 73
     1
 44
0.8
1001
ACAD
1000
MTEXTBEGIN
1070
    73
1070
     1
1070
    44
1040
0.8
1070
    74
1070
     0
1000
MTEXTEND
  0
MTEXT
  5
8B6A
330
887A
100
AcDbEntity
  8
makro-numeracja-punktow
 62
     6
100
AcDbMText
 10
3685.373000000604
 20
1019.107000001706
 30
0.0
 40
1.0
 41
0.0
 46
0.0
 71
     7
 72
     5
  1
710
  7
GeodText
 73
     1
 44
0.8
1001
ACAD
1000
MTEXTBEGIN
1070
    73
1070
     1
1070
    44
1040
0.8
1070
    74
1070
     0
1000
MTEXTEND
  0
MTEXT
  5
8B6B
330
887A
100
AcDbEntity
  8
makro-numeracja-punktow
 62
     6
100
AcDbMText
 10
3654.122999999672
 20
1026.497000001371
 30
0.0
 40
1.0
 41
0.0
 46
0.0
 71
     7
 72
     5
  1
711
  7
GeodText
 73
     1
 44
0.8
1001
ACAD
1000
MTEXTBEGIN
1070
    73
1070
     1
1070
    44
1040
0.8
1070
    74
1070
     0
1000
MTEXTEND
  0
MTEXT
  5
8B6C
330
887A
100
AcDbEntity
  8
makro-numeracja-punktow
 62
     6
100
AcDbMText
 10
3639.147999999114
 20
1030.072000002488
 30
0.0
 40
1.0
 41
0.0
 46
0.0
 71
     7
 72
     5
  1
712
  7
GeodText
 73
     1
 44
0.8
1001
ACAD
1000
MTEXTBEGIN
1070
    73
1070
     1
1070
    44
1040
0.8
1070
    74
1070
     0
1000
MTEXTEND
  0
MTEXT
  5
8B6D
330
887A
100
AcDbEntity
  8
makro-numeracja-punktow
 62
     6
100
AcDbMText
 10
3596.640999997966
 20
1041.103000002913
 30
0.0
 40
1.0
 41
0.0
 46
0.0
 71
     7
 72
     5
  1
713
  7
GeodText
 73
     1
 44
0.8
1001
ACAD
1000
MTEXTBEGIN
1070
    73
1070
     1
1070
    44
1040
0.8
1070
    74
1070
     0
1000
MTEXTEND
  0
MTEXT
  5
8B6E
330
887A
100
AcDbEntity
  8
makro-numeracja-punktow
 62
     6
100
AcDbMText
 10
3902.909675912
 20
943.003377597779
 30
0.0
 40
1.0
 41
0.0
 46
0.0
 71
     7
 72
     5
  1
714
  7
GeodText
 73
     1
 44
0.8
1001
ACAD
1000
MTEXTBEGIN
1070
    73
1070
     1
1070
    44
1040
0.8
1070
    74
1070
     0
1000
MTEXTEND
  0
MTEXT
  5
8B6F
330
887A
100
AcDbEntity
  8
makro-numeracja-punktow
 62
     6
100
AcDbMText
 10
4620.650000000373
 20
1237.109000002965
 30
0.0
 40
1.0
 41
0.0
 46
0.0
 71
     7
 72
     5
  1
715
  7
GeodText
 73
     1
 44
0.8
1001
ACAD
1000
MTEXTBEGIN
1070
    73
1070
     1
1070
    44
1040
0.8
1070
    74
1070
     0
1000
MTEXTEND
  0
MTEXT
  5
8B70
330
887A
100
AcDbEntity
  8
makro-numeracja-punktow
 62
     6
100
AcDbMText
 10
4651.16300000064
 20
1227.827000001445
 30
0.0
 40
1.0
 41
0.0
 46
0.0
 71
     7
 72
     5
  1
716
  7
GeodText
 73
     1
 44
0.8
1001
ACAD
1000
MTEXTBEGIN
1070
    73
1070
     1
1070
    44
1040
0.8
1070
    74
1070
     0
1000
MTEXTEND
  0
MTEXT
  5
8B71
330
887A
100
AcDbEntity
  8
makro-numeracja-punktow
 62
     6
100
AcDbMText
 10
4689.362999998964
 20
1214.607000002637
 30
0.0
 40
1.0
 41
0.0
 46
0.0
 71
     7
 72
     5
  1
717
  7
GeodText
 73
     1
 44
0.8
1001
ACAD
1000
MTEXTBEGIN
1070
    73
1070
     1
1070
    44
1040
0.8
1070
    74
1070
     0
1000
MTEXTEND
  0
MTEXT
  5
8B72
330
887A
100
AcDbEntity
  8
makro-numeracja-punktow
 62
     6
100
AcDbMText
 10
4726.652999999002
 20
1203.307000002824
 30
0.0
 40
1.0
 41
0.0
 46
0.0
 71
     7
 72
     5
  1
718
  7
GeodText
 73
     1
 44
0.8
1001
ACAD
1000
MTEXTBEGIN
1070
    73
1070
     1
1070
    44
1040
0.8
1070
    74
1070
     0
1000
MTEXTEND
  0
MTEXT
  5
8B73
330
887A
100
AcDbEntity
  8
makro-numeracja-punktow
 62
     6
100
AcDbMText
 10
4731.102999999188
 20
1195.677000003867
 30
0.0
 40
1.0
 41
0.0
 46
0.0
 71
     7
 72
     5
  1
719
  7
GeodText
 73
     1
 44
0.8
1001
ACAD
1000
MTEXTBEGIN
1070
    73
1070
     1
1070
    44
1040
0.8
1070
    74
1070
     0
1000
MTEXTEND
  0
MTEXT
  5
8B74
330
887A
100
AcDbEntity
  8
makro-numeracja-punktow
 62
     6
100
AcDbMText
 10
4724.530056952499
 20
1162.429499431513
 30
0.0
 40
1.0
 41
0.0
 46
0.0
 71
     7
 72
     5
  1
720
  7
GeodText
 73
     1
 44
0.8
1001
ACAD
1000
MTEXTBEGIN
1070
    73
1070
     1
1070
    44
1040
0.8
1070
    74
1070
     0
1000
MTEXTEND
  0
MTEXT
  5
8B75
330
887A
100
AcDbEntity
  8
makro-numeracja-punktow
 62
     6
100
AcDbMText
 10
5045.842999999411
 20
837.2470000023023
 30
0.0
 40
1.0
 41
0.0
 46
0.0
 71
     7
 72
     5
  1
721
  7
GeodText
 73
     1
 44
0.8
1001
ACAD
1000
MTEXTBEGIN
1070
    73
1070
     1
1070
    44
1040
0.8
1070
    74
1070
     0
1000
MTEXTEND
  0
MTEXT
  5
8B76
330
887A
100
AcDbEntity
  8
makro-numeracja-punktow
 62
     6
100
AcDbMText
 10
5018.928036520257
 20
803.638677669689
 30
0.0
 40
1.0
 41
0.0
 46
0.0
 71
     7
 72
     5
  1
722
  7
GeodText
 73
     1
 44
0.8
1001
ACAD
1000
MTEXTBEGIN
1070
    73
1070
     1
1070
    44
1040
0.8
1070
    74
1070
     0
1000
MTEXTEND
  0
MTEXT
  5
8B77
330
887A
100
AcDbEntity
  8
makro-numeracja-punktow
 62
     6
100
AcDbMText
 10
5070.10099999886
 20
867.7590000024066
 30
0.0
 40
1.0
 41
0.0
 46
0.0
 71
     7
 72
     5
  1
723
  7
GeodText
 73
     1
 44
0.8
1001
ACAD
1000
MTEXTBEGIN
1070
    73
1070
     1
1070
    44
1040
0.8
1070
    74
1070
     0
1000
MTEXTEND
  0
MTEXT
  5
8B78
330
887A
100
AcDbEntity
  8
makro-numeracja-punktow
 62
     6
100
AcDbMText
 10
5092.120000000112
 20
894.7980000032112
 30
0.0
 40
1.0
 41
0.0
 46
0.0
 71
     7
 72
     5
  1
724
  7
GeodText
 73
     1
 44
0.8
1001
ACAD
1000
MTEXTBEGIN
1070
    73
1070
     1
1070
    44
1040
0.8
1070
    74
1070
     0
1000
MTEXTEND
  0
MTEXT
  5
8B79
330
887A
100
AcDbEntity
  8
makro-numeracja-punktow
 62
     6
100
AcDbMText
 10
5109.644999999552
 20
917.7760000033304
 30
0.0
 40
1.0
 41
0.0
 46
0.0
 71
     7
 72
     5
  1
725
  7
GeodText
 73
     1
 44
0.8
1001
ACAD
1000
MTEXTBEGIN
1070
    73
1070
     1
1070
    44
1040
0.8
1070
    74
1070
     0
1000
MTEXTEND
  0
MTEXT
  5
8B7A
330
887A
100
AcDbEntity
  8
makro-numeracja-punktow
 62
     6
100
AcDbMText
 10
5127.702999997884
 20
943.304000002332
 30
0.0
 40
1.0
 41
0.0
 46
0.0
 71
     7
 72
     5
  1
726
  7
GeodText
 73
     1
 44
0.8
1001
ACAD
1000
MTEXTBEGIN
1070
    73
1070
     1
1070
    44
1040
0.8
1070
    74
1070
     0
1000
MTEXTEND
  0
MTEXT
  5
8B7B
330
887A
100
AcDbEntity
  8
makro-numeracja-punktow
 62
     6
100
AcDbMText
 10
5147.129000000655
 20
968.7430000025779
 30
0.0
 40
1.0
 41
0.0
 46
0.0
 71
     7
 72
     5
  1
727
  7
GeodText
 73
     1
 44
0.8
1001
ACAD
1000
MTEXTBEGIN
1070
    73
1070
     1
1070
    44
1040
0.8
1070
    74
1070
     0
1000
MTEXTEND
  0
MTEXT
  5
8B7C
330
887A
100
AcDbEntity
  8
makro-numeracja-punktow
 62
     6
100
AcDbMText
 10
5159.493999999948
 20
984.5080000022425
 30
0.0
 40
1.0
 41
0.0
 46
0.0
 71
     7
 72
     5
  1
728
  7
GeodText
 73
     1
 44
0.8
1001
ACAD
1000
MTEXTBEGIN
1070
    73
1070
     1
1070
    44
1040
0.8
1070
    74
1070
     0
1000
MTEXTEND
  0
MTEXT
  5
8B7D
330
887A
100
AcDbEntity
  8
makro-numeracja-punktow
 62
     6
100
AcDbMText
 10
5168.123000000604
 20
1001.887000002898
 30
0.0
 40
1.0
 41
0.0
 46
0.0
 71
     7
 72
     5
  1
729
  7
GeodText
 73
     1
 44
0.8
1001
ACAD
1000
MTEXTBEGIN
1070
    73
1070
     1
1070
    44
1040
0.8
1070
    74
1070
     0
1000
MTEXTEND
  0
MTEXT
  5
8B7E
330
887A
100
AcDbEntity
  8
makro-numeracja-punktow
 62
     6
100
AcDbMText
 10
5187.137999999337
 20
991.6500000022351
 30
0.0
 40
1.0
 41
0.0
 46
0.0
 71
     7
 72
     5
  1
730
  7
GeodText
 73
     1
 44
0.8
1001
ACAD
1000
MTEXTBEGIN
1070
    73
1070
     1
1070
    44
1040
0.8
1070
    74
1070
     0
1000
MTEXTEND
  0
MTEXT
  5
8B7F
330
887A
100
AcDbEntity
  8
makro-numeracja-punktow
 62
     6
100
AcDbMText
 10
5226.242999997921
 20
969.8190000038593
 30
0.0
 40
1.0
 41
0.0
 46
0.0
 71
     7
 72
     5
  1
731
  7
GeodText
 73
     1
 44
0.8
1001
ACAD
1000
MTEXTBEGIN
1070
    73
1070
     1
1070
    44
1040
0.8
1070
    74
1070
     0
1000
MTEXTEND
  0
MTEXT
  5
8B80
330
887A
100
AcDbEntity
  8
makro-numeracja-punktow
 62
     6
100
AcDbMText
 10
5238.235999998636
 20
961.299000003375
 30
0.0
 40
1.0
 41
0.0
 46
0.0
 71
     7
 72
     5
  1
732
  7
GeodText
 73
     1
 44
0.8
1001
ACAD
1000
MTEXTBEGIN
1070
    73
1070
     1
1070
    44
1040
0.8
1070
    74
1070
     0
1000
MTEXTEND
  0
MTEXT
  5
8B81
330
887A
100
AcDbEntity
  8
makro-numeracja-punktow
 62
     6
100
AcDbMText
 10
5269.669000000693
 20
989.8320000013336
 30
0.0
 40
1.0
 41
0.0
 46
0.0
 71
     7
 72
     5
  1
733
  7
GeodText
 73
     1
 44
0.8
1001
ACAD
1000
MTEXTBEGIN
1070
    73
1070
     1
1070
    44
1040
0.8
1070
    74
1070
     0
1000
MTEXTEND
  0
MTEXT
  5
8B82
330
887A
100
AcDbEntity
  8
makro-numeracja-punktow
 62
     6
100
AcDbMText
 10
5287.580999997445
 20
1005.748000002466
 30
0.0
 40
1.0
 41
0.0
 46
0.0
 71
     7
 72
     5
  1
734
  7
GeodText
 73
     1
 44
0.8
1001
ACAD
1000
MTEXTBEGIN
1070
    73
1070
     1
1070
    44
1040
0.8
1070
    74
1070
     0
1000
MTEXTEND
  0
MTEXT
  5
8B83
330
887A
100
AcDbEntity
  8
makro-numeracja-punktow
 62
     6
100
AcDbMText
 10
5312.902999999002
 20
1028.65700000152
 30
0.0
 40
1.0
 41
0.0
 46
0.0
 71
     7
 72
     5
  1
735
  7
GeodText
 73
     1
 44
0.8
1001
ACAD
1000
MTEXTBEGIN
1070
    73
1070
     1
1070
    44
1040
0.8
1070
    74
1070
     0
1000
MTEXTEND
  0
MTEXT
  5
8B84
330
887A
100
AcDbEntity
  8
makro-numeracja-punktow
 62
     6
100
AcDbMText
 10
5330.172945134342
 20
1044.394908670336
 30
0.0
 40
1.0
 41
0.0
 46
0.0
 71
     7
 72
     5
  1
736
  7
GeodText
 73
     1
 44
0.8
1001
ACAD
1000
MTEXTBEGIN
1070
    73
1070
     1
1070
    44
1040
0.8
1070
    74
1070
     0
1000
MTEXTEND
  0
MTEXT
  5
8B85
330
887A
100
AcDbEntity
  8
makro-numeracja-punktow
 62
     6
100
AcDbMText
 10
5148.122999999672
 20
701.5570000028238
 30
0.0
 40
1.0
 41
0.0
 46
0.0
 71
     7
 72
     5
  1
737
  7
GeodText
 73
     1
 44
0.8
1001
ACAD
1000
MTEXTBEGIN
1070
    73
1070
     1
1070
    44
1040
0.8
1070
    74
1070
     0
1000
MTEXTEND
  0
MTEXT
  5
8B86
330
887A
100
AcDbEntity
  8
makro-numeracja-punktow
 62
     6
100
AcDbMText
 10
5098.892999999225
 20
716.4670000029728
 30
0.0
 40
1.0
 41
0.0
 46
0.0
 71
     7
 72
     5
  1
738
  7
GeodText
 73
     1
 44
0.8
1001
ACAD
1000
MTEXTBEGIN
1070
    73
1070
     1
1070
    44
1040
0.8
1070
    74
1070
     0
1000
MTEXTEND
  0
MTEXT
  5
8B87
330
887A
100
AcDbEntity
  8
makro-numeracja-punktow
 62
     6
100
AcDbMText
 10
5062.962999999523
 20
722.7770000025629
 30
0.0
 40
1.0
 41
0.0
 46
0.0
 71
     7
 72
     5
  1
739
  7
GeodText
 73
     1
 44
0.8
1001
ACAD
1000
MTEXTBEGIN
1070
    73
1070
     1
1070
    44
1040
0.8
1070
    74
1070
     0
1000
MTEXTEND
  0
MTEXT
  5
8B88
330
887A
100
AcDbEntity
  8
makro-numeracja-punktow
 62
     6
100
AcDbMText
 10
5048.125
 20
724.9970000023022
 30
0.0
 40
1.0
 41
0.0
 46
0.0
 71
     7
 72
     5
  1
740
  7
GeodText
 73
     1
 44
0.8
1001
ACAD
1000
MTEXTBEGIN
1070
    73
1070
     1
1070
    44
1040
0.8
1070
    74
1070
     0
1000
MTEXTEND
  0
MTEXT
  5
8B89
330
887A
100
AcDbEntity
  8
makro-numeracja-punktow
 62
     6
100
AcDbMText
 10
5009.442999999039
 20
729.4970000023022
 30
0.0
 40
1.0
 41
0.0
 46
0.0
 71
     7
 72
     5
  1
741
  7
GeodText
 73
     1
 44
0.8
1001
ACAD
1000
MTEXTBEGIN
1070
    73
1070
     1
1070
    44
1040
0.8
1070
    74
1070
     0
1000
MTEXTEND
  0
MTEXT
  5
8B8A
330
887A
100
AcDbEntity
  8
makro-numeracja-punktow
 62
     6
100
AcDbMText
 10
4962.202999998815
 20
729.4270000029355
 30
0.0
 40
1.0
 41
0.0
 46
0.0
 71
     7
 72
     5
  1
742
  7
GeodText
 73
     1
 44
0.8
1001
ACAD
1000
MTEXTBEGIN
1070
    73
1070
     1
1070
    44
1040
0.8
1070
    74
1070
     0
1000
MTEXTEND
  0
MTEXT
  5
8B8B
330
887A
100
AcDbEntity
  8
makro-numeracja-punktow
 62
     6
100
AcDbMText
 10
4935.712999999523
 20
716.0170000027865
 30
0.0
 40
1.0
 41
0.0
 46
0.0
 71
     7
 72
     5
  1
743
  7
GeodText
 73
     1
 44
0.8
1001
ACAD
1000
MTEXTBEGIN
1070
    73
1070
     1
1070
    44
1040
0.8
1070
    74
1070
     0
1000
MTEXTEND
  0
MTEXT
  5
8B8C
330
887A
100
AcDbEntity
  8
makro-numeracja-punktow
 62
     6
100
AcDbMText
 10
4910.565999999643
 20
683.6070000026374
 30
0.0
 40
1.0
 41
0.0
 46
0.0
 71
     7
 72
     5
  1
744
  7
GeodText
 73
     1
 44
0.8
1001
ACAD
1000
MTEXTBEGIN
1070
    73
1070
     1
1070
    44
1040
0.8
1070
    74
1070
     0
1000
MTEXTEND
  0
MTEXT
  5
8B8D
330
887A
100
AcDbEntity
  8
makro-numeracja-punktow
 62
     6
100
AcDbMText
 10
4887.669999998994
 20
654.034000002779
 30
0.0
 40
1.0
 41
0.0
 46
0.0
 71
     7
 72
     5
  1
745
  7
GeodText
 73
     1
 44
0.8
1001
ACAD
1000
MTEXTBEGIN
1070
    73
1070
     1
1070
    44
1040
0.8
1070
    74
1070
     0
1000
MTEXTEND
  0
MTEXT
  5
8B8E
330
887A
100
AcDbEntity
  8
makro-numeracja-punktow
 62
     6
100
AcDbMText
 10
4863.261999999173
 20
622.4060000022873
 30
0.0
 40
1.0
 41
0.0
 46
0.0
 71
     7
 72
     5
  1
746
  7
GeodText
 73
     1
 44
0.8
1001
ACAD
1000
MTEXTBEGIN
1070
    73
1070
     1
1070
    44
1040
0.8
1070
    74
1070
     0
1000
MTEXTEND
  0
MTEXT
  5
8B8F
330
887A
100
AcDbEntity
  8
makro-numeracja-punktow
 62
     6
100
AcDbMText
 10
4993.957205174491
 20
770.7543547917157
 30
0.0
 40
1.0
 41
0.0
 46
0.0
 71
     7
 72
     5
  1
747
  7
GeodText
 73
     1
 44
0.8
1001
ACAD
1000
MTEXTBEGIN
1070
    73
1070
     1
1070
    44
1040
0.8
1070
    74
1070
     0
1000
MTEXTEND
  0
MTEXT
  5
8B90
330
887A
100
AcDbEntity
  8
makro-numeracja-punktow
 62
     6
100
AcDbMText
 10
5243.339887722395
 20
650.8526825448498
 30
0.0
 40
1.0
 41
0.0
 46
0.0
 71
     7
 72
     5
  1
748
  7
GeodText
 73
     1
 44
0.8
1001
ACAD
1000
MTEXTBEGIN
1070
    73
1070
     1
1070
    44
1040
0.8
1070
    74
1070
     0
1000
MTEXTEND
  0
MTEXT
  5
8B91
330
887A
100
AcDbEntity
  8
makro-numeracja-punktow
 62
     6
100
AcDbMText
 10
5275.122999999672
 20
626.9370000027119
 30
0.0
 40
1.0
 41
0.0
 46
0.0
 71
     7
 72
     5
  1
749
  7
GeodText
 73
     1
 44
0.8
1001
ACAD
1000
MTEXTBEGIN
1070
    73
1070
     1
1070
    44
1040
0.8
1070
    74
1070
     0
1000
MTEXTEND
  0
MTEXT
  5
8B92
330
887A
100
AcDbEntity
  8
makro-numeracja-punktow
 62
     6
100
AcDbMText
 10
5312.842999999412
 20
604.0270000025629
 30
0.0
 40
1.0
 41
0.0
 46
0.0
 71
     7
 72
     5
  1
750
  7
GeodText
 73
     1
 44
0.8
1001
ACAD
1000
MTEXTBEGIN
1070
    73
1070
     1
1070
    44
1040
0.8
1070
    74
1070
     0
1000
MTEXTEND
  0
MTEXT
  5
8B93
330
887A
100
AcDbEntity
  8
makro-numeracja-punktow
 62
     6
100
AcDbMText
 10
5334.062999999151
 20
594.097000002861
 30
0.0
 40
1.0
 41
0.0
 46
0.0
 71
     7
 72
     5
  1
751
  7
GeodText
 73
     1
 44
0.8
1001
ACAD
1000
MTEXTBEGIN
1070
    73
1070
     1
1070
    44
1040
0.8
1070
    74
1070
     0
1000
MTEXTEND
  0
MTEXT
  5
8B94
330
887A
100
AcDbEntity
  8
makro-numeracja-punktow
 62
     6
100
AcDbMText
 10
5371.312360308133
 20
609.670035582967
 30
0.0
 40
1.0
 41
0.0
 46
0.0
 71
     7
 72
     5
  1
752
  7
GeodText
 73
     1
 44
0.8
1001
ACAD
1000
MTEXTBEGIN
1070
    73
1070
     1
1070
    44
1040
0.8
1070
    74
1070
     0
1000
MTEXTEND
  0
MTEXT
  5
8B95
330
887A
100
AcDbEntity
  8
makro-numeracja-punktow
 62
     6
100
AcDbMText
 10
5405.450541826897
 20
652.5745468419045
 30
0.0
 40
1.0
 41
0.0
 46
0.0
 71
     7
 72
     5
  1
753
  7
GeodText
 73
     1
 44
0.8
1001
ACAD
1000
MTEXTBEGIN
1070
    73
1070
     1
1070
    44
1040
0.8
1070
    74
1070
     0
1000
MTEXTEND
  0
MTEXT
  5
8B96
330
887A
100
AcDbEntity
  8
makro-numeracja-punktow
 62
     6
100
AcDbMText
 10
5600.288991030305
 20
3360.168072302826
 30
0.0
 40
1.0
 41
0.0
 46
0.0
 71
     7
 72
     5
  1
754
  7
GeodText
 73
     1
 44
0.8
1001
ACAD
1000
MTEXTBEGIN
1070
    73
1070
     1
1070
    44
1040
0.8
1070
    74
1070
     0
1000
MTEXTEND
  0
MTEXT
  5
8B97
330
887A
100
AcDbEntity
  8
makro-numeracja-punktow
 62
     6
100
AcDbMText
 10
5625.522999999113
 20
3390.077000001446
 30
0.0
 40
1.0
 41
0.0
 46
0.0
 71
     7
 72
     5
  1
755
  7
GeodText
 73
     1
 44
0.8
1001
ACAD
1000
MTEXTBEGIN
1070
    73
1070
     1
1070
    44
1040
0.8
1070
    74
1070
     0
1000
MTEXTEND
  0
MTEXT
  5
8B98
330
887A
100
AcDbEntity
  8
makro-numeracja-punktow
 62
     6
100
AcDbMText
 10
5648.782999997958
 20
3419.417000001297
 30
0.0
 40
1.0
 41
0.0
 46
0.0
 71
     7
 72
     5
  1
756
  7
GeodText
 73
     1
 44
0.8
1001
ACAD
1000
MTEXTBEGIN
1070
    73
1070
     1
1070
    44
1040
0.8
1070
    74
1070
     0
1000
MTEXTEND
  0
MTEXT
  5
8B99
330
887A
100
AcDbEntity
  8
makro-numeracja-punktow
 62
     6
100
AcDbMText
 10
5668.793000000529
 20
3441.307000003755
 30
0.0
 40
1.0
 41
0.0
 46
0.0
 71
     7
 72
     5
  1
757
  7
GeodText
 73
     1
 44
0.8
1001
ACAD
1000
MTEXTBEGIN
1070
    73
1070
     1
1070
    44
1040
0.8
1070
    74
1070
     0
1000
MTEXTEND
  0
MTEXT
  5
8B9A
330
887A
100
AcDbEntity
  8
makro-numeracja-punktow
 62
     6
100
AcDbMText
 10
5696.248999999836
 20
3475.836000001989
 30
0.0
 40
1.0
 41
0.0
 46
0.0
 71
     7
 72
     5
  1
758
  7
GeodText
 73
     1
 44
0.8
1001
ACAD
1000
MTEXTBEGIN
1070
    73
1070
     1
1070
    44
1040
0.8
1070
    74
1070
     0
1000
MTEXTEND
  0
MTEXT
  5
8B9B
330
887A
100
AcDbEntity
  8
makro-numeracja-punktow
 62
     6
100
AcDbMText
 10
5726.862999998964
 20
3515.428000004031
 30
0.0
 40
1.0
 41
0.0
 46
0.0
 71
     7
 72
     5
  1
759
  7
GeodText
 73
     1
 44
0.8
1001
ACAD
1000
MTEXTBEGIN
1070
    73
1070
     1
1070
    44
1040
0.8
1070
    74
1070
     0
1000
MTEXTEND
  0
MTEXT
  5
8B9C
330
887A
100
AcDbEntity
  8
makro-numeracja-punktow
 62
     6
100
AcDbMText
 10
5728.592999999412
 20
3537.457000002265
 30
0.0
 40
1.0
 41
0.0
 46
0.0
 71
     7
 72
     5
  1
760
  7
GeodText
 73
     1
 44
0.8
1001
ACAD
1000
MTEXTBEGIN
1070
    73
1070
     1
1070
    44
1040
0.8
1070
    74
1070
     0
1000
MTEXTEND
  0
MTEXT
  5
8B9D
330
887A
100
AcDbEntity
  8
makro-numeracja-punktow
 62
     6
100
AcDbMText
 10
5654.245999998413
 20
3560.46100000199
 30
0.0
 40
1.0
 41
0.0
 46
0.0
 71
     7
 72
     5
  1
761
  7
GeodText
 73
     1
 44
0.8
1001
ACAD
1000
MTEXTBEGIN
1070
    73
1070
     1
1070
    44
1040
0.8
1070
    74
1070
     0
1000
MTEXTEND
  0
MTEXT
  5
8B9E
330
887A
100
AcDbEntity
  8
makro-numeracja-punktow
 62
     6
100
AcDbMText
 10
5617.582999999635
 20
3594.507000003942
 30
0.0
 40
1.0
 41
0.0
 46
0.0
 71
     7
 72
     5
  1
762
  7
GeodText
 73
     1
 44
0.8
1001
ACAD
1000
MTEXTBEGIN
1070
    73
1070
     1
1070
    44
1040
0.8
1070
    74
1070
     0
1000
MTEXTEND
  0
MTEXT
  5
8B9F
330
887A
100
AcDbEntity
  8
makro-numeracja-punktow
 62
     6
100
AcDbMText
 10
5603.957000000402
 20
3604.522000002674
 30
0.0
 40
1.0
 41
0.0
 46
0.0
 71
     7
 72
     5
  1
763
  7
GeodText
 73
     1
 44
0.8
1001
ACAD
1000
MTEXTBEGIN
1070
    73
1070
     1
1070
    44
1040
0.8
1070
    74
1070
     0
1000
MTEXTEND
  0
MTEXT
  5
8BA0
330
887A
100
AcDbEntity
  8
makro-numeracja-punktow
 62
     6
100
AcDbMText
 10
5565.991999998689
 20
3632.272000002675
 30
0.0
 40
1.0
 41
0.0
 46
0.0
 71
     7
 72
     5
  1
764
  7
GeodText
 73
     1
 44
0.8
1001
ACAD
1000
MTEXTBEGIN
1070
    73
1070
     1
1070
    44
1040
0.8
1070
    74
1070
     0
1000
MTEXTEND
  0
MTEXT
  5
8BA1
330
887A
100
AcDbEntity
  8
makro-numeracja-punktow
 62
     6
100
AcDbMText
 10
5527.322999998927
 20
3660.617000002414
 30
0.0
 40
1.0
 41
0.0
 46
0.0
 71
     7
 72
     5
  1
765
  7
GeodText
 73
     1
 44
0.8
1001
ACAD
1000
MTEXTBEGIN
1070
    73
1070
     1
1070
    44
1040
0.8
1070
    74
1070
     0
1000
MTEXTEND
  0
MTEXT
  5
8BA2
330
887A
100
AcDbEntity
  8
makro-numeracja-punktow
 62
     6
100
AcDbMText
 10
5501.93799999915
 20
3679.027000002563
 30
0.0
 40
1.0
 41
0.0
 46
0.0
 71
     7
 72
     5
  1
766
  7
GeodText
 73
     1
 44
0.8
1001
ACAD
1000
MTEXTBEGIN
1070
    73
1070
     1
1070
    44
1040
0.8
1070
    74
1070
     0
1000
MTEXTEND
  0
MTEXT
  5
8BA3
330
887A
100
AcDbEntity
  8
makro-numeracja-punktow
 62
     6
100
AcDbMText
 10
5457.16099999845
 20
3711.779000003822
 30
0.0
 40
1.0
 41
0.0
 46
0.0
 71
     7
 72
     5
  1
767
  7
GeodText
 73
     1
 44
0.8
1001
ACAD
1000
MTEXTBEGIN
1070
    73
1070
     1
1070
    44
1040
0.8
1070
    74
1070
     0
1000
MTEXTEND
  0
MTEXT
  5
8BA4
330
887A
100
AcDbEntity
  8
makro-numeracja-punktow
 62
     6
100
AcDbMText
 10
5415.652999999002
 20
3742.127000002191
 30
0.0
 40
1.0
 41
0.0
 46
0.0
 71
     7
 72
     5
  1
768
  7
GeodText
 73
     1
 44
0.8
1001
ACAD
1000
MTEXTBEGIN
1070
    73
1070
     1
1070
    44
1040
0.8
1070
    74
1070
     0
1000
MTEXTEND
  0
MTEXT
  5
8BA5
330
887A
100
AcDbEntity
  8
makro-numeracja-punktow
 62
     6
100
AcDbMText
 10
5374.086000000127
 20
3772.829000002705
 30
0.0
 40
1.0
 41
0.0
 46
0.0
 71
     7
 72
     5
  1
769
  7
GeodText
 73
     1
 44
0.8
1001
ACAD
1000
MTEXTBEGIN
1070
    73
1070
     1
1070
    44
1040
0.8
1070
    74
1070
     0
1000
MTEXTEND
  0
MTEXT
  5
8BA6
330
887A
100
AcDbEntity
  8
makro-numeracja-punktow
 62
     6
100
AcDbMText
 10
5329.35599999968
 20
3800.972000003792
 30
0.0
 40
1.0
 41
0.0
 46
0.0
 71
     7
 72
     5
  1
770
  7
GeodText
 73
     1
 44
0.8
1001
ACAD
1000
MTEXTBEGIN
1070
    73
1070
     1
1070
    44
1040
0.8
1070
    74
1070
     0
1000
MTEXTEND
  0
MTEXT
  5
8BA7
330
887A
100
AcDbEntity
  8
makro-numeracja-punktow
 62
     6
100
AcDbMText
 10
5277.522999998183
 20
3835.937000002712
 30
0.0
 40
1.0
 41
0.0
 46
0.0
 71
     7
 72
     5
  1
771
  7
GeodText
 73
     1
 44
0.8
1001
ACAD
1000
MTEXTBEGIN
1070
    73
1070
     1
1070
    44
1040
0.8
1070
    74
1070
     0
1000
MTEXTEND
  0
MTEXT
  5
8BA8
330
887A
100
AcDbEntity
  8
makro-numeracja-punktow
 62
     6
100
AcDbMText
 10
5253.732999998145
 20
3805.464000003413
 30
0.0
 40
1.0
 41
0.0
 46
0.0
 71
     7
 72
     5
  1
772
  7
GeodText
 73
     1
 44
0.8
1001
ACAD
1000
MTEXTBEGIN
1070
    73
1070
     1
1070
    44
1040
0.8
1070
    74
1070
     0
1000
MTEXTEND
  0
MTEXT
  5
8BA9
330
887A
100
AcDbEntity
  8
makro-numeracja-punktow
 62
     6
100
AcDbMText
 10
5051.102491906844
 20
3547.913795551286
 30
0.0
 40
1.0
 41
0.0
 46
0.0
 71
     7
 72
     5
  1
773
  7
GeodText
 73
     1
 44
0.8
1001
ACAD
1000
MTEXTBEGIN
1070
    73
1070
     1
1070
    44
1040
0.8
1070
    74
1070
     0
1000
MTEXTEND
  0
MTEXT
  5
8BAA
330
887A
100
AcDbEntity
  8
makro-numeracja-punktow
 62
     6
100
AcDbMText
 10
5025.800999999046
 20
3517.164000002668
 30
0.0
 40
1.0
 41
0.0
 46
0.0
 71
     7
 72
     5
  1
774
  7
GeodText
 73
     1
 44
0.8
1001
ACAD
1000
MTEXTBEGIN
1070
    73
1070
     1
1070
    44
1040
0.8
1070
    74
1070
     0
1000
MTEXTEND
  0
MTEXT
  5
8BAB
330
887A
100
AcDbEntity
  8
makro-numeracja-punktow
 62
     6
100
AcDbMText
 10
5637.106763961725
 20
3643.569990907796
 30
0.0
 40
1.0
 41
0.0
 46
0.0
 71
     7
 72
     5
  1
775
  7
GeodText
 73
     1
 44
0.8
1001
ACAD
1000
MTEXTBEGIN
1070
    73
1070
     1
1070
    44
1040
0.8
1070
    74
1070
     0
1000
MTEXTEND
  0
MTEXT
  5
8BAC
330
887A
100
AcDbEntity
  8
makro-numeracja-punktow
 62
     6
100
AcDbMText
 10
1157.881999999284
 20
414.7890000035986
 30
0.0
 40
1.0
 41
0.0
 46
0.0
 71
     7
 72
     5
  1
776
  7
GeodText
 73
     1
 44
0.8
1001
ACAD
1000
MTEXTBEGIN
1070
    73
1070
     1
1070
    44
1040
0.8
1070
    74
1070
     0
1000
MTEXTEND
  0
MTEXT
  5
8BAD
330
887A
100
AcDbEntity
  8
makro-numeracja-punktow
 62
     6
100
AcDbMText
 10
1156.993999999016
 20
390.1820000028238
 30
0.0
 40
1.0
 41
0.0
 46
0.0
 71
     7
 72
     5
  1
777
  7
GeodText
 73
     1
 44
0.8
1001
ACAD
1000
MTEXTBEGIN
1070
    73
1070
     1
1070
    44
1040
0.8
1070
    74
1070
     0
1000
MTEXTEND
  0
MTEXT
  5
8BAE
330
887A
100
AcDbEntity
  8
makro-numeracja-punktow
 62
     6
100
AcDbMText
 10
1155.353999999352
 20
338.8010000037029
 30
0.0
 40
1.0
 41
0.0
 46
0.0
 71
     7
 72
     5
  1
778
  7
GeodText
 73
     1
 44
0.8
1001
ACAD
1000
MTEXTBEGIN
1070
    73
1070
     1
1070
    44
1040
0.8
1070
    74
1070
     0
1000
MTEXTEND
  0
MTEXT
  5
8BAF
330
887A
100
AcDbEntity
  8
makro-numeracja-punktow
 62
     6
100
AcDbMText
 10
1154.438999999314
 20
312.4040000028908
 30
0.0
 40
1.0
 41
0.0
 46
0.0
 71
     7
 72
     5
  1
779
  7
GeodText
 73
     1
 44
0.8
1001
ACAD
1000
MTEXTBEGIN
1070
    73
1070
     1
1070
    44
1040
0.8
1070
    74
1070
     0
1000
MTEXTEND
  0
MTEXT
  5
8BB0
330
887A
100
AcDbEntity
  8
makro-numeracja-punktow
 62
     6
100
AcDbMText
 10
1153.742999998852
 20
285.7970000030473
 30
0.0
 40
1.0
 41
0.0
 46
0.0
 71
     7
 72
     5
  1
780
  7
GeodText
 73
     1
 44
0.8
1001
ACAD
1000
MTEXTBEGIN
1070
    73
1070
     1
1070
    44
1040
0.8
1070
    74
1070
     0
1000
MTEXTEND
  0
MTEXT
  5
8BB1
330
887A
100
AcDbEntity
  8
makro-numeracja-punktow
 62
     6
100
AcDbMText
 10
1154.022999999113
 20
258.5370000023395
 30
0.0
 40
1.0
 41
0.0
 46
0.0
 71
     7
 72
     5
  1
781
  7
GeodText
 73
     1
 44
0.8
1001
ACAD
1000
MTEXTBEGIN
1070
    73
1070
     1
1070
    44
1040
0.8
1070
    74
1070
     0
1000
MTEXTEND
  0
MTEXT
  5
8BB2
330
887A
100
AcDbEntity
  8
makro-numeracja-punktow
 62
     6
100
AcDbMText
 10
1151.862999998964
 20
230.5770000023767
 30
0.0
 40
1.0
 41
0.0
 46
0.0
 71
     7
 72
     5
  1
782
  7
GeodText
 73
     1
 44
0.8
1001
ACAD
1000
MTEXTBEGIN
1070
    73
1070
     1
1070
    44
1040
0.8
1070
    74
1070
     0
1000
MTEXTEND
  0
MTEXT
  5
8BB3
330
887A
100
AcDbEntity
  8
makro-numeracja-punktow
 62
     6
100
AcDbMText
 10
1151.13300000038
 20
205.8270000023767
 30
0.0
 40
1.0
 41
0.0
 46
0.0
 71
     7
 72
     5
  1
783
  7
GeodText
 73
     1
 44
0.8
1001
ACAD
1000
MTEXTBEGIN
1070
    73
1070
     1
1070
    44
1040
0.8
1070
    74
1070
     0
1000
MTEXTEND
  0
MTEXT
  5
8BB4
330
887A
100
AcDbEntity
  8
makro-numeracja-punktow
 62
     6
100
AcDbMText
 10
1034.702999997884
 20
207.5270000034943
 30
0.0
 40
1.0
 41
0.0
 46
0.0
 71
     7
 72
     5
  1
784
  7
GeodText
 73
     1
 44
0.8
1001
ACAD
1000
MTEXTBEGIN
1070
    73
1070
     1
1070
    44
1040
0.8
1070
    74
1070
     0
1000
MTEXTEND
  0
MTEXT
  5
8BB5
330
887A
100
AcDbEntity
  8
makro-numeracja-punktow
 62
     6
100
AcDbMText
 10
986.3329999996349
 20
212.9970000023022
 30
0.0
 40
1.0
 41
0.0
 46
0.0
 71
     7
 72
     5
  1
785
  7
GeodText
 73
     1
 44
0.8
1001
ACAD
1000
MTEXTBEGIN
1070
    73
1070
     1
1070
    44
1040
0.8
1070
    74
1070
     0
1000
MTEXTEND
  0
MTEXT
  5
8BB6
330
887A
100
AcDbEntity
  8
makro-numeracja-punktow
 62
     6
100
AcDbMText
 10
951.7709999997169
 20
216.8960000025109
 30
0.0
 40
1.0
 41
0.0
 46
0.0
 71
     7
 72
     5
  1
786
  7
GeodText
 73
     1
 44
0.8
1001
ACAD
1000
MTEXTBEGIN
1070
    73
1070
     1
1070
    44
1040
0.8
1070
    74
1070
     0
1000
MTEXTEND
  0
MTEXT
  5
8BB7
330
887A
100
AcDbEntity
  8
makro-numeracja-punktow
 62
     6
100
AcDbMText
 10
898.8929999992251
 20
223.0470000030473
 30
0.0
 40
1.0
 41
0.0
 46
0.0
 71
     7
 72
     5
  1
787
  7
GeodText
 73
     1
 44
0.8
1001
ACAD
1000
MTEXTBEGIN
1070
    73
1070
     1
1070
    44
1040
0.8
1070
    74
1070
     0
1000
MTEXTEND
  0
MTEXT
  5
8BB8
330
887A
100
AcDbEntity
  8
makro-numeracja-punktow
 62
     6
100
AcDbMText
 10
857.234999999404
 20
225.6350000025705
 30
0.0
 40
1.0
 41
0.0
 46
0.0
 71
     7
 72
     5
  1
788
  7
GeodText
 73
     1
 44
0.8
1001
ACAD
1000
MTEXTBEGIN
1070
    73
1070
     1
1070
    44
1040
0.8
1070
    74
1070
     0
1000
MTEXTEND
  0
MTEXT
  5
8BB9
330
887A
100
AcDbEntity
  8
makro-numeracja-punktow
 62
     6
100
AcDbMText
 10
807.713999999687
 20
226.3510000025854
 30
0.0
 40
1.0
 41
0.0
 46
0.0
 71
     7
 72
     5
  1
789
  7
GeodText
 73
     1
 44
0.8
1001
ACAD
1000
MTEXTBEGIN
1070
    73
1070
     1
1070
    44
1040
0.8
1070
    74
1070
     0
1000
MTEXTEND
  0
MTEXT
  5
8BBA
330
887A
100
AcDbEntity
  8
makro-numeracja-punktow
 62
     6
100
AcDbMText
 10
759.9679999994114
 20
224.6280000032857
 30
0.0
 40
1.0
 41
0.0
 46
0.0
 71
     7
 72
     5
  1
790
  7
GeodText
 73
     1
 44
0.8
1001
ACAD
1000
MTEXTBEGIN
1070
    73
1070
     1
1070
    44
1040
0.8
1070
    74
1070
     0
1000
MTEXTEND
  0
MTEXT
  5
8BBB
330
887A
100
AcDbEntity
  8
makro-numeracja-punktow
 62
     6
100
AcDbMText
 10
731.7999999998137
 20
223.5220000026747
 30
0.0
 40
1.0
 41
0.0
 46
0.0
 71
     7
 72
     5
  1
791
  7
GeodText
 73
     1
 44
0.8
1001
ACAD
1000
MTEXTBEGIN
1070
    73
1070
     1
1070
    44
1040
0.8
1070
    74
1070
     0
1000
MTEXTEND
  0
MTEXT
  5
8BBC
330
887A
100
AcDbEntity
  8
makro-numeracja-punktow
 62
     6
100
AcDbMText
 10
709.0289999982342
 20
223.7660000026226
 30
0.0
 40
1.0
 41
0.0
 46
0.0
 71
     7
 72
     5
  1
792
  7
GeodText
 73
     1
 44
0.8
1001
ACAD
1000
MTEXTBEGIN
1070
    73
1070
     1
1070
    44
1040
0.8
1070
    74
1070
     0
1000
MTEXTEND
  0
MTEXT
  5
8BBD
330
887A
100
AcDbEntity
  8
makro-numeracja-punktow
 62
     6
100
AcDbMText
 10
670.3429999994114
 20
247.7270000027492
 30
0.0
 40
1.0
 41
0.0
 46
0.0
 71
     7
 72
     5
  1
793
  7
GeodText
 73
     1
 44
0.8
1001
ACAD
1000
MTEXTBEGIN
1070
    73
1070
     1
1070
    44
1040
0.8
1070
    74
1070
     0
1000
MTEXTEND
  0
MTEXT
  5
8BBE
330
887A
100
AcDbEntity
  8
makro-numeracja-punktow
 62
     6
100
AcDbMText
 10
649.5249999994411
 20
260.1190000027418
 30
0.0
 40
1.0
 41
0.0
 46
0.0
 71
     7
 72
     5
  1
794
  7
GeodText
 73
     1
 44
0.8
1001
ACAD
1000
MTEXTBEGIN
1070
    73
1070
     1
1070
    44
1040
0.8
1070
    74
1070
     0
1000
MTEXTEND
  0
MTEXT
  5
8BBF
330
887A
100
AcDbEntity
  8
makro-numeracja-punktow
 62
     6
100
AcDbMText
 10
628.3730000006035
 20
271.0870000021532
 30
0.0
 40
1.0
 41
0.0
 46
0.0
 71
     7
 72
     5
  1
795
  7
GeodText
 73
     1
 44
0.8
1001
ACAD
1000
MTEXTBEGIN
1070
    73
1070
     1
1070
    44
1040
0.8
1070
    74
1070
     0
1000
MTEXTEND
  0
MTEXT
  5
8BC0
330
887A
100
AcDbEntity
  8
makro-numeracja-punktow
 62
     6
100
AcDbMText
 10
596.7629999993369
 20
288.1970000024885
 30
0.0
 40
1.0
 41
0.0
 46
0.0
 71
     7
 72
     5
  1
796
  7
GeodText
 73
     1
 44
0.8
1001
ACAD
1000
MTEXTBEGIN
1070
    73
1070
     1
1070
    44
1040
0.8
1070
    74
1070
     0
1000
MTEXTEND
  0
MTEXT
  5
8BC1
330
887A
100
AcDbEntity
  8
makro-numeracja-punktow
 62
     6
100
AcDbMText
 10
566.2322719208896
 20
304.9169174302369
 30
0.0
 40
1.0
 41
0.0
 46
0.0
 71
     7
 72
     5
  1
797
  7
GeodText
 73
     1
 44
0.8
1001
ACAD
1000
MTEXTBEGIN
1070
    73
1070
     1
1070
    44
1040
0.8
1070
    74
1070
     0
1000
MTEXTEND
  0
MTEXT
  5
8BC2
330
887A
100
AcDbEntity
  8
makro-numeracja-punktow
 62
     6
100
AcDbMText
 10
542.9119999986141
 20
317.3430000031367
 30
0.0
 40
1.0
 41
0.0
 46
0.0
 71
     7
 72
     5
  1
798
  7
GeodText
 73
     1
 44
0.8
1001
ACAD
1000
MTEXTBEGIN
1070
    73
1070
     1
1070
    44
1040
0.8
1070
    74
1070
     0
1000
MTEXTEND
  0
MTEXT
  5
8BC3
330
887A
100
AcDbEntity
  8
makro-numeracja-punktow
 62
     6
100
AcDbMText
 10
494.5729999979958
 20
312.8970000036061
 30
0.0
 40
1.0
 41
0.0
 46
0.0
 71
     7
 72
     5
  1
799
  7
GeodText
 73
     1
 44
0.8
1001
ACAD
1000
MTEXTBEGIN
1070
    73
1070
     1
1070
    44
1040
0.8
1070
    74
1070
     0
1000
MTEXTEND
  0
MTEXT
  5
8BC4
330
887A
100
AcDbEntity
  8
makro-numeracja-punktow
 62
     6
100
AcDbMText
 10
446.6629999997094
 20
309.367000002414
 30
0.0
 40
1.0
 41
0.0
 46
0.0
 71
     7
 72
     5
  1
800
  7
GeodText
 73
     1
 44
0.8
1001
ACAD
1000
MTEXTBEGIN
1070
    73
1070
     1
1070
    44
1040
0.8
1070
    74
1070
     0
1000
MTEXTEND
  0
MTEXT
  5
8BC5
330
887A
100
AcDbEntity
  8
makro-numeracja-punktow
 62
     6
100
AcDbMText
 10
394.7119999984279
 20
306.9190000034869
 30
0.0
 40
1.0
 41
0.0
 46
0.0
 71
     7
 72
     5
  1
801
  7
GeodText
 73
     1
 44
0.8
1001
ACAD
1000
MTEXTBEGIN
1070
    73
1070
     1
1070
    44
1040
0.8
1070
    74
1070
     0
1000
MTEXTEND
  0
MTEXT
  5
8BC6
330
887A
100
AcDbEntity
  8
makro-numeracja-punktow
 62
     6
100
AcDbMText
 10
346.5689999992028
 20
312.6000000024214
 30
0.0
 40
1.0
 41
0.0
 46
0.0
 71
     7
 72
     5
  1
802
  7
GeodText
 73
     1
 44
0.8
1001
ACAD
1000
MTEXTBEGIN
1070
    73
1070
     1
1070
    44
1040
0.8
1070
    74
1070
     0
1000
MTEXTEND
  0
MTEXT
  5
8BC7
330
887A
100
AcDbEntity
  8
makro-numeracja-punktow
 62
     6
100
AcDbMText
 10
410.5829168390482
 20
151.4938855404034
 30
0.0
 40
1.0
 41
0.0
 46
0.0
 71
     7
 72
     5
  1
803
  7
GeodText
 73
     1
 44
0.8
1001
ACAD
1000
MTEXTBEGIN
1070
    73
1070
     1
1070
    44
1040
0.8
1070
    74
1070
     0
1000
MTEXTEND
  0
MTEXT
  5
8BC8
330
887A
100
AcDbEntity
  8
makro-numeracja-punktow
 62
     6
100
AcDbMText
 10
458.6730000004172
 20
139.8070000037551
 30
0.0
 40
1.0
 41
0.0
 46
0.0
 71
     7
 72
     5
  1
804
  7
GeodText
 73
     1
 44
0.8
1001
ACAD
1000
MTEXTBEGIN
1070
    73
1070
     1
1070
    44
1040
0.8
1070
    74
1070
     0
1000
MTEXTEND
  0
MTEXT
  5
8BC9
330
887A
100
AcDbEntity
  8
makro-numeracja-punktow
 62
     6
100
AcDbMText
 10
495.0750000001862
 20
130.6200000019744
 30
0.0
 40
1.0
 41
0.0
 46
0.0
 71
     7
 72
     5
  1
805
  7
GeodText
 73
     1
 44
0.8
1001
ACAD
1000
MTEXTBEGIN
1070
    73
1070
     1
1070
    44
1040
0.8
1070
    74
1070
     0
1000
MTEXTEND
  0
MTEXT
  5
8BCA
330
887A
100
AcDbEntity
  8
makro-numeracja-punktow
 62
     6
100
AcDbMText
 10
532.6139999991283
 20
121.3780000023544
 30
0.0
 40
1.0
 41
0.0
 46
0.0
 71
     7
 72
     5
  1
806
  7
GeodText
 73
     1
 44
0.8
1001
ACAD
1000
MTEXTBEGIN
1070
    73
1070
     1
1070
    44
1040
0.8
1070
    74
1070
     0
1000
MTEXTEND
  0
MTEXT
  5
8BCB
330
887A
100
AcDbEntity
  8
makro-numeracja-punktow
 62
     6
100
AcDbMText
 10
557.7530000004917
 20
116.0870000012219
 30
0.0
 40
1.0
 41
0.0
 46
0.0
 71
     7
 72
     5
  1
807
  7
GeodText
 73
     1
 44
0.8
1001
ACAD
1000
MTEXTBEGIN
1070
    73
1070
     1
1070
    44
1040
0.8
1070
    74
1070
     0
1000
MTEXTEND
  0
MTEXT
  5
8BCC
330
887A
100
AcDbEntity
  8
makro-numeracja-punktow
 62
     6
100
AcDbMText
 10
566.4829999990761
 20
155.4770000027492
 30
0.0
 40
1.0
 41
0.0
 46
0.0
 71
     7
 72
     5
  1
808
  7
GeodText
 73
     1
 44
0.8
1001
ACAD
1000
MTEXTBEGIN
1070
    73
1070
     1
1070
    44
1040
0.8
1070
    74
1070
     0
1000
MTEXTEND
  0
MTEXT
  5
8BCD
330
887A
100
AcDbEntity
  8
makro-numeracja-punktow
 62
     6
100
AcDbMText
 10
576.5129999993368
 20
205.777000002563
 30
0.0
 40
1.0
 41
0.0
 46
0.0
 71
     7
 72
     5
  1
809
  7
GeodText
 73
     1
 44
0.8
1001
ACAD
1000
MTEXTBEGIN
1070
    73
1070
     1
1070
    44
1040
0.8
1070
    74
1070
     0
1000
MTEXTEND
  0
MTEXT
  5
8BCE
330
887A
100
AcDbEntity
  8
makro-numeracja-punktow
 62
     6
100
AcDbMText
 10
585.2130000004544
 20
244.9870000025257
 30
0.0
 40
1.0
 41
0.0
 46
0.0
 71
     7
 72
     5
  1
810
  7
GeodText
 73
     1
 44
0.8
1001
ACAD
1000
MTEXTBEGIN
1070
    73
1070
     1
1070
    44
1040
0.8
1070
    74
1070
     0
1000
MTEXTEND
  0
MTEXT
  5
8BCF
330
887A
100
AcDbEntity
  8
makro-numeracja-punktow
 62
     6
100
AcDbMText
 10
549.2929999995976
 20
78.41700000222772
 30
0.0
 40
1.0
 41
0.0
 46
0.0
 71
     7
 72
     5
  1
811
  7
GeodText
 73
     1
 44
0.8
1001
ACAD
1000
MTEXTBEGIN
1070
    73
1070
     1
1070
    44
1040
0.8
1070
    74
1070
     0
1000
MTEXTEND
  0
MTEXT
  5
8BD0
330
887A
100
AcDbEntity
  8
makro-numeracja-punktow
 62
     6
100
AcDbMText
 10
541.6569999987259
 20
43.77800000272691
 30
0.0
 40
1.0
 41
0.0
 46
0.0
 71
     7
 72
     5
  1
812
  7
GeodText
 73
     1
 44
0.8
1001
ACAD
1000
MTEXTBEGIN
1070
    73
1070
     1
1070
    44
1040
0.8
1070
    74
1070
     0
1000
MTEXTEND
  0
MTEXT
  5
8BD1
330
887A
100
AcDbEntity
  8
makro-numeracja-punktow
 62
     6
100
AcDbMText
 10
532.5409999964758
 20
0.0000000009313226
 30
0.0
 40
1.0
 41
0.0
 46
0.0
 71
     7
 72
     5
  1
813
  7
GeodText
 73
     1
 44
0.8
1001
ACAD
1000
MTEXTBEGIN
1070
    73
1070
     1
1070
    44
1040
0.8
1070
    74
1070
     0
1000
MTEXTEND
  0
MTEXT
  5
8BD2
330
887A
100
AcDbEntity
  8
makro-numeracja-punktow
 62
     6
100
AcDbMText
 10
486.0359999993816
 20
10.08200000133365
 30
0.0
 40
1.0
 41
0.0
 46
0.0
 71
     7
 72
     5
  1
814
  7
GeodText
 73
     1
 44
0.8
1001
ACAD
1000
MTEXTBEGIN
1070
    73
1070
     1
1070
    44
1040
0.8
1070
    74
1070
     0
1000
MTEXTEND
  0
MTEXT
  5
8BD3
330
887A
100
AcDbEntity
  8
makro-numeracja-punktow
 62
     6
100
AcDbMText
 10
441.5419999994337
 20
19.38600000273436
 30
0.0
 40
1.0
 41
0.0
 46
0.0
 71
     7
 72
     5
  1
815
  7
GeodText
 73
     1
 44
0.8
1001
ACAD
1000
MTEXTBEGIN
1070
    73
1070
     1
1070
    44
1040
0.8
1070
    74
1070
     0
1000
MTEXTEND
  0
MTEXT
  5
8BD4
330
887A
100
AcDbEntity
  8
makro-numeracja-punktow
 62
     6
100
AcDbMText
 10
401.5039999997243
 20
27.89800000283867
 30
0.0
 40
1.0
 41
0.0
 46
0.0
 71
     7
 72
     5
  1
816
  7
GeodText
 73
     1
 44
0.8
1001
ACAD
1000
MTEXTBEGIN
1070
    73
1070
     1
1070
    44
1040
0.8
1070
    74
1070
     0
1000
MTEXTEND
  0
MTEXT
  5
8BD5
330
887A
100
AcDbEntity
  8
makro-numeracja-punktow
 62
     6
100
AcDbMText
 10
459.1629999997094
 20
61.02700000163167
 30
0.0
 40
1.0
 41
0.0
 46
0.0
 71
     7
 72
     5
  1
817
  7
GeodText
 73
     1
 44
0.8
1001
ACAD
1000
MTEXTBEGIN
1070
    73
1070
     1
1070
    44
1040
0.8
1070
    74
1070
     0
1000
MTEXTEND
  0
MTEXT
  5
8BD6
330
887A
100
AcDbEntity
  8
makro-numeracja-punktow
 62
     6
100
AcDbMText
 10
501.1629999997094
 20
52.55700000282377
 30
0.0
 40
1.0
 41
0.0
 46
0.0
 71
     7
 72
     5
  1
818
  7
GeodText
 73
     1
 44
0.8
1001
ACAD
1000
MTEXTBEGIN
1070
    73
1070
     1
1070
    44
1040
0.8
1070
    74
1070
     0
1000
MTEXTEND
  0
CIRCLE
  5
8BD7
330
887A
100
AcDbEntity
  8
0
100
AcDbCircle
 10
2773.110970680602
 20
3523.565481482074
 30
0.0
 40
36.89365916074252
  0
ENDBLK
  5
8BD9
330
887A
100
AcDbEntity
  8
0
100
AcDbBlockEnd
  0
BLOCK
  5
9859
330
9858
100
AcDbEntity
  8
!tele
100
AcDbBlockBegin
  2
_None
 70
     0
 10
0.0
 20
0.0
 30
0.0
  3
_None
  1

  0
ENDBLK
  5
985A
330
9858
100
AcDbEntity
  8
!tele
100
AcDbBlockEnd
  0
ENDSEC
  0
SECTION
  2
ENTITIES
  0
LWPOLYLINE
  5
2C1C
330
1F
100
AcDbEntity
  8
yabella
100
AcDbPolyline
 90
        5
 70
     0
 43
0.0
 10
829534565.4897841
 20
575609199.3511436
 10
829534494.6982142
 20
575609199.1776702
 10
829534509.3169178
 20
575610199.213493
 10
829534550.8710804
 20
575610199.3153207
 10
829534565.4897841
 20
575609199.3511436
  0
LWPOLYLINE
  5
2C1D
330
1F
100
AcDbEntity
  8
yabella
 62
     5
100
AcDbPolyline
 90
        2
 70
     0
 43
0.0
 10
829534322.9719023
 20
575609399.6526501
 10
829534497.5914789
 20
575609397.1000296
  0
LWPOLYLINE
  5
2C1E
330
1F
100
AcDbEntity
  8
yabella
 62
     5
100
AcDbPolyline
 90
        2
 70
     0
 43
0.0
 10
829534562.5849577
 20
575609398.0501841
 10
829534722.6188164
 20
575609398.4423439
  0
LWPOLYLINE
  5
2C1F
330
1F
100
AcDbEntity
  8
yabella
 62
     1
370
    30
100
AcDbPolyline
 90
        9
 70
     0
 43
0.0
 10
829534619.431347
 20
575609286.3588603
 10
829534591.8756742
 20
575609286.2913357
 10
829534574.8982702
 20
575609303.4560283
 10
829534573.0776899
 20
575610046.4045922
 10
829534558.8002732
 20
575610046.3696057
 10
829534565.7312187
 20
575609299.3037308
 10
829534582.3304378
 20
575609277.6791138
 10
829534619.8098462
 20
575609277.7709564
 10
829534619.7887996
 20
575609286.3597362
  0
LWPOLYLINE
  5
2C20
330
1F
100
AcDbEntity
  8
yabella
 62
     1
370
    30
100
AcDbPolyline
 90
        4
 70
     1
 43
0.0
 10
829534487.0748788
 20
575609565.0498861
 10
829534578.2477197
 20
575609565.2733033
 10
829534578.2755338
 20
575609553.9228186
 10
829534487.102693
 20
575609553.6994014
  0
LWPOLYLINE
  5
2C21
330
1F
100
AcDbEntity
  8
yabella
 62
     1
370
    30
100
AcDbPolyline
 90
        4
 70
     1
 43
0.0
 10
829534489.1667362
 20
575609743.1368591
 10
829534577.7079287
 20
575609743.3538275
 10
829534577.7377669
 20
575609731.1773428
 10
829534489.1965745
 20
575609730.9603744
  0
LWPOLYLINE
  5
2C22
330
1F
100
AcDbEntity
  8
istn.
100
AcDbPolyline
 90
        2
 70
     0
 43
0.0
 10
829534371.3114597
 20
575610142.3847407
 10
829534805.0814141
 20
575610143.4476852
  0
LWPOLYLINE
  5
2C23
330
1F
100
AcDbEntity
  8
światł
100
AcDbPolyline
 90
        2
 70
     0
 43
0.0
 10
829534368.9341288
 20
575610062.0066804
 10
829534750.5744414
 20
575610062.9418822
  0
LWPOLYLINE
  5
2C24
330
1F
100
AcDbEntity
  8
światł
100
AcDbPolyline
 90
        4
 70
     1
 43
0.0
 10
829534492.0361728
 20
575609923.3249861
 10
829534576.2601019
 20
575609923.5313753
 10
829534576.2871038
 20
575609912.5123703
 10
829534492.0631746
 20
575609912.3059813
  0
LWPOLYLINE
  5
2C25
330
1F
100
AcDbEntity
  8
yabella
100
AcDbPolyline
 90
        2
 70
     0
 43
0.0
 10
829534332.4679643
 20
575609399.7488373
 10
829534367.4080172
 20
575609364.3031561
  0
LWPOLYLINE
  5
2C26
330
1F
100
AcDbEntity
  8
yabella
100
AcDbPolyline
 90
        2
 70
     0
 43
0.0
 10
829534329.340322
 20
575609369.8948835
 10
829534360.5672304
 20
575609398.3964342
  0
LWPOLYLINE
  5
2C27
330
1F
100
AcDbEntity
  8
yabella
100
AcDbPolyline
 90
        2
 70
     0
 43
0.0
 10
829534350.3406755
 20
575609362.8401005
 10
829534385.4657168
 20
575609397.0361878
  0
LWPOLYLINE
  5
2C28
330
1F
100
AcDbEntity
  8
yabella
100
AcDbPolyline
 90
        2
 70
     0
 43
0.0
 10
829534384.0379759
 20
575609399.1645788
 10
829534418.9780287
 20
575609363.7188976
  0
LWPOLYLINE
  5
2C29
330
1F
100
AcDbEntity
  8
yabella
100
AcDbPolyline
 90
        2
 70
     0
 43
0.0
 10
829534380.9103336
 20
575609369.3106249
 10
829534412.1372419
 20
575609397.8121757
  0
LWPOLYLINE
  5
2C2A
330
1F
100
AcDbEntity
  8
yabella
100
AcDbPolyline
 90
        2
 70
     0
 43
0.0
 10
829534401.910687
 20
575609362.2558419
 10
829534437.0357284
 20
575609396.4519293
  0
LWPOLYLINE
  5
2C2B
330
1F
100
AcDbEntity
  8
yabella
100
AcDbPolyline
 90
        2
 70
     0
 43
0.0
 10
829534433.8297248
 20
575609398.5759625
 10
829534468.7697776
 20
575609363.1302814
  0
LWPOLYLINE
  5
2C2C
330
1F
100
AcDbEntity
  8
yabella
100
AcDbPolyline
 90
        2
 70
     0
 43
0.0
 10
829534430.7020824
 20
575609368.7220086
 10
829534461.9289908
 20
575609397.2235595
  0
LWPOLYLINE
  5
2C2D
330
1F
100
AcDbEntity
  8
yabella
100
AcDbPolyline
 90
        2
 70
     0
 43
0.0
 10
829534451.7024359
 20
575609361.6672258
 10
829534486.8274773
 20
575609395.8633131
  0
LWPOLYLINE
  5
2C2E
330
1F
100
AcDbEntity
  8
yabella
100
AcDbPolyline
 90
        2
 70
     0
 43
0.0
 10
829534575.3953569
 20
575609398.0668654
 10
829534610.3354097
 20
575609362.6211843
  0
LWPOLYLINE
  5
2C2F
330
1F
100
AcDbEntity
  8
yabella
100
AcDbPolyline
 90
        2
 70
     0
 43
0.0
 10
829534572.2677145
 20
575609368.2129115
 10
829534603.4946229
 20
575609396.7144625
  0
LWPOLYLINE
  5
2C30
330
1F
100
AcDbEntity
  8
yabella
100
AcDbPolyline
 90
        2
 70
     0
 43
0.0
 10
829534593.268068
 20
575609361.1581287
 10
829534628.3931094
 20
575609395.354216
  0
LWPOLYLINE
  5
2C31
330
1F
100
AcDbEntity
  8
yabella
100
AcDbPolyline
 90
        2
 70
     0
 43
0.0
 10
829534618.0591893
 20
575609397.8910054
 10
829534652.999242
 20
575609362.4453241
  0
LWPOLYLINE
  5
2C32
330
1F
100
AcDbEntity
  8
yabella
100
AcDbPolyline
 90
        2
 70
     0
 43
0.0
 10
829534614.931547
 20
575609368.0370515
 10
829534646.1584554
 20
575609396.5386023
  0
LWPOLYLINE
  5
2C33
330
1F
100
AcDbEntity
  8
yabella
100
AcDbPolyline
 90
        2
 70
     0
 43
0.0
 10
829534635.9319005
 20
575609360.9822685
 10
829534671.0569418
 20
575609395.1783559
  0
LWPOLYLINE
  5
2C34
330
1F
100
AcDbEntity
  8
yabella
100
AcDbPolyline
 90
        2
 70
     0
 43
0.0
 10
829534665.212464
 20
575609398.2869605
 10
829534700.1525168
 20
575609362.8412793
  0
LWPOLYLINE
  5
2C35
330
1F
100
AcDbEntity
  8
yabella
100
AcDbPolyline
 90
        2
 70
     0
 43
0.0
 10
829534662.0848217
 20
575609368.4330066
 10
829534693.3117301
 20
575609396.9345575
  0
LWPOLYLINE
  5
2C36
330
1F
100
AcDbEntity
  8
yabella
100
AcDbPolyline
 90
        2
 70
     0
 43
0.0
 10
829534683.0851752
 20
575609361.3782238
 10
829534718.2102165
 20
575609395.574311
  0
MTEXT
  5
2C37
330
1F
100
AcDbEntity
  8
0
100
AcDbMText
 10
829534617.2616643
 20
575609544.2681552
 30
0.0
 40
13.24104993477741
 41
138.7424313033785
 46
0.0
 71
     1
 72
     5
  1
taśma stalowa
 11
0.9999969975878883
 21
0.0024504724460677
 31
0.0
 73
     1
 44
1.0
1001
ACAD
1000
MTEXTBEGIN
1070
    73
1070
     1
1070
    44
1040
1.0
1070
    74
1070
     0
1000
MTEXTEND
  0
LWPOLYLINE
  5
2C38
330
1F
100
AcDbEntity
  8
yabella
100
AcDbPolyline
 90
        3
 70
     0
 43
0.0
 10
829534528.6223223
 20
575609559.6395439
 10
829534613.4674879
 20
575609526.3611375
 10
829534742.7319592
 20
575609526.6778975
  0
MTEXT
  5
2C39
330
1F
100
AcDbEntity
  8
0
100
AcDbMText
 10
829534658.0950377
 20
575609672.8650666
 30
0.0
 40
13.24104993477741
 41
300.2556746400445
 46
0.0
 71
     1
 72
     5
  1
rura osłonowa zamontowa do wysokości zawieszenia światłowodu
 11
0.9999969975878883
 21
0.0024504724460677
 31
0.0
 73
     1
 44
1.0
1001
ACAD
1000
MTEXTBEGIN
1070
    73
1070
     1
1070
    44
1040
1.0
1070
    74
1070
     0
1000
MTEXTEND
  0
LWPOLYLINE
  5
2C3A
330
1F
100
AcDbEntity
  8
yabella
100
AcDbPolyline
 90
        3
 70
     0
 43
0.0
 10
829534569.4556957
 20
575609663.0684017
 10
829534654.3008614
 20
575609629.7899952
 10
829534949.4372462
 20
575609630.1067551
  0
MTEXT
  5
2C3B
330
1F
100
AcDbEntity
  8
0
100
AcDbMText
 10
829534659.7935415
 20
575609794.3297279
 30
0.0
 40
13.24104993477741
 41
300.2556746400445
 46
0.0
 71
     1
 72
     5
  1
światłowód prowadzony w rurze osłonowej na słupie
 11
0.9999969975878883
 21
0.0024504724460677
 31
0.0
 73
     1
 44
1.0
1001
ACAD
1000
MTEXTBEGIN
1070
    73
1070
     1
1070
    44
1040
1.0
1070
    74
1070
     0
1000
MTEXTEND
  0
LWPOLYLINE
  5
2C3C
330
1F
100
AcDbEntity
  8
yabella
100
AcDbPolyline
 90
        3
 70
     0
 43
0.0
 10
829534571.1541996
 20
575609785.9303734
 10
829534655.9993651
 20
575609752.6519669
 10
829534922.0252075
 20
575609752.9687269
  0
MTEXT
  5
2C3D
330
1F
100
AcDbEntity
  8
0
100
AcDbMText
 10
829534761.4332731
 20
575610045.1802408
 30
0.0
 40
13.24104993477741
 41
300.2556746400445
 46
0.0
 71
     1
 72
     5
  1
światłowód 
 11
0.9999969975878883
 21
0.0024504724460677
 31
0.0
 73
     1
 44
1.0
1001
ACAD
1000
MTEXTBEGIN
1070
    73
1070
     1
1070
    44
1040
1.0
1070
    74
1070
     0
1000
MTEXTEND
  0
LWPOLYLINE
  5
2C3E
330
1F
100
AcDbEntity
  8
yabella
100
AcDbPolyline
 90
        3
 70
     0
 43
0.0
 10
829534672.793931
 20
575610060.5516296
 10
829534757.6390968
 20
575610027.2732233
 10
829534886.9035679
 20
575610027.5899832
  0
MTEXT
  5
2C3F
330
1F
100
AcDbEntity
  8
0
100
AcDbMText
 10
829534839.4669153
 20
575610126.0513987
 30
0.0
 40
13.24104993477741
 41
300.2556746400445
 46
0.0
 71
     1
 72
     5
  1
istn. przewód linii napow. nN 0,4kV
 11
0.9999969975878883
 21
0.0024504724460677
 31
0.0
 73
     1
 44
1.0
1001
ACAD
1000
MTEXTBEGIN
1070
    73
1070
     1
1070
    44
1040
1.0
1070
    74
1070
     0
1000
MTEXTEND
  0
LWPOLYLINE
  5
2C40
330
1F
100
AcDbEntity
  8
yabella
100
AcDbPolyline
 90
        3
 70
     0
 43
0.0
 10
829534750.8275733
 20
575610141.4227875
 10
829534835.6727391
 20
575610108.1443811
 10
829535118.9357479
 20
575610108.4611411
  0
ARC
  5
2C41
330
1F
100
AcDbEntity
  8
światł
100
AcDbCircle
 10
829534583.6157682
 20
575610084.321152
 30
0.0
 40
41.95158595629201
100
AcDbArc
 50
212.076673920422
 51
244.9035190334377
  0
LWPOLYLINE
  5
2C43
330
1F
100
AcDbEntity
  8
yabella
100
AcDbPolyline
 90
        4
 70
     1
 43
0.0
 10
829534521.8091183
 20
575610072.7608015
 10
829534541.2948952
 20
575610072.808551
 10
829534541.3727297
 20
575610041.0456059
 10
829534521.8869528
 20
575610040.9978563
  0
LWPOLYLINE
  5
2C44
330
1F
100
AcDbEntity
  8
yabella
100
AcDbPolyline
 90
        4
 70
     1
 43
0.0
 10
829534528.6654914
 20
575610064.9221981
 10
829534533.109596
 20
575610064.9330884
 10
829534533.1447471
 20
575610050.5885412
 10
829534528.7006425
 20
575610050.5776511
  0
MTEXT
  5
2C45
330
1F
100
AcDbEntity
  8
0
100
AcDbMText
 10
829534615.7811287
 20
575609995.1267644
 30
0.0
 40
13.24104993477741
 41
300.2556746400445
 46
0.0
 71
     1
 72
     5
  1
uchwyt hakowy na taśmę stalową
 11
0.9999969975878883
 21
0.0024504724460677
 31
0.0
 73
     1
 44
1.0
1001
ACAD
1000
MTEXTBEGIN
1070
    73
1070
     1
1070
    44
1040
1.0
1070
    74
1070
     0
1000
MTEXTEND
  0
LWPOLYLINE
  5
2C46
330
1F
100
AcDbEntity
  8
yabella
100
AcDbPolyline
 90
        3
 70
     0
 43
0.0
 10
829534530.1091559
 20
575610049.9204841
 10
829534611.9869524
 20
575609977.2197467
 10
829534910.2672233
 20
575609977.9506765
  0
LWPOLYLINE
  5
2C47
330
1F
100
AcDbEntity
  8
yabella
100
AcDbPolyline
 90
        4
 70
     1
 43
0.0
 10
829534521.5958111
 20
575610159.8079892
 10
829534541.0815878
 20
575610159.8557387
 10
829534541.1594222
 20
575610128.0927936
 10
829534521.6736453
 20
575610128.045044
  0
LWPOLYLINE
  5
2C48
330
1F
100
AcDbEntity
  8
yabella
100
AcDbPolyline
 90
        4
 70
     1
 43
0.0
 10
829534528.4521841
 20
575610151.9693858
 10
829534532.8962886
 20
575610151.980276
 10
829534532.9314397
 20
575610137.6357291
 10
829534528.487335
 20
575610137.6248388
  0
LWPOLYLINE
  5
2C49
330
1F
100
AcDbEntity
  8
yabella
100
AcDbPolyline
 90
        4
 70
     1
 43
0.0
 10
829536551.9232074
 20
575609922.4251853
 10
829536582.761513
 20
575609922.4416852
 10
829536582.761513
 20
575609915.6962172
 10
829536551.740102
 20
575609915.4671774
  0
LWPOLYLINE
  5
2C4A
330
1F
100
AcDbEntity
  8
yabella
100
AcDbPolyline
 90
        2
 70
     0
 43
0.0
 10
829536576.7451588
 20
575609920.3334771
 10
829536575.9627724
 20
575609975.3083609
  0
LWPOLYLINE
  5
2C4B
330
1F
100
AcDbEntity
  8
yabella
100
AcDbPolyline
 90
        5
 70
     0
 43
0.0
 10
829536569.5952307
 20
575609976.3585607
 10
829536574.4604588
 20
575610012.0036844
 10
829536578.1673163
 20
575610012.0036844
 10
829536582.8009064
 20
575609976.3585607
 10
829536569.3635567
 20
575609976.3585607
  0
LWPOLYLINE
  5
2C4C
330
1F
100
AcDbEntity
  8
yabella
100
AcDbPolyline
 90
        2
 70
     0
 43
0.0
 10
829536576.7451588
 20
575609917.443029
 10
829536575.9627724
 20
575609862.4681453
  0
LWPOLYLINE
  5
2C4D
330
1F
100
AcDbEntity
  8
yabella
100
AcDbPolyline
 90
        5
 70
     0
 43
0.0
 10
829536569.5952307
 20
575609861.4179455
 10
829536574.4604588
 20
575609825.7728218
 10
829536578.1673163
 20
575609825.7728218
 10
829536582.8009064
 20
575609861.4179455
 10
829536569.3635567
 20
575609861.4179455
  0
MTEXT
  5
2C4E
330
1F
100
AcDbEntity
  8
0
100
AcDbMText
 10
829536638.1515854
 20
575609864.4901312
 30
0.0
 40
9.225335608253702
 41
209.194843345601
 46
0.0
 71
     1
 72
     5
  1
uchwyt odciągowy \Pobustronne zakończenie odciągowe
 73
     1
 44
1.0
1001
ACAD
1000
MTEXTBEGIN
1070
    73
1070
     1
1070
    44
1040
1.0
1070
    74
1070
     0
1000
MTEXTEND
  0
LWPOLYLINE
  5
2C4F
330
1F
100
AcDbEntity
  8
yabella
100
AcDbPolyline
 90
        3
 70
     0
 43
0.0
 10
829536576.4210027
 20
575609875.3510233
 10
829536635.4775334
 20
575609852.0204268
 10
829536742.7388496
 20
575609852.0204268
  0
LWPOLYLINE
  5
2C50
330
1F
100
AcDbEntity
  8
yabella
100
AcDbPolyline
 90
        7
 70
     0
 43
0.0
 10
829536572.6774187
 20
575609997.9770372
 10
829536578.8532922
 20
575610002.8768234
 10
829536571.9508604
 20
575609989.2663272
 10
829536580.4880939
 20
575609994.7105258
 10
829536571.0426532
 20
575609980.9185714
 10
829536581.0330038
 20
575609984.9109722
 10
829536574.3122205
 20
575609977.2891057
  0
LWPOLYLINE
  5
2C51
330
1F
100
AcDbEntity
  8
yabella
100
AcDbPolyline
 90
        6
 70
     0
 43
0.0
 10
829536578.9513247
 20
575609833.1799822
 10
829536572.6022003
 20
575609840.248108
 10
829536579.8583427
 20
575609840.7918173
 10
829536571.6951826
 20
575609849.672282
 10
829536581.3095495
 20
575609850.3972214
 10
829536570.0625435
 20
575609859.6401654
  0
LWPOLYLINE
  5
2C52
330
1F
100
AcDbEntity
  8
światł
100
AcDbPolyline
 90
        2
 70
     0
 43
0.0
 10
829536577.6255421
 20
575610202.8333152
 10
829536577.6255421
 20
575610001.9011371
  0
LWPOLYLINE
  5
2C53
330
1F
100
AcDbEntity
  8
światł
100
AcDbPolyline
 90
        2
 70
     0
 43
0.0
 10
829536574.8020952
 20
575609846.6382026
 10
829536574.8020952
 20
575609651.2116083
  0
ARC
  5
2C54
330
1F
100
AcDbEntity
  8
światł
100
AcDbCircle
 10
829536403.4829884
 20
575609920.6850455
 30
0.0
 40
188.427107649198
100
AcDbArc
 50
335.8923237355315
 51
22.06879942109901
  0
MTEXT
  5
2C55
330
1F
100
AcDbEntity
  8
0
100
AcDbMText
 10
829536667.584251
 20
575609950.6052816
 30
0.0
 40
9.225335608253702
 41
209.194843345601
 46
0.0
 71
     1
 72
     5
  1
śruba na taśmę stalową
 73
     1
 44
1.0
1001
ACAD
1000
MTEXTBEGIN
1070
    73
1070
     1
1070
    44
1040
1.0
1070
    74
1070
     0
1000
MTEXTEND
  0
LWPOLYLINE
  5
2C56
330
1F
100
AcDbEntity
  8
yabella
100
AcDbPolyline
 90
        3
 70
     0
 43
0.0
 10
829536566.1946529
 20
575609920.9399776
 10
829536664.9101987
 20
575609938.1355771
 10
829536798.5382213
 20
575609938.1355771
  0
MTEXT
  5
2C57
330
1F
100
AcDbEntity
  8
0
100
AcDbMText
 10
829536266.7477256
 20
575610063.9620009
 30
0.0
 40
9.225335608253702
 41
209.194843345601
 46
0.0
 71
     1
 72
     5
  1
słup nN typ żelbetnowy
 73
     1
 44
1.0
1001
ACAD
1000
MTEXTBEGIN
1070
    73
1070
     1
1070
    44
1040
1.0
1070
    74
1070
     0
1000
MTEXTEND
  0
LWPOLYLINE
  5
2C58
330
1F
100
AcDbEntity
  8
yabella
100
AcDbPolyline
 90
        3
 70
     0
 43
0.0
 10
829536455.9507861
 20
575609907.8283352
 10
829536264.0736735
 20
575610051.4922965
 10
829536418.0972798
 20
575610050.4649315
  0
MTEXT
  5
2C59
330
1F
100
AcDbEntity
  8
0
100
AcDbMText
 10
829536678.3430162
 20
575610091.1647819
 30
0.0
 40
9.225335608253702
 41
209.194843345601
 46
0.0
 71
     1
 72
     5
  1
światłowód
 73
     1
 44
1.0
1001
ACAD
1000
MTEXTBEGIN
1070
    73
1070
     1
1070
    44
1040
1.0
1070
    74
1070
     0
1000
MTEXTEND
  0
LWPOLYLINE
  5
2C5A
330
1F
100
AcDbEntity
  8
yabella
100
AcDbPolyline
 90
        3
 70
     0
 43
0.0
 10
829536576.9534182
 20
575610061.4994779
 10
829536675.6689642
 20
575610078.6950775
 10
829536765.7306824
 20
575610078.6950775
  0
LWPOLYLINE
  5
2C5B
330
1F
100
AcDbEntity
  8
światł
 62
     0
370
    25
100
AcDbPolyline
 90
        4
 70
     1
 43
0.0
 10
829536405.020239
 20
575609968.9461814
 10
829536555.020239
 20
575609968.9461814
 10
829536555.020239
 20
575609868.9461814
 10
829536405.020239
 20
575609868.9461814
  0
LWPOLYLINE
  5
2C5C
330
1F
100
AcDbEntity
  8
światł
 62
     0
370
    25
100
AcDbPolyline
 90
        4
 70
     1
 43
0.0
 10
829534516.4248789
 20
575609469.8968371
 10
829534538.3691552
 20
575609469.9506112
 10
829534538.5255886
 20
575609406.1127162
 10
829534516.5813124
 20
575609406.0589423
  0
LWPOLYLINE
  5
2C5D
330
1F
100
AcDbEntity
  8
światł
 62
     0
370
    25
100
AcDbPolyline
 90
        4
 70
     1
 43
0.0
 10
829534517.5920793
 20
575609549.5586397
 10
829534539.5363558
 20
575609549.6124137
 10
829534539.6927892
 20
575609485.7745189
 10
829534517.7485129
 20
575609485.7207448
  0
LWPOLYLINE
  5
2C5E
330
1F
100
AcDbEntity
  8
światł
 62
     0
370
    25
100
AcDbPolyline
 90
        4
 70
     1
 43
0.0
 10
829534520.7448843
 20
575609639.165856
 10
829534542.6891607
 20
575609639.2196299
 10
829534542.8455942
 20
575609575.381735
 10
829534520.9013179
 20
575609575.3279611
  0
LWPOLYLINE
  5
2C5F
330
1F
100
AcDbEntity
  8
światł
 62
     0
370
    25
100
AcDbPolyline
 90
        4
 70
     1
 43
0.0
 10
829534521.2198361
 20
575609719.9024345
 10
829534543.1641123
 20
575609719.9562084
 10
829534543.320546
 20
575609656.1183135
 10
829534521.3762695
 20
575609656.0645395
  0
LWPOLYLINE
  5
2C60
330
1F
100
AcDbEntity
  8
światł
 62
     0
370
    25
100
AcDbPolyline
 90
        4
 70
     1
 43
0.0
 10
829534522.2641639
 20
575609820.8780853
 10
829534544.2084403
 20
575609820.9318594
 10
829534544.3648738
 20
575609757.0939644
 10
829534522.4205973
 20
575609757.0401904
  0
LWPOLYLINE
  5
2C61
330
1F
100
AcDbEntity
  8
światł
 62
     0
370
    25
100
AcDbPolyline
 90
        4
 70
     1
 43
0.0
 10
829534520.9977725
 20
575609898.3809801
 10
829534542.9420487
 20
575609898.4347541
 10
829534543.0984822
 20
575609834.5968592
 10
829534521.1542059
 20
575609834.5430852
  0
LWPOLYLINE
  5
2C62
330
1F
100
AcDbEntity
  8
światł
 62
     0
370
    25
100
AcDbPolyline
 90
        4
 70
     1
 43
0.0
 10
829534519.6654345
 20
575610002.7955181
 10
829534541.6097109
 20
575610002.8492921
 10
829534541.7661444
 20
575609939.0113972
 10
829534519.8218681
 20
575609938.9576232
  0
LWPOLYLINE
  5
2C63
330
1F
100
AcDbEntity
  8
yabella
100
AcDbPolyline
 90
        5
 70
     0
 43
0.0
 10
829534565.4897841
 20
575606883.9081114
 10
829534494.6982142
 20
575606883.734638
 10
829534509.3169178
 20
575607883.770461
 10
829534550.8710804
 20
575607883.8722886
 10
829534565.4897841
 20
575606883.9081114
  0
LWPOLYLINE
  5
2C64
330
1F
100
AcDbEntity
  8
yabella
 62
     5
100
AcDbPolyline
 90
        2
 70
     0
 43
0.0
 10
829534322.9719023
 20
575607084.2096179
 10
829534497.5914789
 20
575607081.6569975
  0
LWPOLYLINE
  5
2C65
330
1F
100
AcDbEntity
  8
yabella
 62
     5
100
AcDbPolyline
 90
        2
 70
     0
 43
0.0
 10
829534562.5849577
 20
575607082.6071519
 10
829534722.6188164
 20
575607082.9993117
  0
LWPOLYLINE
  5
2C66
330
1F
100
AcDbEntity
  8
yabella
 62
     1
370
    30
100
AcDbPolyline
 90
        9
 70
     0
 43
0.0
 10
829534619.431347
 20
575606970.9158281
 10
829534591.8756742
 20
575606970.8483035
 10
829534574.8982702
 20
575606988.0129961
 10
829534573.0776899
 20
575607730.9615601
 10
829534558.8002732
 20
575607730.9265736
 10
829534565.7312187
 20
575606983.8606987
 10
829534582.3304378
 20
575606962.2360816
 10
829534619.8098462
 20
575606962.3279241
 10
829534619.7887996
 20
575606970.916704
  0
LWPOLYLINE
  5
2C67
330
1F
100
AcDbEntity
  8
yabella
 62
     1
370
    30
100
AcDbPolyline
 90
        4
 70
     1
 43
0.0
 10
829534487.0748788
 20
575607249.6068539
 10
829534578.2477197
 20
575607249.8302711
 10
829534578.2755338
 20
575607238.4797865
 10
829534487.102693
 20
575607238.2563692
  0
LWPOLYLINE
  5
2C68
330
1F
100
AcDbEntity
  8
yabella
 62
     1
370
    30
100
AcDbPolyline
 90
        4
 70
     1
 43
0.0
 10
829534489.1667363
 20
575607427.693827
 10
829534577.7079287
 20
575607427.9107954
 10
829534577.7377669
 20
575607415.7343107
 10
829534489.1965745
 20
575607415.5173423
  0
LWPOLYLINE
  5
2C69
330
1F
100
AcDbEntity
  8
istn.
100
AcDbPolyline
 90
        2
 70
     0
 43
0.0
 10
829534371.3114597
 20
575607826.9417085
 10
829534805.0814141
 20
575607828.0046531
  0
LWPOLYLINE
  5
2C6A
330
1F
100
AcDbEntity
  8
światł
100
AcDbPolyline
 90
        2
 70
     0
 43
0.0
 10
829534368.9341288
 20
575607746.5636482
 10
829534750.5744414
 20
575607747.4988501
  0
LWPOLYLINE
  5
2C6B
330
1F
100
AcDbEntity
  8
światł
100
AcDbPolyline
 90
        4
 70
     1
 43
0.0
 10
829534492.0361728
 20
575607607.881954
 10
829534576.2601019
 20
575607608.0883429
 10
829534576.2871038
 20
575607597.0693381
 10
829534492.0631746
 20
575607596.8629492
  0
LWPOLYLINE
  5
2C6C
330
1F
100
AcDbEntity
  8
yabella
100
AcDbPolyline
 90
        2
 70
     0
 43
0.0
 10
829534332.4679643
 20
575607084.3058052
 10
829534367.4080172
 20
575607048.8601239
  0
LWPOLYLINE
  5
2C6D
330
1F
100
AcDbEntity
  8
yabella
100
AcDbPolyline
 90
        2
 70
     0
 43
0.0
 10
829534329.340322
 20
575607054.4518514
 10
829534360.5672304
 20
575607082.9534022
  0
LWPOLYLINE
  5
2C6E
330
1F
100
AcDbEntity
  8
yabella
100
AcDbPolyline
 90
        2
 70
     0
 43
0.0
 10
829534350.3406755
 20
575607047.3970684
 10
829534385.4657168
 20
575607081.5931557
  0
LWPOLYLINE
  5
2C6F
330
1F
100
AcDbEntity
  8
yabella
100
AcDbPolyline
 90
        2
 70
     0
 43
0.0
 10
829534384.0379759
 20
575607083.7215465
 10
829534418.9780287
 20
575607048.2758654
  0
LWPOLYLINE
  5
2C70
330
1F
100
AcDbEntity
  8
yabella
100
AcDbPolyline
 90
        2
 70
     0
 43
0.0
 10
829534380.9103336
 20
575607053.8675927
 10
829534412.1372419
 20
575607082.3691436
  0
LWPOLYLINE
  5
2C71
330
1F
100
AcDbEntity
  8
yabella
100
AcDbPolyline
 90
        2
 70
     0
 43
0.0
 10
829534401.910687
 20
575607046.8128098
 10
829534437.0357284
 20
575607081.0088972
  0
LWPOLYLINE
  5
2C72
330
1F
100
AcDbEntity
  8
yabella
100
AcDbPolyline
 90
        2
 70
     0
 43
0.0
 10
829534433.8297248
 20
575607083.1329304
 10
829534468.7697776
 20
575607047.6872492
  0
LWPOLYLINE
  5
2C73
330
1F
100
AcDbEntity
  8
yabella
100
AcDbPolyline
 90
        2
 70
     0
 43
0.0
 10
829534430.7020824
 20
575607053.2789765
 10
829534461.9289908
 20
575607081.7805274
  0
LWPOLYLINE
  5
2C74
330
1F
100
AcDbEntity
  8
yabella
100
AcDbPolyline
 90
        2
 70
     0
 43
0.0
 10
829534451.7024359
 20
575607046.2241937
 10
829534486.8274773
 20
575607080.4202809
  0
LWPOLYLINE
  5
2C75
330
1F
100
AcDbEntity
  8
yabella
100
AcDbPolyline
 90
        2
 70
     0
 43
0.0
 10
829534575.3953569
 20
575607082.6238333
 10
829534610.3354097
 20
575607047.1781522
  0
LWPOLYLINE
  5
2C76
330
1F
100
AcDbEntity
  8
yabella
100
AcDbPolyline
 90
        2
 70
     0
 43
0.0
 10
829534572.2677145
 20
575607052.7698795
 10
829534603.4946229
 20
575607081.2714304
  0
LWPOLYLINE
  5
2C77
330
1F
100
AcDbEntity
  8
yabella
100
AcDbPolyline
 90
        2
 70
     0
 43
0.0
 10
829534593.268068
 20
575607045.7150966
 10
829534628.3931094
 20
575607079.911184
  0
LWPOLYLINE
  5
2C78
330
1F
100
AcDbEntity
  8
yabella
100
AcDbPolyline
 90
        2
 70
     0
 43
0.0
 10
829534618.0591893
 20
575607082.4479731
 10
829534652.999242
 20
575607047.002292
  0
LWPOLYLINE
  5
2C79
330
1F
100
AcDbEntity
  8
yabella
100
AcDbPolyline
 90
        2
 70
     0
 43
0.0
 10
829534614.931547
 20
575607052.5940192
 10
829534646.1584554
 20
575607081.0955701
  0
LWPOLYLINE
  5
2C7A
330
1F
100
AcDbEntity
  8
yabella
100
AcDbPolyline
 90
        2
 70
     0
 43
0.0
 10
829534635.9319005
 20
575607045.5392364
 10
829534671.0569418
 20
575607079.7353237
  0
LWPOLYLINE
  5
2C7B
330
1F
100
AcDbEntity
  8
yabella
100
AcDbPolyline
 90
        2
 70
     0
 43
0.0
 10
829534665.212464
 20
575607082.8439283
 10
829534700.1525168
 20
575607047.3982471
  0
LWPOLYLINE
  5
2C7C
330
1F
100
AcDbEntity
  8
yabella
100
AcDbPolyline
 90
        2
 70
     0
 43
0.0
 10
829534662.0848217
 20
575607052.9899744
 10
829534693.3117301
 20
575607081.4915252
  0
LWPOLYLINE
  5
2C7D
330
1F
100
AcDbEntity
  8
yabella
100
AcDbPolyline
 90
        2
 70
     0
 43
0.0
 10
829534683.0851752
 20
575607045.9351916
 10
829534718.2102165
 20
575607080.1312788
  0
MTEXT
  5
2C7E
330
1F
100
AcDbEntity
  8
0
100
AcDbMText
 10
829534617.2616643
 20
575607228.8251229
 30
0.0
 40
13.24104993477761
 41
138.7424313033806
 46
0.0
 71
     1
 72
     5
  1
taśma stalowa
 11
0.9999969975879034
 21
0.0024504724398608
 31
0.0
 73
     1
 44
1.0
1001
ACAD
1000
MTEXTBEGIN
1070
    73
1070
     1
1070
    44
1040
1.0
1070
    74
1070
     0
1000
MTEXTEND
  0
LWPOLYLINE
  5
2C7F
330
1F
100
AcDbEntity
  8
yabella
100
AcDbPolyline
 90
        3
 70
     0
 43
0.0
 10
829534528.6223223
 20
575607244.1965117
 10
829534613.4674879
 20
575607210.9181054
 10
829534742.7319592
 20
575607211.2348653
  0
MTEXT
  5
2C80
330
1F
100
AcDbEntity
  8
0
100
AcDbMText
 10
829534658.0950377
 20
575607332.2539806
 30
0.0
 40
13.24104993477761
 41
300.255674640049
 46
0.0
 71
     1
 72
     5
  1
rura osłonowa zamontowa do wysokości zawieszenia światłowodu
 11
0.9999969975879034
 21
0.0024504724398608
 31
0.0
 73
     1
 44
1.0
1001
ACAD
1000
MTEXTBEGIN
1070
    73
1070
     1
1070
    44
1040
1.0
1070
    74
1070
     0
1000
MTEXTEND
  0
LWPOLYLINE
  5
2C81
330
1F
100
AcDbEntity
  8
yabella
100
AcDbPolyline
 90
        3
 70
     0
 43
0.0
 10
829534569.4556957
 20
575607347.6253694
 10
829534654.3008614
 20
575607314.346963
 10
829534900.9419252
 20
575607314.663723
  0
MTEXT
  5
2C82
330
1F
100
AcDbEntity
  8
0
100
AcDbMText
 10
829534659.7935415
 20
575607455.1159525
 30
0.0
 40
13.24104993477761
 41
300.255674640049
 46
0.0
 71
     1
 72
     5
  1
światłowód prowadzony w rurze osłonowej na słupie
 11
0.9999969975879034
 21
0.0024504724398608
 31
0.0
 73
     1
 44
1.0
1001
ACAD
1000
MTEXTBEGIN
1070
    73
1070
     1
1070
    44
1040
1.0
1070
    74
1070
     0
1000
MTEXTEND
  0
LWPOLYLINE
  5
2C83
330
1F
100
AcDbEntity
  8
yabella
100
AcDbPolyline
 90
        3
 70
     0
 43
0.0
 10
829534571.1541996
 20
575607470.4873412
 10
829534655.9993651
 20
575607437.2089347
 10
829534819.836267
 20
575607437.5256947
  0
MTEXT
  5
2C84
330
1F
100
AcDbEntity
  8
0
100
AcDbMText
 10
829534761.4332731
 20
575607729.7372087
 30
0.0
 40
13.24104993477761
 41
300.255674640049
 46
0.0
 71
     1
 72
     5
  1
światłowód 
 11
0.9999969975879034
 21
0.0024504724398608
 31
0.0
 73
     1
 44
1.0
1001
ACAD
1000
MTEXTBEGIN
1070
    73
1070
     1
1070
    44
1040
1.0
1070
    74
1070
     0
1000
MTEXTEND
  0
LWPOLYLINE
  5
2C85
330
1F
100
AcDbEntity
  8
yabella
100
AcDbPolyline
 90
        3
 70
     0
 43
0.0
 10
829534672.793931
 20
575607745.1085975
 10
829534757.6390968
 20
575607711.8301909
 10
829534886.9035679
 20
575607712.1469511
  0
MTEXT
  5
2C86
330
1F
100
AcDbEntity
  8
0
100
AcDbMText
 10
829534761.8916581
 20
575607808.7651409
 30
0.0
 40
13.24104993477761
 41
300.255674640049
 46
0.0
 71
     1
 72
     5
  1
istn. przewód linii napow. nN 0,4kV
 11
0.9999969975879034
 21
0.0024504724398608
 31
0.0
 73
     1
 44
1.0
1001
ACAD
1000
MTEXTBEGIN
1070
    73
1070
     1
1070
    44
1040
1.0
1070
    74
1070
     0
1000
MTEXTEND
  0
LWPOLYLINE
  5
2C87
330
1F
100
AcDbEntity
  8
yabella
100
AcDbPolyline
 90
        3
 70
     0
 43
0.0
 10
829534697.4729374
 20
575607825.9797553
 10
829534759.914709
 20
575607793.3970402
 10
829535043.9736521
 20
575607793.1390263
  0
DIMENSION
  5
2C88
330
1F
100
AcDbEntity
  8
yabella
100
AcDbDimension
280
     0
  2
*D2
 10
829534289.0240386
 20
575607748.1453864
 30
0.0
 11
829534288.9275314
 21
575607787.5282913
 31
0.0
 70
    33
  1
min. 1,5m
 71
     5
 42
78.76604580879211
 73
     0
 74
     0
 75
     0
  3
Standard
100
AcDbAlignedDimension
 13
829534392.4739469
 23
575607827.1651706
 33
0.0
 14
829534392.6669611
 24
575607748.3993612
 34
0.0
1001
ACAD
1000
DSTYLE
1002
{
1070
   140
1040
10.0
1002
}
  0
ARC
  5
2C89
330
1F
100
AcDbEntity
  8
światł
100
AcDbCircle
 10
829534583.6157682
 20
575607768.8781198
 30
0.0
 40
41.95158595629265
100
AcDbArc
 50
212.076673920422
 51
244.9035190334377
  0
MTEXT
  5
2C8A
330
1F
100
AcDbEntity
  8
0
100
AcDbMText
 10
829534606.0762827
 20
575607954.5595969
 30
0.0
 40
18.0
 41
435.5174272056826
 46
0.0
 71
     5
 72
     5
  1
Sposób wprowadzenia światłowodu na słup nN typu wirowanego
 11
0.9999969975879034
 21
0.0024504724398608
 31
0.0
 73
     1
 44
1.0
1001
ACAD
1000
MTEXTBEGIN
1070
    73
1070
     1
1070
    44
1040
1.0
1070
    74
1070
     0
1000
MTEXTEND
  0
LWPOLYLINE
  5
2C8B
330
1F
100
AcDbEntity
  8
yabella
100
AcDbPolyline
 90
        4
 70
     1
 43
0.0
 10
829534521.8091183
 20
575607757.3177694
 10
829534541.2948952
 20
575607757.3655189
 10
829534541.3727297
 20
575607725.6025737
 10
829534521.8869528
 20
575607725.5548242
  0
LWPOLYLINE
  5
2C8C
330
1F
100
AcDbEntity
  8
yabella
100
AcDbPolyline
 90
        4
 70
     1
 43
0.0
 10
829534528.6654914
 20
575607749.479166
 10
829534533.109596
 20
575607749.4900561
 10
829534533.1447471
 20
575607735.1455091
 10
829534528.7006425
 20
575607735.1346188
  0
MTEXT
  5
2C8D
330
1F
100
AcDbEntity
  8
0
100
AcDbMText
 10
829534615.7811287
 20
575607679.6837321
 30
0.0
 40
13.24104993477761
 41
300.255674640049
 46
0.0
 71
     1
 72
     5
  1
uchwyt hakowy na taśmę stalową
 11
0.9999969975879034
 21
0.0024504724398608
 31
0.0
 73
     1
 44
1.0
1001
ACAD
1000
MTEXTBEGIN
1070
    73
1070
     1
1070
    44
1040
1.0
1070
    74
1070
     0
1000
MTEXTEND
  0
LWPOLYLINE
  5
2C8E
330
1F
100
AcDbEntity
  8
yabella
100
AcDbPolyline
 90
        3
 70
     0
 43
0.0
 10
829534530.1091559
 20
575607734.4774519
 10
829534611.9869524
 20
575607661.7767146
 10
829534910.2672233
 20
575607662.5076443
  0
LWPOLYLINE
  5
2C8F
330
1F
100
AcDbEntity
  8
yabella
100
AcDbPolyline
 90
        4
 70
     1
 43
0.0
 10
829534521.5958111
 20
575607844.364957
 10
829534541.0815878
 20
575607844.4127066
 10
829534541.1594222
 20
575607812.6497614
 10
829534521.6736453
 20
575607812.6020119
  0
LWPOLYLINE
  5
2C90
330
1F
100
AcDbEntity
  8
yabella
100
AcDbPolyline
 90
        4
 70
     1
 43
0.0
 10
829534528.4521841
 20
575607836.5263537
 10
829534532.8962888
 20
575607836.5372439
 10
829534532.9314397
 20
575607822.1926967
 10
829534528.487335
 20
575607822.1818066
  0
DIMENSION
  5
2C91
330
1F
100
AcDbEntity
  8
yabella
100
AcDbDimension
280
     0
  2
*D3
 10
829534435.8816668
 20
575607421.4591444
 30
0.0
 11
829534435.6590575
 21
575607512.3022887
 31
0.0
 70
    33
  1
1,5m
 71
     5
 42
181.6868343353271
 73
     0
 74
     0
 75
     0
  3
Standard
100
AcDbAlignedDimension
 13
829534505.0244732
 23
575607603.3159574
 33
0.0
 14
829534505.4696918
 24
575607421.6296686
 34
0.0
1001
ACAD
1000
DSTYLE
1002
{
1070
   140
1040
10.0
1002
}
  0
DIMENSION
  5
2C92
330
1F
100
AcDbEntity
  8
yabella
100
AcDbDimension
280
     0
  2
*D4
 10
829534702.2459242
 20
575606966.5694782
 30
0.0
 11
829534702.1032634
 21
575607024.7869874
 31
0.0
 70
    33
  1
0,8m
 71
     5
 42
116.4353677034378
 73
     0
 74
     0
 75
     0
  3
Standard
100
AcDbAlignedDimension
 13
829534563.9932701
 23
575607082.6664103
 33
0.0
 14
829534564.2785918
 24
575606966.2313921
 34
0.0
1001
ACAD
1000
DSTYLE
1002
{
1070
   140
1040
10.0
1002
}
  0
LWPOLYLINE
  5
2C93
330
1F
100
AcDbEntity
  8
yabella
100
AcDbPolyline
 90
        4
 70
     1
 43
0.0
 10
829536216.3297802
 20
575607459.170449
 10
829536258.6297018
 20
575607459.1930815
 10
829536258.6297018
 20
575607449.9405377
 10
829536216.0786202
 20
575607449.6263713
  0
LWPOLYLINE
  5
2C94
330
1F
100
AcDbEntity
  8
yabella
100
AcDbPolyline
 90
        2
 70
     0
 43
0.0
 10
829536250.3772603
 20
575607456.3013195
 10
829536249.3040856
 20
575607531.7086163
  0
LWPOLYLINE
  5
2C95
330
1F
100
AcDbEntity
  8
yabella
100
AcDbPolyline
 90
        5
 70
     0
 43
0.0
 10
829536240.5699316
 20
575607533.149142
 10
829536247.2434099
 20
575607582.0424226
 10
829536252.3279885
 20
575607582.0424226
 10
829536258.6837363
 20
575607533.149142
 10
829536240.2521515
 20
575607533.149142
  0
LWPOLYLINE
  5
2C96
330
1F
100
AcDbEntity
  8
yabella
100
AcDbPolyline
 90
        2
 70
     0
 43
0.0
 10
829536250.3772603
 20
575607452.3365838
 10
829536249.3040856
 20
575607376.929287
  0
LWPOLYLINE
  5
2C97
330
1F
100
AcDbEntity
  8
yabella
100
AcDbPolyline
 90
        5
 70
     0
 43
0.0
 10
829536240.5699316
 20
575607375.4887614
 10
829536247.2434099
 20
575607326.5954807
 10
829536252.3279885
 20
575607326.5954807
 10
829536258.6837363
 20
575607375.4887614
 10
829536240.2521515
 20
575607375.4887614
  0
MTEXT
  5
2C98
330
1F
100
AcDbEntity
  8
0
100
AcDbMText
 10
829536334.6064997
 20
575607379.7027807
 30
0.0
 40
12.65409899450639
 41
286.9459030267825
 46
0.0
 71
     1
 72
     5
  1
uchwyt odciągowy \Pobustronne zakończenie odciągowe
 73
     1
 44
1.0
1001
ACAD
1000
MTEXTBEGIN
1070
    73
1070
     1
1070
    44
1040
1.0
1070
    74
1070
     0
1000
MTEXTEND
  0
LWPOLYLINE
  5
2C99
330
1F
100
AcDbEntity
  8
yabella
100
AcDbPolyline
 90
        3
 70
     0
 43
0.0
 10
829536249.9326255
 20
575607394.6003203
 10
829536330.9385875
 20
575607362.5984844
 10
829536477.2462425
 20
575607362.5984844
  0
LWPOLYLINE
  5
2C9A
330
1F
100
AcDbEntity
  8
yabella
100
AcDbPolyline
 90
        7
 70
     0
 43
0.0
 10
829536244.7976708
 20
575607562.8025175
 10
829536253.2689196
 20
575607569.5233983
 10
829536243.8010736
 20
575607550.8543141
 10
829536255.5113252
 20
575607558.3219478
 10
829536242.5553149
 20
575607539.4039634
 10
829536256.2587607
 20
575607544.8802124
 10
829536247.0400762
 20
575607534.425541
  0
LWPOLYLINE
  5
2C9B
330
1F
100
AcDbEntity
  8
yabella
100
AcDbPolyline
 90
        6
 70
     0
 43
0.0
 10
829536253.4033879
 20
575607336.7556466
 10
829536244.6944961
 20
575607346.4507696
 10
829536254.6475153
 20
575607347.1965583
 10
829536243.4503687
 20
575607359.377609
 10
829536256.6380894
 20
575607360.3719853
 10
829536241.2109296
 20
575607373.050237
  0
LWPOLYLINE
  5
2C9C
330
1F
100
AcDbEntity
  8
światł
100
AcDbPolyline
 90
        2
 70
     0
 43
0.0
 10
829536251.5848539
 20
575607843.7973487
 10
829536251.5848539
 20
575607568.1850804
  0
LWPOLYLINE
  5
2C9D
330
1F
100
AcDbEntity
  8
światł
100
AcDbPolyline
 90
        2
 70
     0
 43
0.0
 10
829536247.7120217
 20
575607355.2158587
 10
829536247.7120217
 20
575607087.1554245
  0
ARC
  5
2C9E
330
1F
100
AcDbEntity
  8
światł
100
AcDbCircle
 10
829536012.7190601
 20
575607456.7835548
 30
0.0
 40
258.4594614973374
100
AcDbArc
 50
335.8923237355315
 51
22.06879942109901
  0
MTEXT
  5
2C9F
330
1F
100
AcDbEntity
  8
0
100
AcDbMText
 10
829536374.9783494
 20
575607497.8241894
 30
0.0
 40
12.65409899450639
 41
286.9459030267825
 46
0.0
 71
     1
 72
     5
  1
śruba na taśmę stalową
 73
     1
 44
1.0
1001
ACAD
1000
MTEXTBEGIN
1070
    73
1070
     1
1070
    44
1040
1.0
1070
    74
1070
     0
1000
MTEXTEND
  0
LWPOLYLINE
  5
2CA0
330
1F
100
AcDbEntity
  8
yabella
100
AcDbPolyline
 90
        3
 70
     0
 43
0.0
 10
829536235.9054674
 20
575607457.1332369
 10
829536371.3104372
 20
575607480.719893
 10
829536554.2760805
 20
575607480.719893
  0
MTEXT
  5
2CA1
330
1F
100
AcDbEntity
  8
0
100
AcDbMText
 10
829535829.6843737
 20
575607686.3650195
 30
0.0
 40
12.65409899450639
 41
286.9459030267825
 46
0.0
 71
     1
 72
     5
  1
słup nN typ wirowany
 73
     1
 44
1.0
1001
ACAD
1000
MTEXTBEGIN
1070
    73
1070
     1
1070
    44
1040
1.0
1070
    74
1070
     0
1000
MTEXTEND
  0
LWPOLYLINE
  5
2CA2
330
1F
100
AcDbEntity
  8
yabella
100
AcDbPolyline
 90
        3
 70
     0
 43
0.0
 10
829536089.208185
 20
575607472.2014436
 10
829535826.0164615
 20
575607669.2607232
 10
829536037.2857361
 20
575607667.851519
  0
MTEXT
  5
2CA3
330
1F
100
AcDbEntity
  8
0
100
AcDbMText
 10
829536389.7358051
 20
575607690.6251786
 30
0.0
 40
12.65409899450639
 41
286.9459030267825
 46
0.0
 71
     1
 72
     5
  1
światłowód
 73
     1
 44
1.0
1001
ACAD
1000
MTEXTBEGIN
1070
    73
1070
     1
1070
    44
1040
1.0
1070
    74
1070
     0
1000
MTEXTEND
  0
LWPOLYLINE
  5
2CA4
330
1F
100
AcDbEntity
  8
yabella
100
AcDbPolyline
 90
        3
 70
     0
 43
0.0
 10
829536250.662923
 20
575607649.9342262
 10
829536386.0678929
 20
575607673.5208823
 10
829536479.4817343
 20
575607673.5208823
  0
CIRCLE
  5
2CA5
330
1F
100
AcDbEntity
  8
linia
  6
ByBlock
370
    25
100
AcDbCircle
 10
829536131.4357517
 20
575607454.0678447
 30
0.0
 40
86.5
  0
DIMENSION
  5
2CA6
330
1F
100
AcDbEntity
  8
0
100
AcDbDimension
280
     0
  2
*D5
 10
829534257.414498
 20
575609199.1776702
 30
0.0
 11
829534257.414498
 21
575609707.0415183
 31
0.0
 70
   160
  1
{\Q10;h=10,0 m}
 71
     5
 42
1000.035822868347
 73
     0
 74
     0
 75
     0
  3
Standard
100
AcDbAlignedDimension
 13
829534509.3169178
 23
575610199.213493
 33
0.0
 14
829534494.6982142
 24
575609199.1776702
 34
0.0
 50
90.0
100
AcDbRotatedDimension
  0
DIMENSION
  5
2CA7
330
1F
100
AcDbEntity
  8
0
100
AcDbDimension
280
     0
  2
*D6
 10
829534318.4925625
 20
575610062.0066804
 30
0.0
 11
829534318.4925624
 21
575610102.1957108
 31
0.0
 70
    32
  1
{\Q10;min. 1,5 m}
 71
     5
 42
80.37806034088134
 73
     0
 74
     0
 75
     0
  3
Standard
100
AcDbAlignedDimension
 13
829534371.3114597
 23
575610142.3847407
 33
0.0
 14
829534368.9341288
 24
575610062.0066804
 34
0.0
 50
90.0
100
AcDbRotatedDimension
  0
DIMENSION
  5
2CA8
330
1F
100
AcDbEntity
  8
0
100
AcDbDimension
280
     0
  2
*D7
 10
829534437.1524915
 20
575609737.0486169
 30
0.0
 11
829534437.1524913
 21
575609827.4320505
 31
0.0
 70
    32
  1
1,5m
 71
     5
 42
180.7668669223785
 73
     0
 74
     0
 75
     0
  3
Standard
100
AcDbAlignedDimension
 13
829534492.0496736
 23
575609917.8154838
 33
0.0
 14
829534489.1816554
 24
575609737.0486169
 34
0.0
 50
90.0
100
AcDbRotatedDimension
  0
DIMENSION
  5
2CA9
330
1F
100
AcDbEntity
  8
0
100
AcDbDimension
280
     0
  2
*D8
 10
829534717.648093
 20
575609281.674443
 30
0.0
 11
829534717.648093
 21
575609339.8623138
 31
0.0
 70
    32
  1
0,8m
 71
     5
 42
116.3757410049438
 73
     0
 74
     0
 75
     0
  3
Standard
100
AcDbAlignedDimension
 13
829534562.5849577
 23
575609398.0501841
 33
0.0
 14
829534562.5849577
 24
575609281.674443
 34
0.0
 50
90.0
100
AcDbRotatedDimension
  0
LWPOLYLINE
  5
2CAA
330
1F
100
AcDbEntity
  8
0
100
AcDbPolyline
 90
        3
 70
     0
 43
0.0
 10
829536405.020239
 20
575609968.9461814
 10
829536405.020239
 20
575609868.9461814
 10
829536555.020239
 20
575609868.9461814
  0
DIMENSION
  5
2CAB
330
1F
100
AcDbEntity
  8
0
100
AcDbDimension
280
     0
  2
*D9
 10
829534206.7293022
 20
575606883.734638
 30
0.0
 11
829534206.7293022
 21
575607383.7525497
 31
0.0
 70
    32
  1
h=10,0m
 71
     5
 42
1000.035822868347
 73
     0
 74
     0
 75
     0
  3
Standard
100
AcDbAlignedDimension
 13
829534509.3169178
 23
575607883.770461
 33
0.0
 14
829534494.6982142
 24
575606883.734638
 34
0.0
 50
90.0
100
AcDbRotatedDimension
  0
MTEXT
  5
2E7C
330
1F
100
AcDbEntity
  8
0
100
AcDbMText
 10
829534601.5963712
 20
575610275.2051067
 30
0.0
 40
18.0
 41
435.5174272056827
 46
0.0
 71
     5
 72
     5
  1
Sposób wprowadzenia światłowodu na słup nN typu żelbetowego
 11
0.9999969975879034
 21
0.0024504724398608
 31
0.0
 73
     1
 44
1.0
1001
ACAD
1000
MTEXTBEGIN
1070
    73
1070
     1
1070
    44
1040
1.0
1070
    74
1070
     0
1000
MTEXTEND
  0
INSERT
  5
6D80
330
1F
100
AcDbEntity
  8
!trafo
100
AcDbBlockReference
  2
q
 10
7517795.839999999
 20
5785908.24
 30
0.0
 50
29.92493896291453
  0
INSERT
  5
6D81
330
1F
100
AcDbEntity
  8
!trafo
100
AcDbBlockReference
  2
q
 10
7517835.519999998
 20
5785931.08
 30
0.0
 50
30.88846645713107
  0
INSERT
  5
6D82
330
1F
100
AcDbEntity
  8
!trafo
100
AcDbBlockReference
  2
q
 10
7517875.84
 20
5785955.2
 30
0.0
 50
30.06233403450517
  0
INSERT
  5
6D83
330
1F
100
AcDbEntity
  8
!trafo
100
AcDbBlockReference
  2
q
 10
7517965.87
 20
5785902.329999999
 30
0.0
 50
307.2101701616591
  0
INSERT
  5
6D84
330
1F
100
AcDbEntity
  8
!trafo
100
AcDbBlockReference
  2
q
 10
7517860.05
 20
5785788.940000001
 30
0.0
 50
30.43264053192205
  0
INSERT
  5
6D85
330
1F
100
AcDbEntity
  8
!trafo
100
AcDbBlockReference
  2
q
 10
7517903.440000001
 20
5785814.43
 30
0.0
 50
30.21588707788521
  0
INSERT
  5
6D86
330
1F
100
AcDbEntity
  8
!trafo
100
AcDbBlockReference
  2
q
 10
7517950.9
 20
5785842.070000001
 30
0.0
 50
31.35917088727148
  0
INSERT
  5
6D87
330
1F
100
AcDbEntity
  8
!trafo
100
AcDbBlockReference
  2
E
 10
7517988.441332991
 20
5785864.998724126
 30
0.0
  0
INSERT
  5
6D88
330
1F
100
AcDbEntity
  8
!trafo
100
AcDbBlockReference
  2
q
 10
7518033.38
 20
5785417.83
 30
0.0
 50
30.28937037355492
  0
INSERT
  5
6D89
330
1F
100
AcDbEntity
  8
!trafo
100
AcDbBlockReference
  2
q
 10
7518073.389999999
 20
5785441.2
 30
0.0
 50
30.57874416543142
  0
INSERT
  5
6D8A
330
1F
100
AcDbEntity
  8
!trafo
100
AcDbBlockReference
  2
q
 10
7518113.379999999
 20
5785464.830000001
 30
0.0
 50
30.48617555142711
  0
INSERT
  5
6D8B
330
1F
100
AcDbEntity
  8
!trafo
100
AcDbBlockReference
  2
q
 10
7518152.210000001
 20
5785487.69
 30
0.0
 50
32.70815435636991
  0
INSERT
  5
6D8C
330
1F
100
AcDbEntity
  8
!trafo
100
AcDbBlockReference
  2
q
 10
7518189.66
 20
5785511.74
 30
0.0
 50
30.85168247503686
  0
INSERT
  5
6D8E
330
1F
100
AcDbEntity
  8
!trafo
100
AcDbBlockReference
  2
R
 10
7517994.379671357
 20
5785394.91540766
 30
0.0
  0
INSERT
  5
6D8F
330
1F
100
AcDbEntity
  8
!trafo
100
AcDbBlockReference
  2
E
 10
7519543.32
 20
5784662.54
 30
0.0
  0
INSERT
  5
6D90
330
1F
100
AcDbEntity
  8
!trafo
100
AcDbBlockReference
  2
E
 10
7519538.575714284
 20
5784656.116666665
 30
0.0
  0
INSERT
  5
6D91
330
1F
100
AcDbEntity
  8
!trafo
100
AcDbBlockReference
  2
E
 10
7519465.141342879
 20
5784637.895219744
 30
0.0
  0
INSERT
  5
6D92
330
1F
100
AcDbEntity
  8
!trafo
100
AcDbBlockReference
  2
E
 10
7519525.002833989
 20
5784862.985080775
 30
0.0
  0
INSERT
  5
6D93
330
1F
100
AcDbEntity
  8
!trafo
100
AcDbBlockReference
  2
q
 10
7519513.208657122
 20
5784650.884780257
 30
0.0
  0
INSERT
  5
6D94
330
1F
100
AcDbEntity
  8
!trafo
100
AcDbBlockReference
  2
q
 10
7519538.844907001
 20
5784712.498604521
 30
0.0
 50
277.4526172739526
  0
INSERT
  5
6D95
330
1F
100
AcDbEntity
  8
!trafo
100
AcDbBlockReference
  2
q
 10
7519534.201012414
 20
5784763.154650796
 30
0.0
 50
277.4526172739526
  0
INSERT
  5
6D96
330
1F
100
AcDbEntity
  8
!trafo
100
AcDbBlockReference
  2
E
 10
7519743.161961794
 20
5784683.649591606
 30
0.0
  0
INSERT
  5
6D97
330
1F
100
AcDbEntity
  8
!trafo
100
AcDbBlockReference
  2
E
 10
7519738.073043338
 20
5784738.71895917
 30
0.0
  0
INSERT
  5
6D98
330
1F
100
AcDbEntity
  8
!trafo
100
AcDbBlockReference
  2
q
 10
7519792.492254127
 20
5784689.547427821
 30
0.0
  0
INSERT
  5
6D99
330
1F
100
AcDbEntity
  8
!trafo
100
AcDbBlockReference
  2
E
 10
7519883.183435824
 20
5784699.755461548
 30
0.0
  0
INSERT
  5
6D9A
330
1F
100
AcDbEntity
  8
!trafo
100
AcDbBlockReference
  2
E
 10
7519865.778807055
 20
5784880.817919671
 30
0.0
  0
INSERT
  5
6D9B
330
1F
100
AcDbEntity
  8
!trafo
100
AcDbBlockReference
  2
q
 10
7519881.009100595
 20
5784722.69617416
 30
0.0
 50
276.5266487724928
  0
INSERT
  5
6D9C
330
1F
100
AcDbEntity
  8
!trafo
100
AcDbBlockReference
  2
q
 10
7519877.24190211
 20
5784760.95610747
 30
0.0
 50
276.5266487724928
  0
INSERT
  5
6D9D
330
1F
100
AcDbEntity
  8
!trafo
100
AcDbBlockReference
  2
q
 10
7519873.261787457
 20
5784801.356451403
 30
0.0
 50
276.5266487724928
  0
INSERT
  5
6D9E
330
1F
100
AcDbEntity
  8
!trafo
100
AcDbBlockReference
  2
q
 10
7519869.631242817
 20
5784839.963050508
 30
0.0
 50
276.5266487724928
  0
INSERT
  5
6DA0
330
1F
100
AcDbEntity
  8
!trafo
100
AcDbBlockReference
  2
q
 10
7519978.17
 20
5784287.690000001
 30
0.0
 50
277.7979310678262
  0
INSERT
  5
6DA1
330
1F
100
AcDbEntity
  8
!trafo
100
AcDbBlockReference
  2
q
 10
7519981.91
 20
5784260.38
 30
0.0
 50
269.0992506262634
  0
INSERT
  5
6DA2
330
1F
100
AcDbEntity
  8
!trafo
100
AcDbBlockReference
  2
q
 10
7519929.379999999
 20
5784636.339999999
 30
0.0
 50
277.7922742417015
  0
INSERT
  5
6DA3
330
1F
100
AcDbEntity
  8
!trafo
100
AcDbBlockReference
  2
q
 10
7519933.509999999
 20
5784606.16
 30
0.0
 50
277.9879837515785
  0
INSERT
  5
6DA4
330
1F
100
AcDbEntity
  8
!trafo
100
AcDbBlockReference
  2
q
 10
7519937.630000001
 20
5784576.799999999
 30
0.0
 50
278.1088974015209
  0
INSERT
  5
6DA5
330
1F
100
AcDbEntity
  8
!trafo
100
AcDbBlockReference
  2
q
 10
7519943.019999999
 20
5784538.969999999
 30
0.0
 50
278.0436461916441
  0
INSERT
  5
6DA6
330
1F
100
AcDbEntity
  8
!trafo
100
AcDbBlockReference
  2
q
 10
7519947.61
 20
5784506.49
 30
0.0
 50
277.9548864493872
  0
INSERT
  5
6DA7
330
1F
100
AcDbEntity
  8
!trafo
100
AcDbBlockReference
  2
q
 10
7519953.690000001
 20
5784462.98
 30
0.0
 50
277.9282182433748
  0
INSERT
  5
6DA8
330
1F
100
AcDbEntity
  8
!trafo
100
AcDbBlockReference
  2
q
 10
7520239.759842649
 20
5784174.217700948
 30
0.0
 50
279.575717810822
  0
INSERT
  5
6DA9
330
1F
100
AcDbEntity
  8
!trafo
100
AcDbBlockReference
  2
q
 10
7520232.932281738
 20
5784209.919725549
 30
0.0
 50
278.3907275541432
  0
INSERT
  5
6DAA
330
1F
100
AcDbEntity
  8
!trafo
100
AcDbBlockReference
  2
q
 10
7520227.737812224
 20
5784251.508121104
 30
0.0
 50
278.9648386879677
  0
INSERT
  5
6DAB
330
1F
100
AcDbEntity
  8
!trafo
100
AcDbBlockReference
  2
q
 10
7520003.44
 20
5784078.49
 30
0.0
 50
13.32682879054853
  0
INSERT
  5
6DAC
330
1F
100
AcDbEntity
  8
!trafo
100
AcDbBlockReference
  2
q
 10
7520034.509999999
 20
5784085.85
 30
0.0
 50
13.27333623816613
  0
INSERT
  5
6DAD
330
1F
100
AcDbEntity
  8
!trafo
100
AcDbBlockReference
  2
q
 10
7520201.280000001
 20
5784120.650000001
 30
0.0
 50
11.54276396952421
  0
INSERT
  5
6DAE
330
1F
100
AcDbEntity
  8
!trafo
100
AcDbBlockReference
  2
q
 10
7520248.423
 20
5784130.278
 30
0.0
 50
9.767564042571974
  0
INSERT
  5
6DAF
330
1F
100
AcDbEntity
  8
!trafo
100
AcDbBlockReference
  2
q
 10
7520293.28
 20
5784138.0
 30
0.0
 50
9.839779301178818
  0
INSERT
  5
6DB0
330
1F
100
AcDbEntity
  8
!trafo
100
AcDbBlockReference
  2
q
 10
7520342.799999999
 20
5784146.588999999
 30
0.0
 50
9.316500473422077
  0
INSERT
  5
6DB1
330
1F
100
AcDbEntity
  8
!trafo
100
AcDbBlockReference
  2
q
 10
7520004.900000001
 20
5784026.129999999
 30
0.0
 50
277.8513759149524
  0
INSERT
  5
6DB2
330
1F
100
AcDbEntity
  8
!trafo
100
AcDbBlockReference
  2
q
 10
7520010.42
 20
5783986.099999999
 30
0.0
 50
277.5603200802947
  0
INSERT
  5
6DB3
330
1F
100
AcDbEntity
  8
!trafo
100
AcDbBlockReference
  2
q
 10
7520404.21653515
 20
5784052.226491829
 30
0.0
 50
278.7740605922441
  0
INSERT
  5
6DB4
330
1F
100
AcDbEntity
  8
!trafo
100
AcDbBlockReference
  2
q
 10
7520395.28451831
 20
5784112.516264745
 30
0.0
 50
278.2867325061161
  0
INSERT
  5
6DB5
330
1F
100
AcDbEntity
  8
!trafo
100
AcDbBlockReference
  2
q
 10
7520507.980000001
 20
5784174.240000001
 30
0.0
 50
9.536536826437357
  0
INSERT
  5
6DB6
330
1F
100
AcDbEntity
  8
!trafo
100
AcDbBlockReference
  2
q
 10
7520553.040000001
 20
5784181.809999999
 30
0.0
 50
9.953982381812966
  0
INSERT
  5
6DB7
330
1F
100
AcDbEntity
  8
!trafo
100
AcDbBlockReference
  2
q
 10
7520596.63
 20
5784189.46
 30
0.0
 50
10.09615821960103
  0
INSERT
  5
6DB8
330
1F
100
AcDbEntity
  8
!trafo
100
AcDbBlockReference
  2
q
 10
7520641.84
 20
5784197.51
 30
0.0
 50
9.803829690424745
  0
INSERT
  5
6DB9
330
1F
100
AcDbEntity
  8
!trafo
100
AcDbBlockReference
  2
q
 10
7520696.469999998
 20
5784206.95
 30
0.0
 50
4.003149829623858
  0
INSERT
  5
6DBA
330
1F
100
AcDbEntity
  8
!trafo
100
AcDbBlockReference
  2
q
 10
7520814.000999999
 20
5784182.147
 30
0.0
 50
339.6135373594361
  0
INSERT
  5
6DBB
330
1F
100
AcDbEntity
  8
!trafo
100
AcDbBlockReference
  2
q
 10
7520861.484
 20
5784164.501
 30
0.0
 50
339.1617974230357
  0
INSERT
  5
6DBC
330
1F
100
AcDbEntity
  8
!trafo
100
AcDbBlockReference
  2
q
 10
7521010.719999999
 20
5784109.08
 30
0.0
 50
339.6406918551546
  0
INSERT
  5
6DBD
330
1F
100
AcDbEntity
  8
!trafo
100
AcDbBlockReference
  2
q
 10
7521050.830720618
 20
5784094.195375011
 30
0.0
 50
339.3480326834633
  0
INSERT
  5
6DBE
330
1F
100
AcDbEntity
  8
!trafo
100
AcDbBlockReference
  2
q
 10
7521085.84
 20
5784080.999999999
 30
0.0
 50
340.117544214336
  0
INSERT
  5
6DBF
330
1F
100
AcDbEntity
  8
!trafo
100
AcDbBlockReference
  2
q
 10
7521125.63
 20
5784066.61
 30
0.0
 50
343.4263791093357
  0
INSERT
  5
6DC0
330
1F
100
AcDbEntity
  8
!trafo
100
AcDbBlockReference
  2
q
 10
7521158.341016399
 20
5784056.874818884
 30
0.0
 50
345.3058696470716
  0
INSERT
  5
6DC1
330
1F
100
AcDbEntity
  8
!trafo
100
AcDbBlockReference
  2
q
 10
7521199.62
 20
5784046.05
 30
0.0
 50
348.3454057045845
  0
INSERT
  5
6DC2
330
1F
100
AcDbEntity
  8
!trafo
100
AcDbBlockReference
  2
q
 10
7521249.75
 20
5784035.71
 30
0.0
 50
348.9224249387098
  0
INSERT
  5
6DC3
330
1F
100
AcDbEntity
  8
!trafo
100
AcDbBlockReference
  2
q
 10
7521295.309999999
 20
5784026.79
 30
0.0
 50
347.5370242575339
  0
INSERT
  5
6DC4
330
1F
100
AcDbEntity
  8
!trafo
100
AcDbBlockReference
  2
q
 10
7521493.258
 20
5783988.914
 30
0.0
 50
2.633667118540202
  0
INSERT
  5
6DC5
330
1F
100
AcDbEntity
  8
!trafo
100
AcDbBlockReference
  2
q
 10
7521543.389999999
 20
5783991.22
 30
0.0
 50
2.630316202081207
  0
INSERT
  5
6DC6
330
1F
100
AcDbEntity
  8
!trafo
100
AcDbBlockReference
  2
q
 10
7521593.019999999
 20
5783993.5
 30
0.0
 50
2.440599866732582
  0
INSERT
  5
6DC7
330
1F
100
AcDbEntity
  8
!trafo
100
AcDbBlockReference
  2
q
 10
7521642.29
 20
5783995.599999999
 30
0.0
 50
2.383939665861259
  0
INSERT
  5
6DC8
330
1F
100
AcDbEntity
  8
!trafo
100
AcDbBlockReference
  2
q
 10
7521689.849999999
 20
5783997.58
 30
0.0
 50
2.964594364811366
  0
INSERT
  5
6DC9
330
1F
100
AcDbEntity
  8
!trafo
100
AcDbBlockReference
  2
q
 10
7521741.019999999
 20
5784000.23
 30
0.0
 50
359.1387825663744
  0
INSERT
  5
6DCA
330
1F
100
AcDbEntity
  8
!trafo
100
AcDbBlockReference
  2
q
 10
7521782.929999999
 20
5783999.599999999
 30
0.0
 50
358.8684068971093
  0
INSERT
  5
6DCB
330
1F
100
AcDbEntity
  8
!trafo
100
AcDbBlockReference
  2
q
 10
7521833.05
 20
5783998.610000001
 30
0.0
 50
358.7669180259439
  0
INSERT
  5
6DCC
330
1F
100
AcDbEntity
  8
!trafo
100
AcDbBlockReference
  2
E
 10
7519981.36854112
 20
5784226.690222035
 30
0.0
  0
INSERT
  5
6DCD
330
1F
100
AcDbEntity
  8
!trafo
100
AcDbBlockReference
  2
E
 10
7519972.081851221
 20
5784332.088143012
 30
0.0
  0
INSERT
  5
6DCE
330
1F
100
AcDbEntity
  8
!trafo
100
AcDbBlockReference
  2
R
 10
7519925.208414657
 20
5784666.915090624
 30
0.0
 50
104.2645122976869
  0
INSERT
  5
6DCF
330
1F
100
AcDbEntity
  8
!trafo
100
AcDbBlockReference
  2
E
 10
7519987.919178736
 20
5784074.789859838
 30
0.0
  0
INSERT
  5
6DD0
330
1F
100
AcDbEntity
  8
!trafo
100
AcDbBlockReference
  2
E
 10
7519999.501674393
 20
5784065.056763911
 30
0.0
  0
INSERT
  5
6DD1
330
1F
100
AcDbEntity
  8
!trafo
100
AcDbBlockReference
  2
R
 10
7520015.664967795
 20
5783946.91941441
 30
0.0
 50
99.58294472639828
  0
INSERT
  5
6DD2
330
1F
100
AcDbEntity
  8
!trafo
100
AcDbBlockReference
  2
R
 10
7520077.468276404
 20
5784095.990605139
 30
0.0
 50
17.47477425086003
  0
INSERT
  5
6DD3
330
1F
100
AcDbEntity
  8
!trafo
100
AcDbBlockReference
  2
E
 10
7520102.821323649
 20
5784101.774238905
 30
0.0
  0
INSERT
  5
6DD4
330
1F
100
AcDbEntity
  8
!trafo
100
AcDbBlockReference
  2
R
 10
7520155.326383642
 20
5784111.761562103
 30
0.0
 50
17.47477425086003
  0
INSERT
  5
6DD5
330
1F
100
AcDbEntity
  8
!trafo
100
AcDbBlockReference
  2
E
 10
7520221.324328275
 20
5784289.635064687
 30
0.0
  0
INSERT
  5
6DD6
330
1F
100
AcDbEntity
  8
!trafo
100
AcDbBlockReference
  2
E
 10
7520245.209413283
 20
5784137.452951644
 30
0.0
  0
INSERT
  5
6DD7
330
1F
100
AcDbEntity
  8
!trafo
100
AcDbBlockReference
  2
R
 10
7520389.367685539
 20
5784154.526624827
 30
0.0
  0
INSERT
  5
6DD8
330
1F
100
AcDbEntity
  8
!trafo
100
AcDbBlockReference
  2
E
 10
7520413.395354067
 20
5783994.149330405
 30
0.0
  0
INSERT
  5
6DD9
330
1F
100
AcDbEntity
  8
!trafo
100
AcDbBlockReference
  2
R
 10
7520463.362707127
 20
5784166.748757377
 30
0.0
  0
INSERT
  5
6DDA
330
1F
100
AcDbEntity
  8
!trafo
100
AcDbBlockReference
  2
R
 10
7520736.512535048
 20
5784210.167299341
 30
0.0
  0
INSERT
  5
6DDB
330
1F
100
AcDbEntity
  8
!trafo
100
AcDbBlockReference
  2
E
 10
7520766.098537931
 20
5784199.822704439
 30
0.0
  0
INSERT
  5
6DDC
330
1F
100
AcDbEntity
  8
!trafo
100
AcDbBlockReference
  2
E
 10
7520912.155851984
 20
5784145.286254786
 30
0.0
  0
INSERT
  5
6DDD
330
1F
100
AcDbEntity
  8
!trafo
100
AcDbBlockReference
  2
E
 10
7520957.58786037
 20
5784128.485916761
 30
0.0
  0
INSERT
  5
6DDE
330
1F
100
AcDbEntity
  8
!trafo
100
AcDbBlockReference
  2
R
 10
7521343.023094077
 20
5784016.285476234
 30
0.0
  0
INSERT
  5
6DDF
330
1F
100
AcDbEntity
  8
!trafo
100
AcDbBlockReference
  2
R
 10
7521383.279524359
 20
5784008.615730814
 30
0.0
  0
INSERT
  5
6DE0
330
1F
100
AcDbEntity
  8
!trafo
100
AcDbBlockReference
  2
E
 10
7521445.509552211
 20
5783996.907195016
 30
0.0
  0
INSERT
  5
6DE1
330
1F
100
AcDbEntity
  8
!trafo
100
AcDbBlockReference
  2
R
 10
7521877.984803204
 20
5783997.641637378
 30
0.0
  0
INSERT
  5
6DE2
330
1F
100
AcDbEntity
  8
!trafo
100
AcDbBlockReference
  2
q
 10
7520439.170000001
 20
5783478.0
 30
0.0
 50
279.9805873972962
  0
INSERT
  5
6DE3
330
1F
100
AcDbEntity
  8
!trafo
100
AcDbBlockReference
  2
q
 10
7520445.469999999
 20
5783442.2
 30
0.0
 50
279.8439982612754
  0
INSERT
  5
6DE4
330
1F
100
AcDbEntity
  8
!trafo
100
AcDbBlockReference
  2
q
 10
7520450.280000001
 20
5783414.480000001
 30
0.0
 50
289.5272714880155
  0
INSERT
  5
6DE5
330
1F
100
AcDbEntity
  8
!trafo
100
AcDbBlockReference
  2
q
 10
7520463.309999999
 20
5783377.74
 30
0.0
 50
291.0883859088929
  0
INSERT
  5
6DE6
330
1F
100
AcDbEntity
  8
!trafo
100
AcDbBlockReference
  2
q
 10
7520475.82
 20
5783345.299999999
 30
0.0
 50
291.4301933858524
  0
INSERT
  5
6DE7
330
1F
100
AcDbEntity
  8
!trafo
100
AcDbBlockReference
  2
q
 10
7520488.91
 20
5783311.95
 30
0.0
 50
290.7766657067337
  0
INSERT
  5
6DE8
330
1F
100
AcDbEntity
  8
!trafo
100
AcDbBlockReference
  2
q
 10
7520502.28
 20
5783276.709999999
 30
0.0
 50
290.4400050712729
  0
INSERT
  5
6DE9
330
1F
100
AcDbEntity
  8
!trafo
100
AcDbBlockReference
  2
q
 10
7520534.75
 20
5783250.370000001
 30
0.0
 50
39.80557109132052
  0
INSERT
  5
6DEA
330
1F
100
AcDbEntity
  8
!trafo
100
AcDbBlockReference
  2
q
 10
7520562.530000001
 20
5783273.52
 30
0.0
 50
31.60601535814483
  0
INSERT
  5
6DEB
330
1F
100
AcDbEntity
  8
!trafo
100
AcDbBlockReference
  2
q
 10
7520584.030000001
 20
5783286.75
 30
0.0
 50
28.31733920438455
  0
INSERT
  5
6DEC
330
1F
100
AcDbEntity
  8
!trafo
100
AcDbBlockReference
  2
q
 10
7520602.570000001
 20
5783296.74
 30
0.0
 50
29.09271489606021
  0
INSERT
  5
6DED
330
1F
100
AcDbEntity
  8
!trafo
100
AcDbBlockReference
  2
q
 10
7520465.989999999
 20
5783772.429999999
 30
0.0
 50
290.7681684291777
  0
INSERT
  5
6DEE
330
1F
100
AcDbEntity
  8
!trafo
100
AcDbBlockReference
  2
q
 10
7520482.019999999
 20
5783730.16
 30
0.0
 50
291.1344804828882
  0
INSERT
  5
6DEF
330
1F
100
AcDbEntity
  8
!trafo
100
AcDbBlockReference
  2
q
 10
7520495.480000001
 20
5783695.34
 30
0.0
 50
290.8622540905838
  0
INSERT
  5
6DF0
330
1F
100
AcDbEntity
  8
!trafo
100
AcDbBlockReference
  2
q
 10
7520512.950000001
 20
5783649.5
 30
0.0
 50
291.1892684266803
  0
INSERT
  5
6DF1
330
1F
100
AcDbEntity
  8
!trafo
100
AcDbBlockReference
  2
q
 10
7520529.41
 20
5783607.04
 30
0.0
 50
290.2083235502487
  0
INSERT
  5
6DF2
330
1F
100
AcDbEntity
  8
!trafo
100
AcDbBlockReference
  2
q
 10
7520560.07
 20
5783526.190000001
 30
0.0
 50
291.1951858851986
  0
INSERT
  5
6DF3
330
1F
100
AcDbEntity
  8
!trafo
100
AcDbBlockReference
  2
q
 10
7520574.03
 20
5783490.190000001
 30
0.0
 50
291.1033379487784
  0
INSERT
  5
6DF4
330
1F
100
AcDbEntity
  8
!trafo
100
AcDbBlockReference
  2
q
 10
7520583.03
 20
5783466.87
 30
0.0
 50
291.1462628820176
  0
INSERT
  5
6DF5
330
1F
100
AcDbEntity
  8
!trafo
100
AcDbBlockReference
  2
q
 10
7520593.809999999
 20
5783439.0
 30
0.0
 50
291.583969245967
  0
INSERT
  5
6DF6
330
1F
100
AcDbEntity
  8
!trafo
100
AcDbBlockReference
  2
q
 10
7520599.21
 20
5783425.349999999
 30
0.0
 50
291.2351552889992
  0
INSERT
  5
6DF7
330
1F
100
AcDbEntity
  8
!trafo
100
AcDbBlockReference
  2
q
 10
7520609.009999999
 20
5783400.13
 30
0.0
 50
291.1247191486811
  0
INSERT
  5
6DF8
330
1F
100
AcDbEntity
  8
!trafo
100
AcDbBlockReference
  2
q
 10
7520618.699999999
 20
5783375.05
 30
0.0
 50
291.5843673518808
  0
INSERT
  5
6DF9
330
1F
100
AcDbEntity
  8
!trafo
100
AcDbBlockReference
  2
q
 10
7520629.519999999
 20
5783347.7
 30
0.0
 50
291.4606902588659
  0
INSERT
  5
6DFA
330
1F
100
AcDbEntity
  8
!trafo
100
AcDbBlockReference
  2
E
 10
7520657.180380952
 20
5783278.059357142
 30
0.0
  0
INSERT
  5
6DFB
330
1F
100
AcDbEntity
  8
!trafo
100
AcDbBlockReference
  2
E
 10
7520515.756296698
 20
5783241.216780568
 30
0.0
  0
INSERT
  5
6DFC
330
1F
100
AcDbEntity
  8
!trafo
100
AcDbBlockReference
  2
E
 10
7520642.486782092
 20
5783314.47844533
 30
0.0
  0
INSERT
  5
6DFD
330
1F
100
AcDbEntity
  8
!trafo
100
AcDbBlockReference
  2
E
 10
7520627.947015078
 20
5783311.195272132
 30
0.0
  0
INSERT
  5
6DFE
330
1F
100
AcDbEntity
  8
!trafo
100
AcDbBlockReference
  2
q
 10
7520265.440000001
 20
5783438.91
 30
0.0
 50
292.5033515912915
  0
INSERT
  5
6DFF
330
1F
100
AcDbEntity
  8
!trafo
100
AcDbBlockReference
  2
q
 10
7520281.8
 20
5783399.420000001
 30
0.0
 50
292.2855876469444
  0
INSERT
  5
6E00
330
1F
100
AcDbEntity
  8
!trafo
100
AcDbBlockReference
  2
q
 10
7520298.3
 20
5783359.159999999
 30
0.0
 50
292.0207058990633
  0
INSERT
  5
6E01
330
1F
100
AcDbEntity
  8
!trafo
100
AcDbBlockReference
  2
q
 10
7520314.49
 20
5783319.129999999
 30
0.0
 50
292.1370684718812
  0
INSERT
  5
6E02
330
1F
100
AcDbEntity
  8
!trafo
100
AcDbBlockReference
  2
q
 10
7520331.69
 20
5783276.85
 30
0.0
 50
292.6788291011555
  0
INSERT
  5
6E03
330
1F
100
AcDbEntity
  8
!trafo
100
AcDbBlockReference
  2
q
 10
7520503.940000001
 20
5783496.02
 30
0.0
 50
291.4987835001409
  0
INSERT
  5
6E04
330
1F
100
AcDbEntity
  8
!trafo
100
AcDbBlockReference
  2
q
 10
7520517.34
 20
5783462.0
 30
0.0
 50
291.302376248196
  0
INSERT
  5
6E05
330
1F
100
AcDbEntity
  8
!trafo
100
AcDbBlockReference
  2
q
 10
7520530.429999999
 20
5783428.429999999
 30
0.0
 50
291.3932052905785
  0
INSERT
  5
6E06
330
1F
100
AcDbEntity
  8
!trafo
100
AcDbBlockReference
  2
E
 10
7520543.391858618
 20
5783395.668670258
 30
0.0
  0
INSERT
  5
6E07
330
1F
100
AcDbEntity
  8
!trafo
100
AcDbBlockReference
  2
E
 10
7520548.10017581
 20
5783557.105479409
 30
0.0
  0
INSERT
  5
6E08
330
1F
100
AcDbEntity
  8
!trafo
100
AcDbBlockReference
  2
E
 10
7520548.64981418
 20
5783555.502367496
 30
0.0
  0
INSERT
  5
6E09
330
1F
100
AcDbEntity
  8
!trafo
100
AcDbBlockReference
  2
E
 10
7520451.443099595
 20
5783811.262339273
 30
0.0
  0
INSERT
  5
6E0A
330
1F
100
AcDbEntity
  8
!trafo
100
AcDbBlockReference
  2
E
 10
7520259.594413227
 20
5783445.57590915
 30
0.0
  0
INSERT
  5
6E0B
330
1F
100
AcDbEntity
  8
!trafo
100
AcDbBlockReference
  2
E
 10
7520307.515550578
 20
5783473.959234576
 30
0.0
  0
INSERT
  5
6E0C
330
1F
100
AcDbEntity
  8
!trafo
100
AcDbBlockReference
  2
E
 10
7520452.526275306
 20
5783524.718704468
 30
0.0
  0
INSERT
  5
6E0D
330
1F
100
AcDbEntity
  8
!trafo
100
AcDbBlockReference
  2
E
 10
7520477.32595856
 20
5783532.985265553
 30
0.0
  0
INSERT
  5
6E0E
330
1F
100
AcDbEntity
  8
!trafo
100
AcDbBlockReference
  2
E
 10
7520355.075758734
 20
5783491.810481161
 30
0.0
  0
INSERT
  5
6E0F
330
1F
100
AcDbEntity
  8
!trafo
100
AcDbBlockReference
  2
E
 10
7520397.672732407
 20
5783506.765225145
 30
0.0
  0
INSERT
  5
6E10
330
1F
100
AcDbEntity
  8
!trafo
100
AcDbBlockReference
  2
E
 10
7520432.271551735
 20
5783534.917427636
 30
0.0
  0
INSERT
  5
6E11
330
1F
100
AcDbEntity
  8
!trafo
100
AcDbBlockReference
  2
E
 10
7520481.98817443
 20
5783551.333293619
 30
0.0
  0
INSERT
  5
6E12
330
1F
100
AcDbEntity
  8
!trafo
100
AcDbBlockReference
  2
E
 10
7520490.386122404
 20
5783530.68328714
 30
0.0
 50
267.2550441036591
  0
INSERT
  5
6E13
330
1F
100
AcDbEntity
  8
!trafo
100
AcDbBlockReference
  2
E
 10
7520432.569272518
 20
5783518.223444639
 30
0.0
  0
INSERT
  5
6E14
330
1F
100
AcDbEntity
  8
!trafo
100
AcDbBlockReference
  2
E
 10
7520414.711265381
 20
5783578.44292373
 30
0.0
  0
INSERT
  5
6E15
330
1F
100
AcDbEntity
  8
!trafo
100
AcDbBlockReference
  2
E
 10
7520445.104042318
 20
5783644.66543356
 30
0.0
  0
INSERT
  5
6E16
330
1F
100
AcDbEntity
  8
!trafo
100
AcDbBlockReference
  2
q
 10
7520464.484716539
 20
5783595.781504959
 30
0.0
 50
294.7024302292737
  0
INSERT
  5
6E17
330
1F
100
AcDbEntity
  8
!trafo
100
AcDbBlockReference
  2
E
 10
7520521.213849552
 20
5783547.945597526
 30
0.0
  0
INSERT
  5
6E18
330
1F
100
AcDbEntity
  8
!trafo
100
AcDbBlockReference
  2
q
 10
7520408.019999998
 20
5782957.06
 30
0.0
 50
63.51485920099826
  0
INSERT
  5
6E19
330
1F
100
AcDbEntity
  8
!trafo
100
AcDbBlockReference
  2
q
 10
7520423.749999999
 20
5782988.63
 30
0.0
 50
63.3171624710912
  0
INSERT
  5
6E1A
330
1F
100
AcDbEntity
  8
!trafo
100
AcDbBlockReference
  2
q
 10
7520439.38
 20
5783019.730000001
 30
0.0
 50
63.06231003426177
  0
INSERT
  5
6E1B
330
1F
100
AcDbEntity
  8
!trafo
100
AcDbBlockReference
  2
q
 10
7520455.89
 20
5783052.22
 30
0.0
 50
64.15790651031717
  0
INSERT
  5
6E1C
330
1F
100
AcDbEntity
  8
!trafo
100
AcDbBlockReference
  2
q
 10
7520472.730000001
 20
5783086.99
 30
0.0
 50
62.11842429232313
  0
INSERT
  5
6E1D
330
1F
100
AcDbEntity
  8
!trafo
100
AcDbBlockReference
  2
q
 10
7520490.480000001
 20
5783120.539999999
 30
0.0
 50
56.51285329906738
  0
INSERT
  5
6E1E
330
1F
100
AcDbEntity
  8
!trafo
100
AcDbBlockReference
  2
E
 10
7520374.740000001
 20
5782891.12
 30
0.0
  0
INSERT
  5
6E1F
330
1F
100
AcDbEntity
  8
!trafo
100
AcDbBlockReference
  2
E
 10
7520392.179999999
 20
5782925.83
 30
0.0
  0
INSERT
  5
6E20
330
1F
100
AcDbEntity
  8
!trafo
100
AcDbBlockReference
  2
E
 10
7520511.219999999
 20
5783151.89
 30
0.0
  0
INSERT
  5
6E21
330
1F
100
AcDbEntity
  8
!trafo
100
AcDbBlockReference
  2
q
 10
7520550.13
 20
5783106.06
 30
0.0
 50
291.4805040469447
  0
INSERT
  5
6E22
330
1F
100
AcDbEntity
  8
!trafo
100
AcDbBlockReference
  2
q
 10
7520569.856560909
 20
5783036.406635618
 30
0.0
 50
288.8152896428266
  0
INSERT
  5
6E23
330
1F
100
AcDbEntity
  8
!trafo
100
AcDbBlockReference
  2
q
 10
7520586.66
 20
5782987.09
 30
0.0
 50
291.9113586087262
  0
INSERT
  5
6E24
330
1F
100
AcDbEntity
  8
!trafo
100
AcDbBlockReference
  2
R
 10
7520533.654316359
 20
5783147.666255253
 30
0.0
 50
295.7007346436025
  0
INSERT
  5
6E25
330
1F
100
AcDbEntity
  8
!trafo
100
AcDbBlockReference
  2
E
 10
7520602.868110533
 20
5782946.636525367
 30
0.0
  0
INSERT
  5
6E26
330
1F
100
AcDbEntity
  8
!trafo
100
AcDbBlockReference
  2
R
 10
7520567.619933234
 20
5783062.09727712
 30
0.0
  0
INSERT
  5
6E28
330
1F
100
AcDbEntity
  8
!trafo
100
AcDbBlockReference
  2
q
 10
7520619.250000001
 20
5783247.69
 30
0.0
 50
33.19508592154127
  0
INSERT
  5
6E29
330
1F
100
AcDbEntity
  8
!trafo
100
AcDbBlockReference
  2
q
 10
7520696.619999999
 20
5783298.799999999
 30
0.0
 50
33.51493195823407
  0
INSERT
  5
6E2A
330
1F
100
AcDbEntity
  8
!trafo
100
AcDbBlockReference
  2
q
 10
7520756.78
 20
5783338.96
 30
0.0
 50
33.93934595531539
  0
INSERT
  5
6E2B
330
1F
100
AcDbEntity
  8
!trafo
100
AcDbBlockReference
  2
q
 10
7520794.33
 20
5783364.23
 30
0.0
 50
31.26941628196922
  0
INSERT
  5
6E2C
330
1F
100
AcDbEntity
  8
!trafo
100
AcDbBlockReference
  2
q
 10
7520831.15
 20
5783386.59
 30
0.0
 50
33.74182521729867
  0
INSERT
  5
6E2D
330
1F
100
AcDbEntity
  8
!trafo
100
AcDbBlockReference
  2
q
 10
7520864.340000001
 20
5783408.759999999
 30
0.0
 50
33.13154250787294
  0
INSERT
  5
6E2E
330
1F
100
AcDbEntity
  8
!trafo
100
AcDbBlockReference
  2
q
 10
7520904.129999999
 20
5783434.73
 30
0.0
 50
33.97677698273907
  0
INSERT
  5
6E2F
330
1F
100
AcDbEntity
  8
!trafo
100
AcDbBlockReference
  2
q
 10
7520940.9
 20
5783459.51
 30
0.0
 50
32.8708455860429
  0
INSERT
  5
6E30
330
1F
100
AcDbEntity
  8
!trafo
100
AcDbBlockReference
  2
q
 10
7520978.21
 20
5783483.620000001
 30
0.0
 50
34.15969454528687
  0
INSERT
  5
6E31
330
1F
100
AcDbEntity
  8
!trafo
100
AcDbBlockReference
  2
q
 10
7521015.73
 20
5783509.079999999
 30
0.0
 50
33.11511663600921
  0
INSERT
  5
6E32
330
1F
100
AcDbEntity
  8
!trafo
100
AcDbBlockReference
  2
E
 10
7520577.7
 20
5783220.1
 30
0.0
  0
INSERT
  5
6E33
330
1F
100
AcDbEntity
  8
!trafo
100
AcDbBlockReference
  2
E
 10
7520661.992999999
 20
5783275.655000001
 30
0.0
  0
INSERT
  5
6E34
330
1F
100
AcDbEntity
  8
!trafo
100
AcDbBlockReference
  2
E
 10
7520726.879999999
 20
5783318.84
 30
0.0
  0
INSERT
  5
6E35
330
1F
100
AcDbEntity
  8
!trafo
100
AcDbBlockReference
  2
E
 10
7521044.599999998
 20
5783536.259999999
 30
0.0
  0
INSERT
  5
6E36
330
1F
100
AcDbEntity
  8
!trafo
100
AcDbBlockReference
  2
E
 10
7520991.445715274
 20
5783679.416078822
 30
0.0
  0
INSERT
  5
6E37
330
1F
100
AcDbEntity
  8
!trafo
100
AcDbBlockReference
  2
E
 10
7521006.544971282
 20
5783638.36503001
 30
0.0
  0
INSERT
  5
6E38
330
1F
100
AcDbEntity
  8
!trafo
100
AcDbBlockReference
  2
E
 10
7521021.726958255
 20
5783597.622254965
 30
0.0
  0
INSERT
  5
6E39
330
1F
100
AcDbEntity
  8
!trafo
100
AcDbBlockReference
  2
E
 10
7521035.347116042
 20
5783560.945956494
 30
0.0
  0
INSERT
  5
6E3A
330
1F
100
AcDbEntity
  8
!trafo
100
AcDbBlockReference
  2
R
 10
7521087.788701106
 20
5783556.242285595
 30
0.0
 50
34.87532833978268
  0
INSERT
  5
6E3B
330
1F
100
AcDbEntity
  8
!trafo
100
AcDbBlockReference
  2
R
 10
7521166.624561176
 20
5783604.81621342
 30
0.0
 50
34.87532833978268
  0
INSERT
  5
6E3C
330
1F
100
AcDbEntity
  8
!trafo
100
AcDbBlockReference
  2
q
 10
7521087.0
 20
5783555.71
 30
0.0
 50
31.6277947120245
  0
INSERT
  5
6E3D
330
1F
100
AcDbEntity
  8
!trafo
100
AcDbBlockReference
  2
q
 10
7521206.139999999
 20
5783627.019999999
 30
0.0
 50
29.28801793938791
  0
INSERT
  5
6E3E
330
1F
100
AcDbEntity
  8
!trafo
100
AcDbBlockReference
  2
q
 10
7521250.639999999
 20
5783651.980000001
 30
0.0
 50
28.14280284892222
  0
INSERT
  5
6E3F
330
1F
100
AcDbEntity
  8
!trafo
100
AcDbBlockReference
  2
q
 10
7521330.679999998
 20
5783695.269999999
 30
0.0
 50
29.0072731776666
  0
INSERT
  5
6E40
330
1F
100
AcDbEntity
  8
!trafo
100
AcDbBlockReference
  2
q
 10
7521369.651999999
 20
5783716.878999999
 30
0.0
 50
33.40026603038658
  0
INSERT
  5
6E41
330
1F
100
AcDbEntity
  8
!trafo
100
AcDbBlockReference
  2
q
 10
7521477.506049644
 20
5783775.727122713
 30
0.0
 50
28.3284593776007
  0
INSERT
  5
6E42
330
1F
100
AcDbEntity
  8
!trafo
100
AcDbBlockReference
  2
R
 10
7521292.880857089
 20
5783674.384771845
 30
0.0
 50
28.71507751700516
  0
INSERT
  5
6E43
330
1F
100
AcDbEntity
  8
!trafo
100
AcDbBlockReference
  2
E
 10
7521411.280259633
 20
5783744.093919681
 30
0.0
  0
INSERT
  5
6E44
330
1F
100
AcDbEntity
  8
!trafo
100
AcDbBlockReference
  2
R
 10
7521446.406734654
 20
5783758.532792846
 30
0.0
 50
24.81419698682113
  0
INSERT
  5
6E48
330
1F
100
AcDbEntity
  8
!trafo
100
AcDbBlockReference
  2
R
 10
7521512.135726186
 20
5783768.862940742
 30
0.0
  0
INSERT
  5
6E49
330
1F
100
AcDbEntity
  8
!trafo
100
AcDbBlockReference
  2
R
 10
7521504.953392178
 20
5783790.453737488
 30
0.0
  0
INSERT
  5
6E4A
330
1F
100
AcDbEntity
  8
!trafo
100
AcDbBlockReference
  2
R
 10
7521559.083665561
 20
5783770.054157114
 30
0.0
  0
INSERT
  5
6E4B
330
1F
100
AcDbEntity
  8
!trafo
100
AcDbBlockReference
  2
q
 10
7521608.20683391
 20
5783772.968668328
 30
0.0
  0
INSERT
  5
6E4C
330
1F
100
AcDbEntity
  8
!trafo
100
AcDbBlockReference
  2
q
 10
7521656.424820153
 20
5783774.851841267
 30
0.0
  0
INSERT
  5
6E4D
330
1F
100
AcDbEntity
  8
!trafo
100
AcDbBlockReference
  2
R
 10
7521755.53227053
 20
5783779.362697384
 30
0.0
  0
INSERT
  5
6E4E
330
1F
100
AcDbEntity
  8
!trafo
100
AcDbBlockReference
  2
q
 10
7521771.745075714
 20
5783759.716386185
 30
0.0
  0
INSERT
  5
6E4F
330
1F
100
AcDbEntity
  8
!trafo
100
AcDbBlockReference
  2
q
 10
7521512.667251747
 20
5783743.613768518
 30
0.0
  0
INSERT
  5
6E50
330
1F
100
AcDbEntity
  8
!trafo
100
AcDbBlockReference
  2
q
 10
7521039.01581757
 20
5782556.790198979
 30
0.0
 50
281.416811293736
  0
INSERT
  5
6E51
330
1F
100
AcDbEntity
  8
!trafo
100
AcDbBlockReference
  2
q
 10
7521032.21409272
 20
5782595.906660962
 30
0.0
 50
281.9318928752096
  0
INSERT
  5
6E52
330
1F
100
AcDbEntity
  8
!trafo
100
AcDbBlockReference
  2
q
 10
7521016.675176354
 20
5782669.81086971
 30
0.0
 50
281.9158234702412
  0
INSERT
  5
6E53
330
1F
100
AcDbEntity
  8
!trafo
100
AcDbBlockReference
  2
q
 10
7521008.815624313
 20
5782706.904950519
 30
0.0
 50
281.6893691759379
  0
INSERT
  5
6E54
330
1F
100
AcDbEntity
  8
!trafo
100
AcDbBlockReference
  2
R
 10
7520983.055716093
 20
5782530.767718525
 30
0.0
 50
13.87752980388615
  0
INSERT
  5
6E55
330
1F
100
AcDbEntity
  8
!trafo
100
AcDbBlockReference
  2
E
 10
7521029.908449935
 20
5782544.598611109
 30
0.0
  0
INSERT
  5
6E62
330
1F
100
AcDbEntity
  8
!trafo
100
AcDbBlockReference
  2
R
 10
7521001.508910943
 20
5782742.374815878
 30
0.0000000000000006
 50
5.034893957104538
  0
INSERT
  5
6E63
330
1F
100
AcDbEntity
  8
!trafo
100
AcDbBlockReference
  2
R
 10
7520988.525549092
 20
5782744.987551809
 30
0.0000000000000006
 50
21.59196529528661
  0
INSERT
  5
6E64
330
1F
100
AcDbEntity
  8
!trafo
100
AcDbBlockReference
  2
E
 10
7520927.876022807
 20
5782735.271139446
 30
0.0000000000000006
 50
5.034893957104538
  0
INSERT
  5
6E65
330
1F
100
AcDbEntity
  8
!trafo
100
AcDbBlockReference
  2
E
 10
7520971.278038581
 20
5782746.70989644
 30
0.0000000000000006
 50
5.034893957104538
  0
INSERT
  5
6E66
330
1F
100
AcDbEntity
  8
!trafo
100
AcDbBlockReference
  2
q
 10
7521026.103860769
 20
5782754.415557385
 30
0.0000000000000006
 50
12.24485581439332
  0
INSERT
  5
6E67
330
1F
100
AcDbEntity
  8
!trafo
100
AcDbBlockReference
  2
R
 10
7521094.752970701
 20
5782772.90202559
 30
0.0000000000000006
 50
22.65719116893379
  0
INSERT
  5
6E68
330
1F
100
AcDbEntity
  8
!trafo
100
AcDbBlockReference
  2
R
 10
7521178.268855432
 20
5782799.466643465
 30
0.0000000000000006
 50
27.08080742261977
  0
INSERT
  5
6E69
330
1F
100
AcDbEntity
  8
!trafo
100
AcDbBlockReference
  2
E
 10
7521487.587984692
 20
5782988.409731841
 30
0.0000000000000005
 50
5.034893957104538
  0
INSERT
  5
6E6A
330
1F
100
AcDbEntity
  8
!trafo
100
AcDbBlockReference
  2
E
 10
7521534.494285958
 20
5783029.115180222
 30
0.0000000000000005
 50
5.034893957104538
  0
INSERT
  5
6E6B
330
1F
100
AcDbEntity
  8
!trafo
100
AcDbBlockReference
  2
E
 10
7521613.328245536
 20
5783092.7244274
 30
0.0000000000000005
 50
5.034893957104538
  0
INSERT
  5
6E6C
330
1F
100
AcDbEntity
  8
!trafo
100
AcDbBlockReference
  2
E
 10
7521680.286972014
 20
5783157.23946333
 30
0.0000000000000005
 50
5.034893957104538
  0
INSERT
  5
6E6D
330
1F
100
AcDbEntity
  8
!trafo
100
AcDbBlockReference
  2
E
 10
7521714.167693585
 20
5783191.042530991
 30
0.0000000000000004
 50
5.034893957104538
  0
INSERT
  5
6E6E
330
1F
100
AcDbEntity
  8
!trafo
100
AcDbBlockReference
  2
E
 10
7521744.334956783
 20
5783219.34795631
 30
0.0000000000000004
 50
5.034893957104538
  0
INSERT
  5
6E6F
330
1F
100
AcDbEntity
  8
!trafo
100
AcDbBlockReference
  2
q
 10
7521738.099538569
 20
5783232.973485404
 30
0.0000000000000004
 50
5.034893957104538
  0
INSERT
  5
6E70
330
1F
100
AcDbEntity
  8
!trafo
100
AcDbBlockReference
  2
q
 10
7521649.444208559
 20
5783127.976632702
 30
0.0000000000000005
 50
43.99885739107119
  0
INSERT
  5
6E71
330
1F
100
AcDbEntity
  8
!trafo
100
AcDbBlockReference
  2
q
 10
7521574.718684752
 20
5783058.915612858
 30
0.0000000000000005
 50
43.99885739107119
  0
INSERT
  5
6E72
330
1F
100
AcDbEntity
  8
!trafo
100
AcDbBlockReference
  2
q
 10
7521518.341966083
 20
5783015.242896141
 30
0.0000000000000005
 50
43.99885739107119
  0
INSERT
  5
6E73
330
1F
100
AcDbEntity
  8
!trafo
100
AcDbBlockReference
  2
q
 10
7521455.541042415
 20
5782961.87170723
 30
0.0000000000000005
 50
43.99885739107119
  0
INSERT
  5
6E74
330
1F
100
AcDbEntity
  8
!trafo
100
AcDbBlockReference
  2
E
 10
7521417.174070156
 20
5782932.443449145
 30
0.0000000000000005
 50
5.034893957104538
  0
INSERT
  5
6E75
330
1F
100
AcDbEntity
  8
!trafo
100
AcDbBlockReference
  2
E
 10
7521378.566719896
 20
5782900.827761024
 30
0.0000000000000005
 50
5.034893957104538
  0
INSERT
  5
6E76
330
1F
100
AcDbEntity
  8
!trafo
100
AcDbBlockReference
  2
E
 10
7521331.194084384
 20
5782868.132231034
 30
0.0000000000000006
 50
5.034893957104538
  0
INSERT
  5
6E77
330
1F
100
AcDbEntity
  8
!trafo
100
AcDbBlockReference
  2
q
 10
7521209.845351079
 20
5782811.114775578
 30
0.0000000000000006
 50
27.47078228530764
  0
INSERT
  5
6E78
330
1F
100
AcDbEntity
  8
!trafo
100
AcDbBlockReference
  2
q
 10
7521234.61237902
 20
5782820.755767723
 30
0.0000000000000006
 50
27.47078228530764
  0
INSERT
  5
6E79
330
1F
100
AcDbEntity
  8
!trafo
100
AcDbBlockReference
  2
q
 10
7521221.185715743
 20
5782815.541409895
 30
0.0000000000000006
 50
27.47078228530764
  0
INSERT
  5
6E7A
330
1F
100
AcDbEntity
  8
!trafo
100
AcDbBlockReference
  2
q
 10
7521285.927687536
 20
5782842.230560243
 30
0.0000000000000006
 50
27.47078228530764
  0
INSERT
  5
6E7B
330
1F
100
AcDbEntity
  8
!trafo
100
AcDbBlockReference
  2
E
 10
7522938.938888093
 20
5784030.416862361
 30
0.0000000000000005
 50
330.6979660800019
  0
INSERT
  5
6E7C
330
1F
100
AcDbEntity
  8
!trafo
100
AcDbBlockReference
  2
E
 10
7522975.498888091
 20
5784033.026862361
 30
0.0000000000000005
 50
330.6979660800019
  0
INSERT
  5
6E7D
330
1F
100
AcDbEntity
  8
!trafo
100
AcDbBlockReference
  2
E
 10
7523010.118888093
 20
5784035.54686236
 30
0.0000000000000005
 50
330.6979660800019
  0
INSERT
  5
6E7E
330
1F
100
AcDbEntity
  8
!trafo
100
AcDbBlockReference
  2
E
 10
7523090.058888093
 20
5784041.426862361
 30
0.0000000000000005
 50
330.6979660800019
  0
INSERT
  5
6E7F
330
1F
100
AcDbEntity
  8
!trafo
100
AcDbBlockReference
  2
E
 10
7523160.988888093
 20
5784046.466862361
 30
0.0000000000000005
 50
330.6979660800019
  0
INSERT
  5
6E80
330
1F
100
AcDbEntity
  8
!trafo
100
AcDbBlockReference
  2
E
 10
7523229.978888092
 20
5784051.33686236
 30
0.0000000000000005
 50
330.6979660800019
  0
INSERT
  5
6E81
330
1F
100
AcDbEntity
  8
!trafo
100
AcDbBlockReference
  2
E
 10
7523295.688888092
 20
5784056.24686236
 30
0.0000000000000005
 50
330.6979660800019
  0
INSERT
  5
6E82
330
1F
100
AcDbEntity
  8
!trafo
100
AcDbBlockReference
  2
E
 10
7523311.679999996
 20
5784057.310000001
 30
0.0
 50
330.6979660800019
  0
INSERT
  5
6E83
330
1F
100
AcDbEntity
  8
!trafo
100
AcDbBlockReference
  2
E
 10
7523357.728888092
 20
5784060.716862361
 30
0.0000000000000005
 50
330.6979660800019
  0
INSERT
  5
6E84
330
1F
100
AcDbEntity
  8
!trafo
100
AcDbBlockReference
  2
q
 10
7523260.73
 20
5784053.61
 30
0.0
  0
INSERT
  5
6E85
330
1F
100
AcDbEntity
  8
!trafo
100
AcDbBlockReference
  2
q
 10
7523196.23
 20
5784048.9
 30
0.0
  0
INSERT
  5
6E86
330
1F
100
AcDbEntity
  8
!trafo
100
AcDbBlockReference
  2
q
 10
7523124.309848939
 20
5784044.107603047
 30
0.0
  0
INSERT
  5
6E87
330
1F
100
AcDbEntity
  8
!trafo
100
AcDbBlockReference
  2
R
 10
7522903.259546827
 20
5784027.862508395
 30
0.0
  0
INSERT
  5
6E88
330
1F
100
AcDbEntity
  8
!trafo
100
AcDbBlockReference
  2
E
 10
7523051.908165795
 20
5784038.858833087
 30
0.0000000000000005
 50
330.6979660800019
  0
INSERT
  5
6E89
330
1F
100
AcDbEntity
  8
!trafo
100
AcDbBlockReference
  2
E
 10
7523048.786566459
 20
5784059.06638672
 30
0.0
  0
INSERT
  5
6E8A
330
1F
100
AcDbEntity
  8
!trafo
100
AcDbBlockReference
  2
E
 10
7523044.110843078
 20
5784112.447561967
 30
0.0
  0
INSERT
  5
6E8B
330
1F
100
AcDbEntity
  8
!trafo
100
AcDbBlockReference
  2
E
 10
7523271.714108302
 20
5784068.573165507
 30
0.0000000000000005
 50
330.6979660800019
  0
INSERT
  5
6E8C
330
1F
100
AcDbEntity
  8
!trafo
100
AcDbBlockReference
  2
R
 10
7523263.858185778
 20
5784159.175727114
 30
0.0
 50
275.5412047752545
  0
INSERT
  5
6E8D
330
1F
100
AcDbEntity
  8
!trafo
100
AcDbBlockReference
  2
E
 10
7523315.959708792
 20
5784070.148628476
 30
0.0
  0
INSERT
  5
6E8E
330
1F
100
AcDbEntity
  8
!trafo
100
AcDbBlockReference
  2
E
 10
7523365.493153342
 20
5784073.655421009
 30
0.0
  0
INSERT
  5
6E8F
330
1F
100
AcDbEntity
  8
!trafo
100
AcDbBlockReference
  2
E
 10
7523407.222158047
 20
5784077.27849781
 30
0.0
  0
INSERT
  5
6E90
330
1F
100
AcDbEntity
  8
!trafo
100
AcDbBlockReference
  2
q
 10
7523448.103785296
 20
5784080.444425232
 30
0.0
  0
INSERT
  5
6E91
330
1F
100
AcDbEntity
  8
!trafo
100
AcDbBlockReference
  2
q
 10
7523488.480604895
 20
5784085.850730389
 30
0.0
  0
INSERT
  5
6E92
330
1F
100
AcDbEntity
  8
!trafo
100
AcDbBlockReference
  2
R
 10
7523531.368799353
 20
5784091.247903271
 30
0.0
  0
INSERT
  5
6E93
330
1F
100
AcDbEntity
  8
!trafo
100
AcDbBlockReference
  2
R
 10
7523570.568545165
 20
5784097.692928291
 30
0.0
  0
INSERT
  5
6E94
330
1F
100
AcDbEntity
  8
!trafo
100
AcDbBlockReference
  2
R
 10
7523604.832450041
 20
5784101.820334828
 30
0.0
  0
INSERT
  5
6E95
330
1F
100
AcDbEntity
  8
!trafo
100
AcDbBlockReference
  2
q
 10
7523638.429999998
 20
5784106.82
 30
0.0
 50
8.757403340187634
  0
INSERT
  5
6E96
330
1F
100
AcDbEntity
  8
!trafo
100
AcDbBlockReference
  2
q
 10
7523676.73
 20
5784112.72
 30
0.0
 50
10.50141231458623
  0
INSERT
  5
6E97
330
1F
100
AcDbEntity
  8
!trafo
100
AcDbBlockReference
  2
q
 10
7523713.9
 20
5784119.61
 30
0.0
 50
9.980821894390166
  0
INSERT
  5
6E98
330
1F
100
AcDbEntity
  8
!trafo
100
AcDbBlockReference
  2
q
 10
7523753.619999999
 20
5784126.599999999
 30
0.0
 50
9.509962812909794
  0
INSERT
  5
6E99
330
1F
100
AcDbEntity
  8
!trafo
100
AcDbBlockReference
  2
q
 10
7523800.42
 20
5784134.44
 30
0.0
 50
9.287915218419033
  0
INSERT
  5
6E9A
330
1F
100
AcDbEntity
  8
!trafo
100
AcDbBlockReference
  2
q
 10
7523832.400000001
 20
5784139.67
 30
0.0
 50
10.37663922817063
  0
INSERT
  5
6E9B
330
1F
100
AcDbEntity
  8
!trafo
100
AcDbBlockReference
  2
q
 10
7523871.719999999
 20
5784146.87
 30
0.0
 50
8.733682240774689
  0
INSERT
  5
6E9C
330
1F
100
AcDbEntity
  8
!trafo
100
AcDbBlockReference
  2
q
 10
7523906.219999998
 20
5784152.169999999
 30
0.0
 50
14.49694236272806
  0
INSERT
  5
6E9D
330
1F
100
AcDbEntity
  8
!trafo
100
AcDbBlockReference
  2
q
 10
7523999.37
 20
5784168.779999999
 30
0.0
 50
9.697012476710286
  0
INSERT
  5
6E9E
330
1F
100
AcDbEntity
  8
!trafo
100
AcDbBlockReference
  2
q
 10
7524134.99
 20
5784192.92
 30
0.0
 50
10.25504079816946
  0
INSERT
  5
6E9F
330
1F
100
AcDbEntity
  8
!trafo
100
AcDbBlockReference
  2
q
 10
7524179.54
 20
5784200.98
 30
0.0
 50
10.46858488658846
  0
INSERT
  5
6EA0
330
1F
100
AcDbEntity
  8
!trafo
100
AcDbBlockReference
  2
q
 10
7524230.63
 20
5784210.42
 30
0.0
 50
10.21189233526393
  0
INSERT
  5
6EA1
330
1F
100
AcDbEntity
  8
!trafo
100
AcDbBlockReference
  2
q
 10
7524264.269999998
 20
5784216.480000001
 30
0.0
 50
10.75375793427172
  0
INSERT
  5
6EA2
330
1F
100
AcDbEntity
  8
!trafo
100
AcDbBlockReference
  2
q
 10
7524291.86
 20
5784221.72
 30
0.0
 50
10.43426556390687
  0
INSERT
  5
6EA3
330
1F
100
AcDbEntity
  8
!trafo
100
AcDbBlockReference
  2
q
 10
7524332.75
 20
5784229.25
 30
0.0
 50
10.61446873023832
  0
INSERT
  5
6EA4
330
1F
100
AcDbEntity
  8
!trafo
100
AcDbBlockReference
  2
q
 10
7524352.759999999
 20
5784233.0
 30
0.0
 50
8.818698025120236
  0
INSERT
  5
6EA5
330
1F
100
AcDbEntity
  8
!trafo
100
AcDbBlockReference
  2
q
 10
7524369.969999999
 20
5784235.67
 30
0.0
 50
11.0301903841092
  0
INSERT
  5
6EA6
330
1F
100
AcDbEntity
  8
!trafo
100
AcDbBlockReference
  2
q
 10
7524412.55
 20
5784243.97
 30
0.0
 50
10.26642869582559
  0
INSERT
  5
6EA7
330
1F
100
AcDbEntity
  8
!trafo
100
AcDbBlockReference
  2
q
 10
7524453.24
 20
5784251.339999999
 30
0.0
 50
10.57253780708766
  0
INSERT
  5
6EA8
330
1F
100
AcDbEntity
  8
!trafo
100
AcDbBlockReference
  2
q
 10
7524490.690000001
 20
5784258.33
 30
0.0
 50
18.32688448533748
  0
INSERT
  5
6EA9
330
1F
100
AcDbEntity
  8
!trafo
100
AcDbBlockReference
  2
R
 10
7523941.27150765
 20
5784161.103292979
 30
0.0
  0
INSERT
  5
6EAA
330
1F
100
AcDbEntity
  8
!trafo
100
AcDbBlockReference
  2
R
 10
7524047.240000001
 20
5784176.959999999
 30
0.0
  0
INSERT
  5
6EAB
330
1F
100
AcDbEntity
  8
!trafo
100
AcDbBlockReference
  2
E
 10
7524085.580000001
 20
5784183.709999999
 30
0.0
  0
INSERT
  5
6EAC
330
1F
100
AcDbEntity
  8
!trafo
100
AcDbBlockReference
  2
R
 10
7524530.480000001
 20
5784271.509999999
 30
0.0
 50
28.63636920585998
  0
INSERT
  5
6EAD
330
1F
100
AcDbEntity
  8
!trafo
100
AcDbBlockReference
  2
R
 10
7524535.69148335
 20
5784255.680728144
 30
0.0
 50
28.63636920585998
  0
INSERT
  5
6EAE
330
1F
100
AcDbEntity
  8
!trafo
100
AcDbBlockReference
  2
E
 10
7524583.788556818
 20
5784469.027135081
 30
0.0
  0
INSERT
  5
6EAF
330
1F
100
AcDbEntity
  8
!trafo
100
AcDbBlockReference
  2
q
 10
7524590.734809729
 20
5784390.511940038
 30
0.0
 50
277.0626026647912
  0
INSERT
  5
6EB0
330
1F
100
AcDbEntity
  8
!trafo
100
AcDbBlockReference
  2
q
 10
7524594.582540426
 20
5784350.719585863
 30
0.0
 50
277.0626026647912
  0
INSERT
  5
6EB1
330
1F
100
AcDbEntity
  8
!trafo
100
AcDbBlockReference
  2
E
 10
7524598.263056089
 20
5784310.73076361
 30
0.0
  0
INSERT
  5
6EB2
330
1F
100
AcDbEntity
  8
!trafo
100
AcDbBlockReference
  2
q
 10
7524578.650000001
 20
5784277.519999999
 30
0.0
 50
31.22282820084406
  0
INSERT
  5
6EB3
330
1F
100
AcDbEntity
  8
!trafo
100
AcDbBlockReference
  2
q
 10
7524657.55
 20
5784325.16
 30
0.0
 50
31.39124282073086
  0
INSERT
  5
6EB4
330
1F
100
AcDbEntity
  8
!trafo
100
AcDbBlockReference
  2
q
 10
7524693.849999998
 20
5784347.309999999
 30
0.0
 50
31.24235273928942
  0
INSERT
  5
6EB5
330
1F
100
AcDbEntity
  8
!trafo
100
AcDbBlockReference
  2
q
 10
7524736.519999999
 20
5784373.195
 30
0.0
 50
30.91104104700391
  0
INSERT
  5
6EB6
330
1F
100
AcDbEntity
  8
!trafo
100
AcDbBlockReference
  2
q
 10
7524778.900000001
 20
5784398.57
 30
0.0
 50
31.52530113555455
  0
INSERT
  5
6EB7
330
1F
100
AcDbEntity
  8
!trafo
100
AcDbBlockReference
  2
q
 10
7524819.769999999
 20
5784423.639999999
 30
0.0
 50
31.04690228626542
  0
INSERT
  5
6EB8
330
1F
100
AcDbEntity
  8
!trafo
100
AcDbBlockReference
  2
q
 10
7524860.269999999
 20
5784448.02
 30
0.0
 50
31.17194824640116
  0
INSERT
  5
6EB9
330
1F
100
AcDbEntity
  8
!trafo
100
AcDbBlockReference
  2
q
 10
7524903.48
 20
5784474.160000001
 30
0.0
 50
31.2701255566698
  0
INSERT
  5
6EBA
330
1F
100
AcDbEntity
  8
!trafo
100
AcDbBlockReference
  2
q
 10
7524943.230000001
 20
5784498.3
 30
0.0
 50
31.00169572617103
  0
INSERT
  5
6EBB
330
1F
100
AcDbEntity
  8
!trafo
100
AcDbBlockReference
  2
q
 10
7524976.529999999
 20
5784518.31
 30
0.0
 50
31.02146587679131
  0
INSERT
  5
6EBC
330
1F
100
AcDbEntity
  8
!trafo
100
AcDbBlockReference
  2
q
 10
7525121.980000001
 20
5784606.549999999
 30
0.0
 50
30.84171884760468
  0
INSERT
  5
6EBD
330
1F
100
AcDbEntity
  8
!trafo
100
AcDbBlockReference
  2
E
 10
7524615.853030026
 20
5784300.210386006
 30
0.0
  0
INSERT
  5
6EBE
330
1F
100
AcDbEntity
  8
!trafo
100
AcDbBlockReference
  2
R
 10
7525011.480096543
 20
5784539.301217758
 30
0.0
 50
33.87081071478248
  0
INSERT
  5
6EBF
330
1F
100
AcDbEntity
  8
!trafo
100
AcDbBlockReference
  2
R
 10
7525082.317305738
 20
5784581.226870726
 30
0.0
 50
33.87081071478248
  0
INSERT
  5
6EC0
330
1F
100
AcDbEntity
  8
!trafo
100
AcDbBlockReference
  2
E
 10
7525417.026086825
 20
5784784.703080918
 30
0.0
  0
INSERT
  5
6EC1
330
1F
100
AcDbEntity
  8
!trafo
100
AcDbBlockReference
  2
E
 10
7525375.48261603
 20
5784757.648448585
 30
0.0
  0
INSERT
  5
6EC2
330
1F
100
AcDbEntity
  8
!trafo
100
AcDbBlockReference
  2
q
 10
7525250.083002991
 20
5784683.352479155
 30
0.0
 50
30.84171884760468
  0
INSERT
  5
6EC3
330
1F
100
AcDbEntity
  8
!trafo
100
AcDbBlockReference
  2
R
 10
7525204.787492393
 20
5784656.819912219
 30
0.0
 50
21.64586332765142
  0
INSERT
  5
6EC4
330
1F
100
AcDbEntity
  8
!trafo
100
AcDbBlockReference
  2
E
 10
7525164.150000001
 20
5784631.73
 30
0.0
  0
INSERT
  5
6EC5
330
1F
100
AcDbEntity
  8
!trafo
100
AcDbBlockReference
  2
E
 10
7525147.34
 20
5784645.92
 30
0.0
  0
INSERT
  5
6EC6
330
1F
100
AcDbEntity
  8
!trafo
100
AcDbBlockReference
  2
E
 10
7525138.08
 20
5784752.19
 30
0.0
  0
INSERT
  5
6EC7
330
1F
100
AcDbEntity
  8
!trafo
100
AcDbBlockReference
  2
q
 10
7525140.95
 20
5784720.339999999
 30
0.0
 50
277.0963631677311
  0
INSERT
  5
6EC8
330
1F
100
AcDbEntity
  8
!trafo
100
AcDbBlockReference
  2
q
 10
7525143.690000001
 20
5784687.230000001
 30
0.0
 50
277.0963631677311
  0
INSERT
  5
6EC9
330
1F
100
AcDbEntity
  8
!trafo
100
AcDbBlockReference
  2
q
 10
7525292.62
 20
5784709.28
 30
0.0
 50
32.02413006804705
  0
INSERT
  5
6ECA
330
1F
100
AcDbEntity
  8
!trafo
100
AcDbBlockReference
  2
R
 10
7523923.277492275
 20
5784167.104010355
 30
0.0
 50
96.0440921677895
  0
INSERT
  5
6ECB
330
1F
100
AcDbEntity
  8
!trafo
100
AcDbBlockReference
  2
q
 10
7523919.49
 20
5784208.490000001
 30
0.0
 50
280.3048464703596
  0
INSERT
  5
6ECC
330
1F
100
AcDbEntity
  8
!trafo
100
AcDbBlockReference
  2
q
 10
7523914.019999998
 20
5784257.03
 30
0.0
 50
280.3048464703596
  0
INSERT
  5
6ECD
330
1F
100
AcDbEntity
  8
!trafo
100
AcDbBlockReference
  2
q
 10
7523908.7
 20
5784307.580000001
 30
0.0
 50
280.3048464703596
  0
INSERT
  5
6ECE
330
1F
100
AcDbEntity
  8
!trafo
100
AcDbBlockReference
  2
E
 10
7523548.360000001
 20
5785001.25
 30
0.0
  0
INSERT
  5
6ECF
330
1F
100
AcDbEntity
  8
!trafo
100
AcDbBlockReference
  2
q
 10
7523551.359999999
 20
5784957.59
 30
0.0
 50
274.331459363891
  0
INSERT
  5
6ED0
330
1F
100
AcDbEntity
  8
!trafo
100
AcDbBlockReference
  2
q
 10
7523554.42
 20
5784917.19
 30
0.0
 50
275.620698497122
  0
INSERT
  5
6ED1
330
1F
100
AcDbEntity
  8
!trafo
100
AcDbBlockReference
  2
q
 10
7523557.65
 20
5784884.370000001
 30
0.0
 50
274.0627607082466
  0
INSERT
  5
6ED2
330
1F
100
AcDbEntity
  8
!trafo
100
AcDbBlockReference
  2
q
 10
7523560.940000001
 20
5784838.049999999
 30
0.0
 50
274.5454477035506
  0
INSERT
  5
6ED3
330
1F
100
AcDbEntity
  8
!trafo
100
AcDbBlockReference
  2
q
 10
7523564.309999999
 20
5784795.660000001
 30
0.0
 50
274.4196829414775
  0
INSERT
  5
6ED4
330
1F
100
AcDbEntity
  8
!trafo
100
AcDbBlockReference
  2
q
 10
7523567.7
 20
5784751.8
 30
0.0
 50
274.0819151431136
  0
INSERT
  5
6ED5
330
1F
100
AcDbEntity
  8
!trafo
100
AcDbBlockReference
  2
q
 10
7523570.839999999
 20
5784707.799999999
 30
0.0
 50
274.081119537254
  0
INSERT
  5
6ED6
330
1F
100
AcDbEntity
  8
!trafo
100
AcDbBlockReference
  2
q
 10
7523577.58
 20
5784620.23
 30
0.0
 50
274.7898117494699
  0
INSERT
  5
6ED7
330
1F
100
AcDbEntity
  8
!trafo
100
AcDbBlockReference
  2
q
 10
7523580.92
 20
5784580.369999999
 30
0.0
 50
275.1581266828702
  0
INSERT
  5
6ED8
330
1F
100
AcDbEntity
  8
!trafo
100
AcDbBlockReference
  2
q
 10
7523584.439999998
 20
5784541.376
 30
0.0
 50
274.4660798698378
  0
INSERT
  5
6ED9
330
1F
100
AcDbEntity
  8
!trafo
100
AcDbBlockReference
  2
q
 10
7523587.66
 20
5784500.150000001
 30
0.0
 50
274.6911307235326
  0
INSERT
  5
6EDA
330
1F
100
AcDbEntity
  8
!trafo
100
AcDbBlockReference
  2
q
 10
7523590.88
 20
5784460.909999999
 30
0.0
 50
274.2725470340142
  0
INSERT
  5
6EDB
330
1F
100
AcDbEntity
  8
!trafo
100
AcDbBlockReference
  2
q
 10
7523594.019999999
 20
5784418.88
 30
0.0
 50
276.0983403114868
  0
INSERT
  5
6EDC
330
1F
100
AcDbEntity
  8
!trafo
100
AcDbBlockReference
  2
q
 10
7523673.05
 20
5784327.389999999
 30
0.0
 50
328.1893023027026
  0
INSERT
  5
6EDD
330
1F
100
AcDbEntity
  8
!trafo
100
AcDbBlockReference
  2
q
 10
7523713.08
 20
5784302.559999999
 30
0.0
 50
11.75025001058824
  0
INSERT
  5
6EDE
330
1F
100
AcDbEntity
  8
!trafo
100
AcDbBlockReference
  2
q
 10
7523762.55
 20
5784312.85
 30
0.0
 50
13.88556271051092
  0
INSERT
  5
6EDF
330
1F
100
AcDbEntity
  8
!trafo
100
AcDbBlockReference
  2
q
 10
7523810.0
 20
5784324.579999999
 30
0.0
 50
20.80180266060244
  0
INSERT
  5
6EE0
330
1F
100
AcDbEntity
  8
!trafo
100
AcDbBlockReference
  2
q
 10
7523856.17
 20
5784342.119999999
 30
0.0
 50
20.34292436504499
  0
INSERT
  5
6EE1
330
1F
100
AcDbEntity
  8
!trafo
100
AcDbBlockReference
  2
R
 10
7523574.198653001
 20
5784661.104353384
 30
0.0
 50
94.06698551930793
  0
INSERT
  5
6EE2
330
1F
100
AcDbEntity
  8
!trafo
100
AcDbBlockReference
  2
R
 10
7523637.516925413
 20
5784349.897381434
 30
0.0
 50
321.4108400335198
  0
INSERT
  5
6EE3
330
1F
100
AcDbEntity
  8
!trafo
100
AcDbBlockReference
  2
E
 10
7523598.102838164
 20
5784381.050885254
 30
0.0
  0
INSERT
  5
6EE4
330
1F
100
AcDbEntity
  8
!trafo
100
AcDbBlockReference
  2
E
 10
7523601.96341112
 20
5784374.112451176
 30
0.0
  0
INSERT
  5
6EE5
330
1F
100
AcDbEntity
  8
!trafo
100
AcDbBlockReference
  2
q
 10
7523952.059999999
 20
5784371.150000001
 30
0.0
 50
13.34404988280302
  0
INSERT
  5
6EE6
330
1F
100
AcDbEntity
  8
!trafo
100
AcDbBlockReference
  2
q
 10
7523983.509999999
 20
5784378.61
 30
0.0
 50
15.40458113259614
  0
INSERT
  5
6EE7
330
1F
100
AcDbEntity
  8
!trafo
100
AcDbBlockReference
  2
q
 10
7524002.309999998
 20
5784383.79
 30
0.0
 50
13.09705252260413
  0
INSERT
  5
6EE8
330
1F
100
AcDbEntity
  8
!trafo
100
AcDbBlockReference
  2
q
 10
7524051.309999999
 20
5784395.19
 30
0.0
 50
12.92826232531465
  0
INSERT
  5
6EE9
330
1F
100
AcDbEntity
  8
!trafo
100
AcDbBlockReference
  2
q
 10
7524098.620000001
 20
5784406.05
 30
0.0
 50
13.10116668519473
  0
INSERT
  5
6EEA
330
1F
100
AcDbEntity
  8
!trafo
100
AcDbBlockReference
  2
q
 10
7524147.446507162
 20
5784417.413332214
 30
0.0
 50
12.4559432911595
  0
INSERT
  5
6EEB
330
1F
100
AcDbEntity
  8
!trafo
100
AcDbBlockReference
  2
q
 10
7524378.057833676
 20
5784410.417117773
 30
0.0
 50
2.090103114597032
  0
INSERT
  5
6EEC
330
1F
100
AcDbEntity
  8
!trafo
100
AcDbBlockReference
  2
q
 10
7524422.525999998
 20
5784412.040000001
 30
0.0
 50
2.8589698581742
  0
INSERT
  5
6EED
330
1F
100
AcDbEntity
  8
!trafo
100
AcDbBlockReference
  2
q
 10
7524462.454
 20
5784414.034
 30
0.0
 50
357.8768722862049
  0
INSERT
  5
6EEE
330
1F
100
AcDbEntity
  8
!trafo
100
AcDbBlockReference
  2
q
 10
7524500.804171619
 20
5784412.612261771
 30
0.0
 50
1.976059470194719
  0
INSERT
  5
6EEF
330
1F
100
AcDbEntity
  8
!trafo
100
AcDbBlockReference
  2
q
 10
7524539.497152703
 20
5784413.947263447
 30
0.0
 50
1.612031218331089
  0
INSERT
  5
6EF0
330
1F
100
AcDbEntity
  8
!trafo
100
AcDbBlockReference
  2
R
 10
7523903.458348245
 20
5784359.817949971
 30
0.0
  0
INSERT
  5
6EF1
330
1F
100
AcDbEntity
  8
!trafo
100
AcDbBlockReference
  2
R
 10
7524198.216224045
 20
5784428.588647724
 30
0.0
  0
INSERT
  5
6EF2
330
1F
100
AcDbEntity
  8
!trafo
100
AcDbBlockReference
  2
E
 10
7524244.76926023
 20
5784411.945599089
 30
0.0
  0
INSERT
  5
6EF3
330
1F
100
AcDbEntity
  8
!trafo
100
AcDbBlockReference
  2
R
 10
7524284.641826197
 20
5784395.913895196
 30
0.0
  0
INSERT
  5
6EF4
330
1F
100
AcDbEntity
  8
!trafo
100
AcDbBlockReference
  2
R
 10
7524331.614809921
 20
5784399.835825605
 30
0.0
  0
INSERT
  5
6EF5
330
1F
100
AcDbEntity
  8
!trafo
100
AcDbBlockReference
  2
E
 10
7524332.747211679
 20
5784408.529748765
 30
0.0
  0
INSERT
  5
6EF6
330
1F
100
AcDbEntity
  8
!trafo
100
AcDbBlockReference
  2
E
 10
7524224.036643111
 20
5784393.284942331
 30
0.0
  0
INSERT
  5
6EF7
330
1F
100
AcDbEntity
  8
!trafo
100
AcDbBlockReference
  2
q
 10
7524225.915866967
 20
5784359.005256663
 30
0.0
 50
273.5517333536577
  0
INSERT
  5
6EF8
330
1F
100
AcDbEntity
  8
!trafo
100
AcDbBlockReference
  2
E
 10
7524227.525171101
 20
5784320.445939061
 30
0.0
  0
INSERT
  5
6EF9
330
1F
100
AcDbEntity
  8
!trafo
100
AcDbBlockReference
  2
E
 10
7524578.884303947
 20
5784414.906997101
 30
0.0
  0
INSERT
  5
6EFB
330
1F
100
AcDbEntity
  8
!trafo
100
AcDbBlockReference
  2
E
 10
7522834.816221259
 20
5782515.024589111
 30
0.0
 50
344.8989018435547
  0
INSERT
  5
6EFC
330
1F
100
AcDbEntity
  8
!trafo
100
AcDbBlockReference
  2
E
 10
7522884.903690322
 20
5782526.543428477
 30
0.0
 50
344.8989018435547
  0
INSERT
  5
6EFD
330
1F
100
AcDbEntity
  8
!trafo
100
AcDbBlockReference
  2
E
 10
7522973.699817257
 20
5782547.151922799
 30
0.0
 50
344.8989018435547
  0
INSERT
  5
6EFE
330
1F
100
AcDbEntity
  8
!trafo
100
AcDbBlockReference
  2
E
 10
7523062.800353267
 20
5782572.874489564
 30
0.0
 50
344.8989018435547
  0
INSERT
  5
6EFF
330
1F
100
AcDbEntity
  8
!trafo
100
AcDbBlockReference
  2
E
 10
7523014.855924084
 20
5782556.984335892
 30
0.0
 50
344.8989018435547
  0
INSERT
  5
6F00
330
1F
100
AcDbEntity
  8
!trafo
100
AcDbBlockReference
  2
E
 10
7523111.231836966
 20
5782588.277588716
 30
0.0
 50
344.8989018435547
  0
INSERT
  5
6F01
330
1F
100
AcDbEntity
  8
!trafo
100
AcDbBlockReference
  2
E
 10
7523146.269321401
 20
5782599.418960833
 30
0.0
 50
344.8989018435547
  0
INSERT
  5
6F02
330
1F
100
AcDbEntity
  8
!trafo
100
AcDbBlockReference
  2
E
 10
7523181.764515321
 20
5782610.254340946
 30
0.0
 50
344.8989018435547
  0
INSERT
  5
6F03
330
1F
100
AcDbEntity
  8
!trafo
100
AcDbBlockReference
  2
E
 10
7522932.282527444
 20
5782537.545381236
 30
0.0
 50
344.8989018435547
  0
INSERT
  5
6F04
330
1F
100
AcDbEntity
  8
!trafo
100
AcDbBlockReference
  2
E
 10
7522748.453540462
 20
5782495.07666248
 30
0.0
 50
344.8989018435547
  0
INSERT
  5
6F05
330
1F
100
AcDbEntity
  8
!trafo
100
AcDbBlockReference
  2
E
 10
7522788.276944364
 20
5782503.901481541
 30
0.0
 50
344.8989018435547
  0
INSERT
  5
6F13
330
1F
100
AcDbEntity
  8
!trafo
100
AcDbBlockReference
  2
q
 10
7534008.55
 20
5768529.7
 30
0.0
 50
355.19076788329
  0
INSERT
  5
6F14
330
1F
100
AcDbEntity
  8
!trafo
100
AcDbBlockReference
  2
q
 10
7534037.67
 20
5768527.25
 30
0.0
 50
355.7151732034288
  0
INSERT
  5
6F15
330
1F
100
AcDbEntity
  8
!trafo
100
AcDbBlockReference
  2
q
 10
7534067.3
 20
5768525.030000001
 30
0.0
 50
355.0779315857249
  0
INSERT
  5
6F16
330
1F
100
AcDbEntity
  8
!trafo
100
AcDbBlockReference
  2
q
 10
7534098.42
 20
5768522.349999999
 30
0.0
 50
5.872790840632434
  0
INSERT
  5
6F17
330
1F
100
AcDbEntity
  8
!trafo
100
AcDbBlockReference
  2
q
 10
7534118.349999999
 20
5768524.400000001
 30
0.0
 50
5.456855561206038
  0
INSERT
  5
6F18
330
1F
100
AcDbEntity
  8
!trafo
100
AcDbBlockReference
  2
q
 10
7534149.440000001
 20
5768527.37
 30
0.0
 50
5.007389724727404
  0
INSERT
  5
6F19
330
1F
100
AcDbEntity
  8
!trafo
100
AcDbBlockReference
  2
q
 10
7534219.14
 20
5768530.54
 30
0.0
 50
356.2228473005709
  0
INSERT
  5
6F1A
330
1F
100
AcDbEntity
  8
!trafo
100
AcDbBlockReference
  2
q
 10
7534234.589999999
 20
5768529.519999999
 30
0.0
 50
349.2877566648522
  0
INSERT
  5
6F1B
330
1F
100
AcDbEntity
  8
!trafo
100
AcDbBlockReference
  2
q
 10
7534268.58
 20
5768523.09
 30
0.0
 50
350.996390516402
  0
INSERT
  5
6F1C
330
1F
100
AcDbEntity
  8
!trafo
100
AcDbBlockReference
  2
q
 10
7534350.190000001
 20
5768508.799999999
 30
0.0
 50
353.1449360703117
  0
INSERT
  5
6F1D
330
1F
100
AcDbEntity
  8
!trafo
100
AcDbBlockReference
  2
q
 10
7534406.255
 20
5768502.060000002
 30
0.0
 50
353.9599817377905
  0
INSERT
  5
6F1E
330
1F
100
AcDbEntity
  8
!trafo
100
AcDbBlockReference
  2
R
 10
7534461.318432829
 20
5768496.232051306
 30
0.0
  0
INSERT
  5
6F1F
330
1F
100
AcDbEntity
  8
!trafo
100
AcDbBlockReference
  2
R
 10
7534194.75
 20
5768531.34
 30
0.0
  0
INSERT
  5
6F20
330
1F
100
AcDbEntity
  8
!trafo
100
AcDbBlockReference
  2
R
 10
7533881.836668643
 20
5768568.68633723
 30
0.0
  0
INSERT
  5
6F21
330
1F
100
AcDbEntity
  8
!trafo
100
AcDbBlockReference
  2
R
 10
7533949.31
 20
5768545.365
 30
0.0
  0
INSERT
  5
6F22
330
1F
100
AcDbEntity
  8
!trafo
100
AcDbBlockReference
  2
R
 10
7533965.96
 20
5768538.829999999
 30
0.0
  0
INSERT
  5
6F23
330
1F
100
AcDbEntity
  8
!trafo
100
AcDbBlockReference
  2
R
 10
7533837.430080216
 20
5768579.503686544
 30
0.0
  0
INSERT
  5
6F24
330
1F
100
AcDbEntity
  8
!trafo
100
AcDbBlockReference
  2
R
 10
7533878.208776476
 20
5768603.989088178
 30
0.0
  0
INSERT
  5
6F25
330
1F
100
AcDbEntity
  8
!trafo
100
AcDbBlockReference
  2
R
 10
7533872.686781377
 20
5768680.887988868
 30
0.0
 50
318.4141175882393
  0
INSERT
  5
6F28
330
1F
100
AcDbEntity
  8
!trafo
100
AcDbBlockReference
  2
q
 10
7517114.7
 20
5768645.85
 30
0.0
 50
327.759893958341
  0
INSERT
  5
6F29
330
1F
100
AcDbEntity
  8
!trafo
100
AcDbBlockReference
  2
q
 10
7517141.4
 20
5768629.009999999
 30
0.0
 50
335.0961223576129
  0
INSERT
  5
6F2A
330
1F
100
AcDbEntity
  8
!trafo
100
AcDbBlockReference
  2
q
 10
7517179.179999999
 20
5768611.469999999
 30
0.0
 50
313.6971365498819
  0
INSERT
  5
6F2B
330
1F
100
AcDbEntity
  8
!trafo
100
AcDbBlockReference
  2
q
 10
7517164.65
 20
5768509.629999999
 30
0.0
 50
58.6291440713986
  0
INSERT
  5
6F2C
330
1F
100
AcDbEntity
  8
!trafo
100
AcDbBlockReference
  2
q
 10
7517187.769999999
 20
5768547.55
 30
0.0
 50
60.859923790615
  0
INSERT
  5
6F2D
330
1F
100
AcDbEntity
  8
!trafo
100
AcDbBlockReference
  2
q
 10
7517007.309999999
 20
5768403.04
 30
0.0
 50
37.0769049602717
  0
INSERT
  5
6F2E
330
1F
100
AcDbEntity
  8
!trafo
100
AcDbBlockReference
  2
q
 10
7517047.5
 20
5768433.41
 30
0.0
 50
30.81076832842204
  0
INSERT
  5
6F2F
330
1F
100
AcDbEntity
  8
!trafo
100
AcDbBlockReference
  2
q
 10
7517074.530000001
 20
5768449.53
 30
0.0
 50
30.19826216718365
  0
INSERT
  5
6F30
330
1F
100
AcDbEntity
  8
!trafo
100
AcDbBlockReference
  2
q
 10
7517101.490000001
 20
5768465.22
 30
0.0
 50
30.19826216718365
  0
INSERT
  5
6F31
330
1F
100
AcDbEntity
  8
!trafo
100
AcDbBlockReference
  2
q
 10
7517189.759999999
 20
5768480.54
 30
0.0
 50
354.3324327788485
  0
INSERT
  5
6F32
330
1F
100
AcDbEntity
  8
!trafo
100
AcDbBlockReference
  2
q
 10
7517235.910000001
 20
5768475.96
 30
0.0
 50
357.1060916261718
  0
INSERT
  5
6F33
330
1F
100
AcDbEntity
  8
!trafo
100
AcDbBlockReference
  2
q
 10
7517289.88598009
 20
5768472.986699121
 30
0.0
 50
353.6577200950065
  0
INSERT
  5
6F34
330
1F
100
AcDbEntity
  8
!trafo
100
AcDbBlockReference
  2
q
 10
7517338.889999998
 20
5768467.54
 30
0.0
 50
354.4878243553728
  0
INSERT
  5
6F35
330
1F
100
AcDbEntity
  8
!trafo
100
AcDbBlockReference
  2
q
 10
7517392.384846116
 20
5768462.377558623
 30
0.0
 50
354.5614398574782
  0
INSERT
  5
6F36
330
1F
100
AcDbEntity
  8
!trafo
100
AcDbBlockReference
  2
q
 10
7517282.0
 20
5768517.860000001
 30
0.0
 50
79.87628403064622
  0
INSERT
  5
6F37
330
1F
100
AcDbEntity
  8
!trafo
100
AcDbBlockReference
  2
q
 10
7517289.41
 20
5768559.36
 30
0.0
 50
79.87628403064622
  0
INSERT
  5
6F38
330
1F
100
AcDbEntity
  8
!trafo
100
AcDbBlockReference
  2
R
 10
7517273.099900086
 20
5768474.079923331
 30
0.0
  0
INSERT
  5
6F39
330
1F
100
AcDbEntity
  8
!trafo
100
AcDbBlockReference
  2
R
 10
7517440.740264239
 20
5768457.606942389
 30
0.0
  0
INSERT
  5
6F3A
330
1F
100
AcDbEntity
  8
!trafo
100
AcDbBlockReference
  2
R
 10
7516964.8186781
 20
5768369.494382558
 30
0.0
  0
INSERT
  5
6F3B
330
1F
100
AcDbEntity
  8
!trafo
100
AcDbBlockReference
  2
R
 10
7516992.865341253
 20
5768381.966042885
 30
0.0
  0
INSERT
  5
6F3C
330
1F
100
AcDbEntity
  8
!trafo
100
AcDbBlockReference
  2
R
 10
7517042.329895509
 20
5768670.321887478
 30
0.0
  0
INSERT
  5
6F3D
330
1F
100
AcDbEntity
  8
!trafo
100
AcDbBlockReference
  2
R
 10
7517076.640099056
 20
5768660.344447862
 30
0.0
  0
INSERT
  5
6F3E
330
1F
100
AcDbEntity
  8
!trafo
100
AcDbBlockReference
  2
R
 10
7517207.797274974
 20
5768582.531489335
 30
0.0
  0
INSERT
  5
6F3F
330
1F
100
AcDbEntity
  8
!trafo
100
AcDbBlockReference
  2
q
 10
7517296.990000001
 20
5768603.51
 30
0.0
 50
80.22091416055785
  0
INSERT
  5
6F40
330
1F
100
AcDbEntity
  8
!trafo
100
AcDbBlockReference
  2
q
 10
7517303.96
 20
5768643.95
 30
0.0
 50
69.17768094866784
  0
INSERT
  5
6F41
330
1F
100
AcDbEntity
  8
!trafo
100
AcDbBlockReference
  2
q
 10
7517309.599999999
 20
5768658.78
 30
0.0
 50
48.72860983185272
  0
INSERT
  5
6F42
330
1F
100
AcDbEntity
  8
!trafo
100
AcDbBlockReference
  2
q
 10
7517347.04
 20
5768701.44
 30
0.0
 50
47.49454142183862
  0
INSERT
  5
6F43
330
1F
100
AcDbEntity
  8
!trafo
100
AcDbBlockReference
  2
q
 10
7517380.410000001
 20
5768737.849999999
 30
0.0
 50
47.6604960507462
  0
INSERT
  5
6F44
330
1F
100
AcDbEntity
  8
!trafo
100
AcDbBlockReference
  2
R
 10
7517410.991291861
 20
5768771.503717512
 30
0.0
 50
47.99034496829576
  0
INSERT
  5
6F45
330
1F
100
AcDbEntity
  8
!trafo
100
AcDbBlockReference
  2
R
 10
7517754.839423513
 20
5785884.796633338
 30
0.0
  0
INSERT
  5
6F46
330
1F
100
AcDbEntity
  8
!trafo
100
AcDbBlockReference
  2
R
 10
7517946.126994874
 20
5785936.104375626
 30
0.0
  0
INSERT
  5
6F47
330
1F
100
AcDbEntity
  8
!trafo
100
AcDbBlockReference
  2
q
 10
7521024.18970639
 20
5782632.014572802
 30
0.0
 50
281.9158234702412
  0
INSERT
  5
6F48
330
1F
100
AcDbEntity
  8
!trafo
100
AcDbBlockReference
  2
q
 10
7529777.029537953
 20
5753022.263776825
 30
0.0
 50
332.8571500226995
  0
INSERT
  5
6F49
330
1F
100
AcDbEntity
  8
!trafo
100
AcDbBlockReference
  2
q
 10
7529873.78
 20
5753137.709999999
 30
0.0
 50
30.62679772004949
  0
INSERT
  5
6F4A
330
1F
100
AcDbEntity
  8
!trafo
100
AcDbBlockReference
  2
q
 10
7529908.660000001
 20
5753158.360000001
 30
0.0
 50
32.82449676192907
  0
INSERT
  5
6F4B
330
1F
100
AcDbEntity
  8
!trafo
100
AcDbBlockReference
  2
q
 10
7529997.950000001
 20
5753212.98
 30
0.0
 50
30.976518502046
  0
INSERT
  5
6F4C
330
1F
100
AcDbEntity
  8
!trafo
100
AcDbBlockReference
  2
q
 10
7530044.16
 20
5753240.719999999
 30
0.0
 50
31.01423054054539
  0
INSERT
  5
6F4D
330
1F
100
AcDbEntity
  8
!trafo
100
AcDbBlockReference
  2
q
 10
7530087.540000001
 20
5753266.8
 30
0.0
 50
37.85458401543443
  0
INSERT
  5
6F4E
330
1F
100
AcDbEntity
  8
!trafo
100
AcDbBlockReference
  2
q
 10
7530122.549999999
 20
5753294.009999999
 30
0.0
 50
39.55722988550747
  0
INSERT
  5
6F4F
330
1F
100
AcDbEntity
  8
!trafo
100
AcDbBlockReference
  2
q
 10
7530213.070000001
 20
5753392.37
 30
0.0
 50
64.1536753829384
  0
INSERT
  5
6F50
330
1F
100
AcDbEntity
  8
!trafo
100
AcDbBlockReference
  2
q
 10
7530229.389999999
 20
5753426.059999999
 30
0.0
 50
64.15019522663723
  0
INSERT
  5
6F51
330
1F
100
AcDbEntity
  8
!trafo
100
AcDbBlockReference
  2
R
 10
7529950.074132605
 20
5753185.006451144
 30
0.0
 50
36.43075645298814
  0
INSERT
  5
6F52
330
1F
100
AcDbEntity
  8
!trafo
100
AcDbBlockReference
  2
R
 10
7530159.052055586
 20
5753323.86782423
 30
0.0
  0
INSERT
  5
6F53
330
1F
100
AcDbEntity
  8
!trafo
100
AcDbBlockReference
  2
R
 10
7530195.031542119
 20
5753358.985455175
 30
0.0
 50
335.8855355137899
  0
INSERT
  5
6F54
330
1F
100
AcDbEntity
  8
!trafo
100
AcDbBlockReference
  2
R
 10
7530251.307534656
 20
5753471.341898229
 30
0.0
 50
65.04030783653743
  0
INSERT
  5
6F55
330
1F
100
AcDbEntity
  8
!trafo
100
AcDbBlockReference
  2
q
 10
7523757.83
 20
5782342.61
 30
0.0
 50
83.79933321352531
  0
INSERT
  5
6F56
330
1F
100
AcDbEntity
  8
!trafo
100
AcDbBlockReference
  2
q
 10
7523763.12
 20
5782391.3
 30
0.0
 50
83.85791748497011
  0
INSERT
  5
6F57
330
1F
100
AcDbEntity
  8
!trafo
100
AcDbBlockReference
  2
q
 10
7523768.28
 20
5782439.25
 30
0.0
 50
83.52945451951198
  0
INSERT
  5
6F58
330
1F
100
AcDbEntity
  8
!trafo
100
AcDbBlockReference
  2
q
 10
7523773.75
 20
5782487.480000001
 30
0.0
 50
83.6348496430228
  0
INSERT
  5
6F59
330
1F
100
AcDbEntity
  8
!trafo
100
AcDbBlockReference
  2
q
 10
7523779.09
 20
5782535.349999999
 30
0.0
 50
84.09838582178306
  0
INSERT
  5
6F5A
330
1F
100
AcDbEntity
  8
!trafo
100
AcDbBlockReference
  2
q
 10
7524055.835
 20
5784144.787999999
 30
0.0
 50
284.5493564692518
  0
INSERT
  5
6F5B
330
1F
100
AcDbEntity
  8
!trafo
100
AcDbBlockReference
  2
q
 10
7524110.069034348
 20
5784102.185108714
 30
0.0
 50
355.0829237787354
  0
INSERT
  5
6F5C
330
1F
100
AcDbEntity
  8
!trafo
100
AcDbBlockReference
  2
q
 10
7524154.88
 20
5784098.33
 30
0.0
 50
354.0552670710931
  0
INSERT
  5
6F5D
330
1F
100
AcDbEntity
  8
!trafo
100
AcDbBlockReference
  2
R
 10
7524066.062079705
 20
5784106.391390126
 30
0.0
  0
INSERT
  5
6F5E
330
1F
100
AcDbEntity
  8
!trafo
100
AcDbBlockReference
  2
R
 10
7524198.769574728
 20
5784093.925321546
 30
0.0
  0
INSERT
  5
6F5F
330
1F
100
AcDbEntity
  8
!trafo
100
AcDbBlockReference
  2
R
 10
7526335.26155316
 20
5783365.369377325
 30
0.0
  0
INSERT
  5
6F60
330
1F
100
AcDbEntity
  8
!trafo
100
AcDbBlockReference
  2
q
 10
7528474.519999999
 20
5780964.309999999
 30
0.0
 50
34.92446733895025
  0
INSERT
  5
6F61
330
1F
100
AcDbEntity
  8
!trafo
100
AcDbBlockReference
  2
q
 10
7528513.516528526
 20
5780991.259166621
 30
0.0
 50
34.92446733895025
  0
INSERT
  5
6F62
330
1F
100
AcDbEntity
  8
!trafo
100
AcDbBlockReference
  2
R
 10
7528901.385068638
 20
5780603.761462795
 30
0.0
 50
308.0189425806383
  0
INSERT
  5
6F65
330
1F
100
AcDbEntity
  8
!trafo
100
AcDbBlockReference
  2
R
 10
7530279.137154275
 20
5774113.264992895
 30
0.0
  0
INSERT
  5
6F66
330
1F
100
AcDbEntity
  8
!trafo
100
AcDbBlockReference
  2
R
 10
7528665.047342135
 20
5772359.583628715
 30
0.0
 50
48.44738685359065
  0
INSERT
  5
6F67
330
1F
100
AcDbEntity
  8
!trafo
100
AcDbBlockReference
  2
R
 10
7525557.106341645
 20
5769714.060939935
 30
0.0
 50
91.16913931353174
  0
INSERT
  5
6F68
330
1F
100
AcDbEntity
  8
!trafo
100
AcDbBlockReference
  2
R
 10
7525466.84047494
 20
5769931.674597246
 30
0.0
 50
93.53228861557736
  0
INSERT
  5
6F69
330
1F
100
AcDbEntity
  8
!trafo
100
AcDbBlockReference
  2
R
 10
7525778.749142054
 20
5769722.337192057
 30
0.0
  0
INSERT
  5
6F6A
330
1F
100
AcDbEntity
  8
!trafo
100
AcDbBlockReference
  2
R
 10
7526101.756508254
 20
5769702.173544097
 30
0.0
  0
INSERT
  5
6F6B
330
1F
100
AcDbEntity
  8
!trafo
100
AcDbBlockReference
  2
R
 10
7526148.685137284
 20
5769686.294953179
 30
0.0
  0
INSERT
  5
6F6C
330
1F
100
AcDbEntity
  8
!trafo
100
AcDbBlockReference
  2
R
 10
7526051.038432613
 20
5769707.979113722
 30
0.0
  0
INSERT
  5
6F6D
330
1F
100
AcDbEntity
  8
!trafo
100
AcDbBlockReference
  2
R
 10
7525452.714428329
 20
5769551.310653893
 30
0.0
  0
INSERT
  5
6F6E
330
1F
100
AcDbEntity
  8
!trafo
100
AcDbBlockReference
  2
R
 10
7525945.656973731
 20
5769111.787963125
 30
0.0
  0
INSERT
  5
6F6F
330
1F
100
AcDbEntity
  8
!trafo
100
AcDbBlockReference
  2
R
 10
7525814.941576689
 20
5769119.267213381
 30
0.0
  0
INSERT
  5
6F70
330
1F
100
AcDbEntity
  8
!trafo
100
AcDbBlockReference
  2
R
 10
7525895.140991529
 20
5769114.106269547
 30
0.0
  0
INSERT
  5
6F71
330
1F
100
AcDbEntity
  8
!trafo
100
AcDbBlockReference
  2
R
 10
7526291.830196246
 20
5768988.076574194
 30
0.0
  0
INSERT
  5
6F72
330
1F
100
AcDbEntity
  8
!trafo
100
AcDbBlockReference
  2
R
 10
7526307.750974715
 20
5768988.051462556
 30
0.0
  0
INSERT
  5
6F73
330
1F
100
AcDbEntity
  8
!trafo
100
AcDbBlockReference
  2
R
 10
7526262.957523576
 20
5769326.086897068
 30
0.0
  0
INSERT
  5
6F74
330
1F
100
AcDbEntity
  8
!trafo
100
AcDbBlockReference
  2
R
 10
7526260.964663984
 20
5769272.858260309
 30
0.0
  0
INSERT
  5
6F75
330
1F
100
AcDbEntity
  8
!trafo
100
AcDbBlockReference
  2
R
 10
7534310.626318245
 20
5768516.441436869
 30
0.0
  0
INSERT
  5
6F76
330
1F
100
AcDbEntity
  8
!trafo
100
AcDbBlockReference
  2
R
 10
7535082.757697998
 20
5761565.775140996
 30
0.0
  0
INSERT
  5
6F77
330
1F
100
AcDbEntity
  8
!trafo
100
AcDbBlockReference
  2
q
 10
7518824.515860253
 20
5760820.195313412
 30
0.0
 50
339.5053376094426
  0
INSERT
  5
6F78
330
1F
100
AcDbEntity
  8
!trafo
100
AcDbBlockReference
  2
q
 10
7518920.033528224
 20
5760812.844930368
 30
0.0
 50
11.07374651744276
  0
INSERT
  5
6F79
330
1F
100
AcDbEntity
  8
!trafo
100
AcDbBlockReference
  2
q
 10
7518970.5534198
 20
5760822.732501465
 30
0.0
 50
11.77893046163997
  0
INSERT
  5
6F7A
330
1F
100
AcDbEntity
  8
!trafo
100
AcDbBlockReference
  2
q
 10
7519018.685369673
 20
5760832.769318918
 30
0.0
 50
359.5039450341578
  0
INSERT
  5
6F7B
330
1F
100
AcDbEntity
  8
!trafo
100
AcDbBlockReference
  2
q
 10
7519053.161277958
 20
5760832.470826203
 30
0.0
 50
0.3004995846639489
  0
INSERT
  5
6F7C
330
1F
100
AcDbEntity
  8
!trafo
100
AcDbBlockReference
  2
q
 10
7519095.845735833
 20
5760832.694695737
 30
0.0
 50
0.0629145060683443
  0
INSERT
  5
6F7D
330
1F
100
AcDbEntity
  8
!trafo
100
AcDbBlockReference
  2
q
 10
7519189.288133217
 20
5760832.128305814
 30
0.0
 50
0.2010369977744258
  0
INSERT
  5
6F7E
330
1F
100
AcDbEntity
  8
!trafo
100
AcDbBlockReference
  2
q
 10
7519232.844189811
 20
5760832.281134082
 30
0.0
 50
0.6760250240216929
  0
INSERT
  5
6F7F
330
1F
100
AcDbEntity
  8
!trafo
100
AcDbBlockReference
  2
q
 10
7519284.652972916
 20
5760832.892447158
 30
0.0
 50
358.8135706183592
  0
INSERT
  5
6F80
330
1F
100
AcDbEntity
  8
!trafo
100
AcDbBlockReference
  2
q
 10
7519375.945178051
 20
5760815.645538237
 30
0.0
 50
335.8067910103681
  0
INSERT
  5
6F81
330
1F
100
AcDbEntity
  8
!trafo
100
AcDbBlockReference
  2
q
 10
7519421.256371794
 20
5760795.288335248
 30
0.0
 50
322.7550175293321
  0
INSERT
  5
6F82
330
1F
100
AcDbEntity
  8
!trafo
100
AcDbBlockReference
  2
q
 10
7519450.895298951
 20
5760772.754467438
 30
0.0
 50
338.4203144010438
  0
INSERT
  5
6F83
330
1F
100
AcDbEntity
  8
!trafo
100
AcDbBlockReference
  2
R
 10
7518778.01169737
 20
5760837.913166913
 30
0.0
  0
INSERT
  5
6F84
330
1F
100
AcDbEntity
  8
!trafo
100
AcDbBlockReference
  2
R
 10
7518870.438081734
 20
5760803.152319283
 30
0.0
  0
INSERT
  5
6F85
330
1F
100
AcDbEntity
  8
!trafo
100
AcDbBlockReference
  2
R
 10
7519140.106337031
 20
5760832.784241141
 30
0.0
  0
INSERT
  5
6F86
330
1F
100
AcDbEntity
  8
!trafo
100
AcDbBlockReference
  2
R
 10
7519113.875780085
 20
5760931.156046027
 30
0.0
 50
290.2414524713705
  0
INSERT
  5
6F87
330
1F
100
AcDbEntity
  8
!trafo
100
AcDbBlockReference
  2
R
 10
7519336.132893205
 20
5760832.042400661
 30
0.0
  0
INSERT
  5
6F88
330
1F
100
AcDbEntity
  8
!trafo
100
AcDbBlockReference
  2
R
 10
7519493.877051096
 20
5760755.677306925
 30
0.0
  0
INSERT
  5
6F89
330
1F
100
AcDbEntity
  8
!trafo
100
AcDbBlockReference
  2
R
 10
7519587.088243663
 20
5760715.15408691
 30
0.0
  0
INSERT
  5
6F8A
330
1F
100
AcDbEntity
  8
!trafo
100
AcDbBlockReference
  2
q
 10
7519604.081266558
 20
5760700.123950263
 30
0.0
 50
322.2238210639876
  0
INSERT
  5
6F8B
330
1F
100
AcDbEntity
  8
!trafo
100
AcDbBlockReference
  2
q
 10
7519641.862352561
 20
5760670.843086545
 30
0.0
 50
322.4803332986388
  0
INSERT
  5
6F8C
330
1F
100
AcDbEntity
  8
!trafo
100
AcDbBlockReference
  2
q
 10
7519667.468981459
 20
5760651.180460858
 30
0.0
 50
324.6744664313002
  0
INSERT
  5
6F8D
330
1F
100
AcDbEntity
  8
!trafo
100
AcDbBlockReference
  2
R
 10
7519632.335752012
 20
5760287.27346227
 30
0.0
  0
INSERT
  5
6F8E
330
1F
100
AcDbEntity
  8
!trafo
100
AcDbBlockReference
  2
q
 10
7519405.773797942
 20
5760091.450474341
 30
0.0
 50
64.260582729766
  0
INSERT
  5
6F8F
330
1F
100
AcDbEntity
  8
!trafo
100
AcDbBlockReference
  2
q
 10
7519424.280346112
 20
5760129.836637157
 30
0.0
 50
64.43976650239848
  0
INSERT
  5
6F90
330
1F
100
AcDbEntity
  8
!trafo
100
AcDbBlockReference
  2
q
 10
7519441.964172901
 20
5760166.811466477
 30
0.0
 50
63.35223716194694
  0
INSERT
  5
6F91
330
1F
100
AcDbEntity
  8
!trafo
100
AcDbBlockReference
  2
q
 10
7519498.933642129
 20
5760222.865084852
 30
0.0
 50
29.75185675196378
  0
INSERT
  5
6F92
330
1F
100
AcDbEntity
  8
!trafo
100
AcDbBlockReference
  2
q
 10
7519543.07465116
 20
5760248.095647765
 30
0.0
 50
28.44292862328635
  0
INSERT
  5
6F93
330
1F
100
AcDbEntity
  8
!trafo
100
AcDbBlockReference
  2
R
 10
7519460.194007246
 20
5760202.162844863
 30
0.0
  0
INSERT
  5
6F94
330
1F
100
AcDbEntity
  8
!trafo
100
AcDbBlockReference
  2
R
 10
7519387.391857179
 20
5760052.830900865
 30
0.0
  0
INSERT
  5
6F95
330
1F
100
AcDbEntity
  8
!trafo
100
AcDbBlockReference
  2
q
 10
7519532.230269844
 20
5760919.320849097
 30
0.0
 50
77.74963525036977
  0
INSERT
  5
6F96
330
1F
100
AcDbEntity
  8
!trafo
100
AcDbBlockReference
  2
q
 10
7519540.875812761
 20
5760959.138582959
 30
0.0
 50
77.06084970449835
  0
INSERT
  5
6F97
330
1F
100
AcDbEntity
  8
!trafo
100
AcDbBlockReference
  2
q
 10
7519551.01859513
 20
5761003.285655123
 30
0.0
 50
77.74804785304557
  0
INSERT
  5
6F98
330
1F
100
AcDbEntity
  8
!trafo
100
AcDbBlockReference
  2
q
 10
7519560.579409986
 20
5761047.312863805
 30
0.0
 50
77.93817344452046
  0
INSERT
  5
6F99
330
1F
100
AcDbEntity
  8
!trafo
100
AcDbBlockReference
  2
q
 10
7519569.966539395
 20
5761091.242689242
 30
0.0
 50
76.64415554166271
  0
INSERT
  5
6F9A
330
1F
100
AcDbEntity
  8
!trafo
100
AcDbBlockReference
  2
q
 10
7519580.951071215
 20
5761137.509059664
 30
0.0
 50
80.56422918342141
  0
INSERT
  5
6F9B
330
1F
100
AcDbEntity
  8
!trafo
100
AcDbBlockReference
  2
R
 10
7519525.379946927
 20
5760887.13208769
 30
0.0
  0
INSERT
  5
6F9C
330
1F
100
AcDbEntity
  8
!trafo
100
AcDbBlockReference
  2
R
 10
7519588.076338164
 20
5761179.460417913
 30
0.0
  0
INSERT
  5
6F9D
330
1F
100
AcDbEntity
  8
!trafo
100
AcDbBlockReference
  2
q
 10
7519674.156824073
 20
5761231.097703471
 30
0.0
 50
19.41402123972003
  0
INSERT
  5
6F9E
330
1F
100
AcDbEntity
  8
!trafo
100
AcDbBlockReference
  2
q
 10
7519719.266243741
 20
5761246.995646874
 30
0.0
 50
19.30705385987875
  0
INSERT
  5
6F9F
330
1F
100
AcDbEntity
  8
!trafo
100
AcDbBlockReference
  2
q
 10
7519769.564014758
 20
5761264.616627796
 30
0.0
 50
19.04839782318281
  0
INSERT
  5
6FA0
330
1F
100
AcDbEntity
  8
!trafo
100
AcDbBlockReference
  2
R
 10
7519627.987369291
 20
5761215.811623249
 30
0.0
  0
INSERT
  5
6FA1
330
1F
100
AcDbEntity
  8
!trafo
100
AcDbBlockReference
  2
R
 10
7519808.376326402
 20
5761278.102242554
 30
0.0
  0
INSERT
  5
6FA2
330
1F
100
AcDbEntity
  8
!trafo
100
AcDbBlockReference
  2
q
 10
7519466.199536958
 20
5761641.140314646
 30
0.0
 50
20.01684299024198
  0
INSERT
  5
6FA3
330
1F
100
AcDbEntity
  8
!trafo
100
AcDbBlockReference
  2
q
 10
7519511.980856727
 20
5761657.81859495
 30
0.0
 50
20.11141987008408
  0
INSERT
  5
6FA4
330
1F
100
AcDbEntity
  8
!trafo
100
AcDbBlockReference
  2
q
 10
7519557.426372188
 20
5761674.459563667
 30
0.0
 50
20.10328627095267
  0
INSERT
  5
6FA5
330
1F
100
AcDbEntity
  8
!trafo
100
AcDbBlockReference
  2
q
 10
7519603.095757185
 20
5761691.175155561
 30
0.0
 50
20.30086528554061
  0
INSERT
  5
6FA6
330
1F
100
AcDbEntity
  8
!trafo
100
AcDbBlockReference
  2
q
 10
7519649.996424622
 20
5761708.525044469
 30
0.0
 50
20.0210231187215
  0
INSERT
  5
6FA7
330
1F
100
AcDbEntity
  8
!trafo
100
AcDbBlockReference
  2
q
 10
7519695.25538214
 20
5761725.016766829
 30
0.0
 50
20.10914516981445
  0
INSERT
  5
6FA8
330
1F
100
AcDbEntity
  8
!trafo
100
AcDbBlockReference
  2
q
 10
7519741.521752565
 20
5761741.956228259
 30
0.0
 50
20.22151513979564
  0
INSERT
  5
6FA9
330
1F
100
AcDbEntity
  8
!trafo
100
AcDbBlockReference
  2
q
 10
7519764.598500079
 20
5761835.169266724
 30
0.0
 50
291.9148663189761
  0
INSERT
  5
6FAA
330
1F
100
AcDbEntity
  8
!trafo
100
AcDbBlockReference
  2
q
 10
7519775.363859281
 20
5761797.283338527
 30
0.0
 50
291.9148663189761
  0
INSERT
  5
6FAC
330
1F
100
AcDbEntity
  8
!trafo
100
AcDbBlockReference
  2
q
 10
7521080.833056252
 20
5760699.921047399
 30
0.0
 50
12.66878683444055
  0
INSERT
  5
6FAD
330
1F
100
AcDbEntity
  8
!trafo
100
AcDbBlockReference
  2
q
 10
7521129.964956714
 20
5760710.965277759
 30
0.0
 50
11.8992091002651
  0
INSERT
  5
6FAE
330
1F
100
AcDbEntity
  8
!trafo
100
AcDbBlockReference
  2
q
 10
7521178.977460091
 20
5760721.293125607
 30
0.0
 50
12.59473225034458
  0
INSERT
  5
6FAF
330
1F
100
AcDbEntity
  8
!trafo
100
AcDbBlockReference
  2
q
 10
7521228.407853266
 20
5760732.337355963
 30
0.0
 50
12.46212443297209
  0
INSERT
  5
6FB0
330
1F
100
AcDbEntity
  8
!trafo
100
AcDbBlockReference
  2
q
 10
7521277.300959558
 20
5760743.142792153
 30
0.0
 50
13.04749976531507
  0
INSERT
  5
6FB1
330
1F
100
AcDbEntity
  8
!trafo
100
AcDbBlockReference
  2
q
 10
7521319.806321805
 20
5760752.993051664
 30
0.0
 50
12.78890353177445
  0
INSERT
  5
6FB2
330
1F
100
AcDbEntity
  8
!trafo
100
AcDbBlockReference
  2
q
 10
7521367.851055842
 20
5760763.898762746
 30
0.0
 50
12.64540197070775
  0
INSERT
  5
6FB3
330
1F
100
AcDbEntity
  8
!trafo
100
AcDbBlockReference
  2
R
 10
7521035.389371705
 20
5760689.965623968
 30
0.0
  0
INSERT
  5
6FB4
330
1F
100
AcDbEntity
  8
!trafo
100
AcDbBlockReference
  2
q
 10
7521339.526872879
 20
5761155.993136815
 30
0.0
 50
282.6001598208398
  0
INSERT
  5
6FB5
330
1F
100
AcDbEntity
  8
!trafo
100
AcDbBlockReference
  2
q
 10
7521350.415887025
 20
5761107.279126148
 30
0.0
 50
281.7230637602086
  0
INSERT
  5
6FB6
330
1F
100
AcDbEntity
  8
!trafo
100
AcDbBlockReference
  2
q
 10
7521360.445242159
 20
5761058.947186156
 30
0.0
 50
282.141516407062
  0
INSERT
  5
6FB7
330
1F
100
AcDbEntity
  8
!trafo
100
AcDbBlockReference
  2
q
 10
7521370.761150299
 20
5761010.997316837
 30
0.0
 50
281.5196525439898
  0
INSERT
  5
6FB8
330
1F
100
AcDbEntity
  8
!trafo
100
AcDbBlockReference
  2
q
 10
7521380.981540769
 20
5760960.850541155
 30
0.0
 50
282.7903266132892
  0
INSERT
  5
6FB9
330
1F
100
AcDbEntity
  8
!trafo
100
AcDbBlockReference
  2
q
 10
7521392.53917859
 20
5760909.939624126
 30
0.0
 50
283.247172930133
  0
INSERT
  5
6FBA
330
1F
100
AcDbEntity
  8
!trafo
100
AcDbBlockReference
  2
q
 10
7521403.332675069
 20
5760864.091143501
 30
0.0
 50
280.8998008072397
  0
INSERT
  5
6FBB
330
1F
100
AcDbEntity
  8
!trafo
100
AcDbBlockReference
  2
q
 10
7521363.770872921
 20
5761220.733010238
 30
0.0
 50
24.43772582885821
  0
INSERT
  5
6FBC
330
1F
100
AcDbEntity
  8
!trafo
100
AcDbBlockReference
  2
q
 10
7521412.866916362
 20
5761261.857377291
 30
0.0
 50
60.92975181115058
  0
INSERT
  5
6FBD
330
1F
100
AcDbEntity
  8
!trafo
100
AcDbBlockReference
  2
R
 10
7521398.872551939
 20
5761236.683714554
 30
0.0
  0
INSERT
  5
6FBE
330
1F
100
AcDbEntity
  8
!trafo
100
AcDbBlockReference
  2
R
 10
7521312.958581323
 20
5761247.051283799
 30
0.0
 50
301.338457055426
  0
INSERT
  5
6FBF
330
1F
100
AcDbEntity
  8
!trafo
100
AcDbBlockReference
  2
R
 10
7521329.019929403
 20
5761204.13404147
 30
0.0
  0
INSERT
  5
6FC0
330
1F
100
AcDbEntity
  8
!trafo
100
AcDbBlockReference
  2
q
 10
7521294.324078608
 20
5760158.216682548
 30
0.0
 50
74.04826116051866
  0
INSERT
  5
6FC1
330
1F
100
AcDbEntity
  8
!trafo
100
AcDbBlockReference
  2
q
 10
7521307.047330473
 20
5760202.729408287
 30
0.0
 50
76.74387240983849
  0
INSERT
  5
6FC2
330
1F
100
AcDbEntity
  8
!trafo
100
AcDbBlockReference
  2
q
 10
7521316.039423433
 20
5760240.899163886
 30
0.0
 50
75.19113131001927
  0
INSERT
  5
6FC3
330
1F
100
AcDbEntity
  8
!trafo
100
AcDbBlockReference
  2
q
 10
7521328.389559407
 20
5760287.613273376
 30
0.0
 50
76.07423029243953
  0
INSERT
  5
6FC4
330
1F
100
AcDbEntity
  8
!trafo
100
AcDbBlockReference
  2
q
 10
7521340.814318559
 20
5760337.722737471
 30
0.0
 50
78.53699099820906
  0
INSERT
  5
6FC5
330
1F
100
AcDbEntity
  8
!trafo
100
AcDbBlockReference
  2
q
 10
7521350.067592646
 20
5760383.354810878
 30
0.0
 50
77.03728152979518
  0
INSERT
  5
6FC6
330
1F
100
AcDbEntity
  8
!trafo
100
AcDbBlockReference
  2
q
 10
7521355.701642594
 20
5760407.831213298
 30
0.0
 50
76.94478335483518
  0
INSERT
  5
6FC7
330
1F
100
AcDbEntity
  8
!trafo
100
AcDbBlockReference
  2
q
 10
7521362.669348651
 20
5760437.879518547
 30
0.0
 50
77.72021951763439
  0
INSERT
  5
6FC8
330
1F
100
AcDbEntity
  8
!trafo
100
AcDbBlockReference
  2
q
 10
7521395.443848476
 20
5760577.812902123
 30
0.0
 50
78.65104656710099
  0
INSERT
  5
6FC9
330
1F
100
AcDbEntity
  8
!trafo
100
AcDbBlockReference
  2
q
 10
7521407.074803578
 20
5760677.682966963
 30
0.0
 50
86.05633690780425
  0
INSERT
  5
6FCA
330
1F
100
AcDbEntity
  8
!trafo
100
AcDbBlockReference
  2
q
 10
7521410.395535002
 20
5760725.852228435
 30
0.0
 50
87.7991276660323
  0
INSERT
  5
6FCB
330
1F
100
AcDbEntity
  8
!trafo
100
AcDbBlockReference
  2
q
 10
7521412.249796835
 20
5760817.731542458
 30
0.0
 50
89.96638582544305
  0
INSERT
  5
6FCC
330
1F
100
AcDbEntity
  8
!trafo
100
AcDbBlockReference
  2
R
 10
7521412.223802866
 20
5760773.424504471
 30
0.0
  0
INSERT
  5
6FCD
330
1F
100
AcDbEntity
  8
!trafo
100
AcDbBlockReference
  2
R
 10
7521405.5926007
 20
5760628.377567607
 30
0.0
  0
INSERT
  5
6FCE
330
1F
100
AcDbEntity
  8
!trafo
100
AcDbBlockReference
  2
R
 10
7521379.265543465
 20
5760528.979494374
 30
0.0
  0
INSERT
  5
6FCF
330
1F
100
AcDbEntity
  8
!trafo
100
AcDbBlockReference
  2
R
 10
7521375.504535289
 20
5760503.488216733
 30
0.0
  0
INSERT
  5
6FD0
330
1F
100
AcDbEntity
  8
!trafo
100
AcDbBlockReference
  2
R
 10
7521370.907747515
 20
5760475.728394478
 30
0.0
  0
INSERT
  5
6FD1
330
1F
100
AcDbEntity
  8
!trafo
100
AcDbBlockReference
  2
R
 10
7521284.065723595
 20
5760117.274209489
 30
0.0
  0
LWPOLYLINE
  5
985E
330
1F
100
AcDbEntity
  8
!trafo
100
AcDbPolyline
 90
       19
 70
     0
 43
0.0
 10
7525278.03667527
 20
5787867.700742666
 10
7525299.48375609
 20
5787845.811039168
 10
7525309.078206277
 20
5787857.88980975
 10
7525310.52035145
 20
5787871.79620962
 10
7525531.803930683
 20
5787856.509882837
 10
7525526.318834534
 20
5787950.178447865
 10
7525463.451194042
 20
5788037.939986268
 10
7525366.407185231
 20
5788040.049638633
 10
7525270.760817894
 20
5788069.306947952
 10
7525113.38075143
 20
5788084.496444984
 10
7525103.676350548
 20
5788045.256910985
 10
7525240.803754306
 20
5788034.576795887
 10
7525401.080698981
 20
5788000.175494123
 10
7525445.082502669
 20
5788001.805513031
 10
7525474.496601299
 20
5787908.616581461
 10
7525323.977999999
 20
5787895.998
 10
7525306.777590079
 20
5787965.330382485
 10
7525258.156695717
 20
5787963.682216574
 10
7525277.716304664
 20
5787868.082413141
  0
LWPOLYLINE
  5
9863
330
1F
100
AcDbEntity
  8
!trafo
100
AcDbPolyline
 90
       43
 70
     1
 43
0.0
 10
7527009.915586862
 20
5787546.785470718
 10
7526989.554485996
 20
5787476.470116169
 10
7527069.181501547
 20
5787472.967763607
 10
7527052.86465903
 20
5787404.537975208
 10
7527069.840767908
 20
5787403.384259071
 10
7527084.674261102
 20
5787460.081166393
 10
7527251.534577885
 20
5787451.65903859
 10
7527239.868200303
 20
5787327.701139727
 10
7527174.642213099
 20
5787304.503171778
 10
7526932.206535105
 20
5787282.297359637
 10
7526938.181136536
 20
5787247.181124703
 10
7527255.764289941
 20
5787265.386013103
 10
7527303.717717691
 20
5787451.80496348
 10
7527331.290938648
 20
5787450.00670994
 10
7527316.794850676
 20
5787306.550703118
 10
7527373.140128283
 20
5787316.740806516
 10
7527371.451934388
 20
5787436.220099461
 10
7527427.797211994
 20
5787427.828249605
 10
7527401.422826732
 20
5787176.072753919
 10
7527278.542168122
 20
5787179.069843154
 10
7527014.798315498
 20
5787177.87100746
 10
7527003.409376407
 20
5787115.531551385
 10
7527115.124536797
 20
5787133.718482649
 10
7527120.833783513
 20
5786994.174867669
 10
7527149.103125211
 20
5786997.550311453
 10
7527145.727681426
 20
5787118.644357232
 10
7527435.171985971
 20
5787115.268913447
 10
7527466.99229453
 20
5787194.185101415
 10
7527751.204661207
 20
5787167.856639894
 10
7527754.622298041
 20
5787019.563900993
 10
7527789.695268617
 20
5787019.827607539
 10
7527809.886279617
 20
5787185.700016251
 10
7527453.527057169
 20
5787225.944879947
 10
7527460.870460381
 20
5787286.875564956
 10
7527454.119572808
 20
5787411.34505452
 10
7527664.24094841
 20
5787513.030298537
 10
7527726.828688607
 20
5787566.719334457
 10
7527704.044443061
 20
5787595.410606628
 10
7527633.695687367
 20
5787560.366315715
 10
7527526.947277674
 20
5787505.093423742
 10
7527462.391915289
 20
5787486.950413398
 10
7527047.634260237
 20
5787505.515354215
 10
7527057.338661119
 20
5787536.738209223
  0
LWPOLYLINE
  5
9864
330
1F
100
AcDbEntity
  8
!trafo
100
AcDbPolyline
 90
        4
 70
     1
 43
0.0
 10
7527529.702690872
 20
5787881.958557131
 10
7527498.84099655
 20
5787722.953740726
 10
7527571.7505823
 20
5787706.751610559
 10
7527607.530286419
 20
5787872.148356012
  0
LWPOLYLINE
  5
9865
330
1F
100
AcDbEntity
  8
!trafo
100
AcDbPolyline
 90
       12
 70
     1
 43
0.0
 10
7528518.432481491
 20
5787561.070833718
 10
7528513.912949184
 20
5787515.132572329
 10
7528625.960103526
 20
5787502.951538568
 10
7528712.983263601
 20
5787569.141881534
 10
7528863.295994645
 20
5787698.068011719
 10
7528929.167780106
 20
5787793.137385916
 10
7528894.147550838
 20
5787821.406727614
 10
7528700.01345883
 20
5787607.714531961
 10
7528691.584145358
 20
5787659.461150772
 10
7528651.95945928
 20
5787656.431912636
 10
7528661.663860162
 20
5787584.70373221
 10
7528619.470812852
 20
5787550.105433415
  0
LWPOLYLINE
  5
9868
330
1F
100
AcDbEntity
  8
!trafo
100
AcDbPolyline
 90
       10
 70
     1
 43
0.0
 10
7526649.331915685
 20
5787511.778434524
 10
7526646.945044851
 20
5787475.377554958
 10
7526923.0062422
 20
5787458.698115941
 10
7526946.984812937
 20
5787545.7154723
 10
7526923.570053294
 20
5787554.144785771
 10
7526905.774835965
 20
5787509.422594854
 10
7526753.706639871
 20
5787513.285370898
 10
7526777.176522438
 20
5787604.264129157
 10
7526745.795443502
 20
5787610.856792801
 10
7526723.380387117
 20
5787514.076490533
  0
IMAGE
  5
986B
330
1F
100
AcDbEntity
  8
0
160
               236
310
EC000000080000000C00000010000000000000000C00000016000000000000C00C00000012000000FF7F00000C00000017000000FFFFFFFF1000000018000000000000000000F03F10000000190000000000000000000000100000001A000000000000000000000084000000060000000500000003098A13DCB25C4196218E
310
E94D115641000000000000000004780B449CB95C4196218EE94D115641000000000000000004780B449CB95C41E52D264AE2155641000000000000000003098A13DCB25C41E52D264AE2155641000000000000000003098A13DCB25C4196218EE94D1156410000000000000000
100
AcDbRasterImage
 90
        0
 10
7523184.3053
 20
5784887.649299999
 30
0.0
 11
1.246215594014881
 21
0.0
 31
0.0
 12
0.0
 22
1.246215594014881
 32
0.0
 13
5547.0
 23
3763.0
340
986A
 70
     7
280
     0
281
    50
282
    50
283
     0
360
986C
 71
     1
 91
        2
 14
-0.5
 24
-0.5
 14
5546.5
 24
3762.5
290
     0
  0
MULTILEADER
  5
98BB
330
1F
100
AcDbEntity
  8
_mm trafo
 62
     3
160
              1196
310
AC040000210000000C00000010000000090000000C00000016000000030000C30C00000012000000FF7F00000C00000017000000FFFFFFFF1000000018000000000000000000F03F10000000190000000000000000000000100000001A00000000000000000000000C00000016000000030000C30C00000014000000010000
310
000C00000016000000FFFFFFC26C0000000700000004000000DE5940FEB5B45C41D1F35A0A37145641000000000000000069C71BDBBAB45C41AAE8B11C371456410000000000000000945833E0BAB45C41D59C0EC335145641000000000000000009EB5703B6B45C41FCA7B7B03514564100000000000000000C0000001400
310
0000010000000C00000016000000030000C3D80000002600000034B41BF8B5B45C4180AACD8836145641000000000000000000000000000000000000000000000000000000000000F03FD952A9731CFFEF3F200C5744282B8E3F000000000000000053005400410043004A004100200054005200410046004F00000000000C
310
000000010000000000000000000040000000000000F03F0000000000000000000000000000F03F0000000000000000000000000000000000000000000000000000000000000000220000004C00610074006F0020004C0069006700680074000000000000000000000000000C00000016000000030000C3CC00000026000000
310
8E23B8FCB5B45C41323C11B235145641000000000000000000000000000000000000000000000000000000000000F03FD952A9731CFFEF3F200C5744282B8E3F0000000000000000300033002D003000360036003400000007000000010000000000000000000040000000000000F03F0000000000000000000000000000F0
310
3F0000000000000000000000000000000000000000000000000000000000000000220000004C00610074006F0020004C0069006700680074000000000000000000000000000C00000010000000090000000C00000016000000030000C33C0000000600000002000000D339C243B5B45C4171AC1D9335145641000000000000
310
0000BA72C083B5B45C41B3050F943514564100000000000000000C00000010000000090000000C00000014000000010000005400000007000000030000001D6170B3B2B45C41CABF1830371456410000000000000000E0AA0E6CB2B45C4171C240723714564100000000000000000A5F09C5B2B45C4186D1D24A3714564100
310
000000000000000C00000014000000010000000C00000010000000090000003C000000060000000200000013E03CBCB2B45C41A8C8753D371456410000000000000000D339C243B5B45C4171AC1D933514564100000000000000000C00000016000000030000C30C00000012000000FF7F00000C00000017000000FFFFFFFF
310
0C00000010000000090000000C00000016000000030000C38400000006000000050000008B35617CB5B45C411BB37488371456410000000000000000B3863559BBB45C41FE0C919E371456410000000000000000E77C1262BBB45C418CDDF444351456410000000000000000BF2B3E85B5B45C41AA83D82E35145641000000
310
00000000008B35617CB5B45C411BB374883714564100000000000000000C0000000E000000030000000C00000017000000FDFFFFFF
100
AcDbMLeader
270
     2
300
CONTEXT_DATA{
 40
1.0
 10
7525078.058621103
 20
5787862.313416886
 30
0.0
 41
2.0
140
1.5
145
2.0
174
     5
175
     5
176
     0
177
     2
290
     1
304
STACJA TRAFO\P03-0664
 11
0.0
 21
0.0
 31
1.0
340
11
 12
7525079.972677676
 22
5787868.161801294
 32
0.0
 13
0.9998914965641134
 23
0.0147307535033914
 33
0.0
 42
0.0147312863056386
 43
0.0
 44
0.0
 45
1.0
170
     1
 90
-1023410173
171
     1
172
     5
 91
-1073741824
141
1.0
 92
        0
291
     1
292
     1
173
     0
293
     0
142
0.0
143
0.0
294
     0
295
     0
296
     0
110
7525068.925598762
120
5787838.977196599
130
0.0
111
0.9998914965641134
121
0.0147307535033914
131
0.0
112
-0.0147307535033914
122
0.9998914965641134
132
0.0
297
     0
302
LEADER{
290
     1
291
     1
 10
7525077.058729607
 20
5787862.298686133
 30
0.0
 11
0.9998914965641134
 21
0.0147307535033914
 31
0.0
 90
        0
 40
1.0
304
LEADER_LINE{
 10
7525065.688395232
 20
5787869.785202608
 30
0.0
 91
        0
170
     1
 92
-1056964608
340
0
171
    -2
 40
0.0
341
0
 93
        0
305
}
271
     0
303
}
272
     9
273
     9
301
}
340
D8
 90
   279552
170
     1
 91
-1056964608
341
14
171
    -2
290
     1
291
     1
 41
1.0
 42
1.5
172
     2
343
11
173
     5
 95
        5
174
     1
175
     0
 92
-1023410173
292
     1
 93
-1056964608
 10
1.0
 20
1.0
 30
1.0
 43
0.0
176
     0
293
     0
294
     0
178
     0
179
     3
 45
1.0
271
     0
272
     9
273
     9
1001
ACAD_MLEADERVER
1070
     2
  0
MULTILEADER
  5
98BC
330
1F
100
AcDbEntity
  8
_mm trafo
 62
     3
160
              1196
310
AC040000210000000C00000010000000090000000C00000016000000030000C30C00000012000000FF7F00000C00000017000000FFFFFFFF1000000018000000000000000000F03F10000000190000000000000000000000100000001A00000000000000000000000C00000016000000030000C30C00000014000000010000
310
000C00000016000000FFFFFFC26C0000000700000004000000D2D79F9114B55C41C0E8350F3F14564100000000000000005D457B6E19B55C4199DD8C213F145641000000000000000088D6927319B55C41C491E9C73D1456410000000000000000FD68B79614B55C41EB9C92B53D14564100000000000000000C0000001400
310
0000010000000C00000016000000030000C3D80000002600000027327B8B14B55C416F9FA88D3E145641000000000000000000000000000000000000000000000000000000000000F03FD952A9731CFFEF3F200C5744282B8E3F000000000000000053005400410043004A004100200054005200410046004F00000000000C
310
000000010000000000000000000040000000000000F03F0000000000000000000000000000F03F0000000000000000000000000000000000000000000000000000000000000000220000004C00610074006F0020004C0069006700680074000000000000000000000000000C00000016000000030000C3CC00000026000000
310
1482D5C916B55C416BF650BF3D145641000000000000000000000000000000000000000000000000000000000000F03FD952A9731CFFEF3F200C5744282B8E3F0000000000000000300033002D003100330034003100000007000000010000000000000000000040000000000000F03F0000000000000000000000000000F0
310
3F0000000000000000000000000000000000000000000000000000000000000000220000004C00610074006F0020004C0069006700680074000000000000000000000000000C00000010000000090000000C00000016000000030000C33C0000000600000002000000BC7AF2331AB55C41C6ADF7AF3D145641000000000000
310
0000D541F4F319B55C41845406AF3D14564100000000000000000C00000010000000090000000C0000001400000001000000540000000700000003000000321EFD881BB55C41C7980CE93A145641000000000000000084D02EA21BB55C41F9E20A8B3A1456410000000000000000AEA7DC6B1BB55C4140F4CBDB3A14564100
310
000000000000000C00000014000000010000000C00000010000000090000003C0000000600000002000000F0E26C7A1BB55C4184466CE23A1456410000000000000000BC7AF2331AB55C41C6ADF7AF3D14564100000000000000000C00000016000000030000C30C00000012000000FF7F00000C00000017000000FFFFFFFF
310
0C00000010000000090000000C00000016000000030000C38400000006000000050000007FB3C00F14B55C410AA84F8D3F1456410000000000000000A60495EC19B55C41EC016CA33F1456410000000000000000DBFA71F519B55C417AD2CF493D1456410000000000000000B3A99D1814B55C419878B3333D145641000000
310
00000000007FB3C00F14B55C410AA84F8D3F14564100000000000000000C0000000E000000030000000C00000017000000FDFFFFFF
100
AcDbMLeader
270
     2
300
CONTEXT_DATA{
 40
1.0
 10
7525455.109143286
 20
5787894.370833372
 30
0.0
 41
2.0
140
1.5
145
2.0
174
     5
175
     5
176
     2
177
     2
290
     1
304
STACJA TRAFO\P03-1341
 11
0.0
 21
0.0
 31
1.0
340
11
 12
7525477.726273861
 22
5787900.524222755
 32
0.0
 13
0.9998914965641134
 23
0.0147307535033914
 33
0.0
 42
0.0147312863056386
 43
0.0
 44
0.0
 45
1.0
170
     1
 90
-1023410173
171
     3
172
     5
 91
-1073741824
141
1.0
 92
        0
291
     1
292
     1
173
     0
293
     0
142
0.0
143
0.0
294
     0
295
     0
296
     0
110
7525489.77131086
120
5787851.364533456
130
0.0
111
0.9998914965641134
121
0.0147307535033914
131
0.0
112
-0.0147307535033914
122
0.9998914965641134
132
0.0
297
     0
302
LEADER{
290
     1
291
     1
 10
7525480.81167477
 20
5787894.749492115
 30
0.0
 11
-0.9998914965641134
 21
-0.0147307535033914
 31
0.0
 90
        0
 40
1.0
304
LEADER_LINE{
 10
7525486.534107332
 20
5787882.172539466
 30
0.0
 91
        0
170
     1
 92
-1056964608
340
0
171
    -2
 40
0.0
341
0
 93
        0
305
}
271
     0
303
}
272
     9
273
     9
301
}
340
D8
 90
   279552
170
     1
 91
-1056964608
341
14
171
    -2
290
     1
291
     1
 41
1.0
 42
1.5
172
     2
343
11
173
     5
 95
        5
174
     1
175
     2
 92
-1023410173
292
     1
 93
-1056964608
 10
1.0
 20
1.0
 30
1.0
 43
0.0
176
     0
293
     0
294
     0
178
     0
179
     3
 45
1.0
271
     0
272
     9
273
     9
1001
ACAD_MLEADERVER
1070
     2
  0
MULTILEADER
  5
98BD
330
1F
100
AcDbEntity
  8
_mm trafo
 62
     3
160
              1196
310
AC040000210000000C00000010000000090000000C00000016000000030000C30C00000012000000FF7F00000C00000017000000FFFFFFFF1000000018000000000000000000F03F10000000190000000000000000000000100000001A00000000000000000000000C00000016000000030000C30C00000014000000010000
310
000C00000016000000FFFFFFC26C0000000700000004000000857D7E5DA5B45C417D1958BAE3135641000000000000000010EB593AAAB45C41560EAFCCE313564100000000000000003B7C713FAAB45C4181C20B73E21356410000000000000000B00E9662A5B45C41A8CDB460E213564100000000000000000C0000001400
310
0000010000000C00000016000000030000C3D800000026000000D9D75957A5B45C412DD0CA38E3135641000000000000000000000000000000000000000000000000000000000000F03FD952A9731CFFEF3F200C5744282B8E3F000000000000000053005400410043004A004100200054005200410046004F00000000000C
310
000000010000000000000000000040000000000000F03F0000000000000000000000000000F03F0000000000000000000000000000000000000000000000000000000000000000220000004C00610074006F0020004C0069006700680074000000000000000000000000000C00000016000000030000C3CC00000026000000
310
C527B495A7B45C412827736AE2135641000000000000000000000000000000000000000000000000000000000000F03FD952A9731CFFEF3F200C5744282B8E3F0000000000000000300033002D003000350034003100000007000000010000000000000000000040000000000000F03F0000000000000000000000000000F0
310
3F0000000000000000000000000000000000000000000000000000000000000000220000004C00610074006F0020004C0069006700680074000000000000000000000000000C00000010000000090000000C00000016000000030000C33C00000006000000020000006E20D1FFAAB45C4184DE195BE2135641000000000000
310
000087E7D2BFAAB45C414285285AE213564100000000000000000C00000010000000090000000C0000001400000001000000540000000700000003000000E4C3DB54ACB45C4185C92E94DF135641000000000000000036760D6EACB45C41B7132D36DF1356410000000000000000604DBB37ACB45C41FE24EE86DF13564100
310
000000000000000C00000014000000010000000C00000010000000090000003C0000000600000002000000A2884B46ACB45C4142778E8DDF13564100000000000000006E20D1FFAAB45C4184DE195BE213564100000000000000000C00000016000000030000C30C00000012000000FF7F00000C00000017000000FFFFFFFF
310
0C00000010000000090000000C00000016000000030000C384000000060000000500000031599FDBA4B45C41C8D87138E4135641000000000000000058AA73B8AAB45C41AA328E4EE413564100000000000000008DA050C1AAB45C413803F2F4E11356410000000000000000654F7CE4A4B45C4156A9D5DEE1135641000000
310
000000000031599FDBA4B45C41C8D87138E413564100000000000000000C0000000E000000030000000C00000017000000FDFFFFFF
100
AcDbMLeader
270
     2
300
CONTEXT_DATA{
 40
1.0
 10
7525010.294607596
 20
5787529.044795189
 30
0.0
 41
2.0
140
1.5
145
2.0
174
     5
175
     5
176
     2
177
     2
290
     1
304
STACJA TRAFO\P03-0541
 11
0.0
 21
0.0
 31
1.0
340
11
 12
7525032.91173817
 22
5787535.198184571
 32
0.0
 13
0.9998914965641134
 23
0.0147307535033914
 33
0.0
 42
0.0147312863056386
 43
0.0
 44
0.0
 45
1.0
170
     1
 90
-1023410173
171
     3
172
     5
 91
-1073741824
141
1.0
 92
        0
291
     1
292
     1
173
     0
293
     0
142
0.0
143
0.0
294
     0
295
     0
296
     0
110
7525044.95677517
120
5787486.038495273
130
0.0
111
0.9998914965641134
121
0.0147307535033914
131
0.0
112
-0.0147307535033914
122
0.9998914965641134
132
0.0
297
     0
302
LEADER{
290
     1
291
     1
 10
7525035.997139079
 20
5787529.42345393
 30
0.0
 11
-0.9998914965641134
 21
-0.0147307535033914
 31
0.0
 90
        0
 40
1.0
304
LEADER_LINE{
 10
7525041.719571641
 20
5787516.846501282
 30
0.0
 91
        0
170
     1
 92
-1056964608
340
0
171
    -2
 40
0.0
341
0
 93
        0
305
}
271
     0
303
}
272
     9
273
     9
301
}
340
D8
 90
   279552
170
     1
 91
-1056964608
341
14
171
    -2
290
     1
291
     1
 41
1.0
 42
1.5
172
     2
343
11
173
     5
 95
        5
174
     1
175
     2
 92
-1023410173
292
     1
 93
-1056964608
 10
1.0
 20
1.0
 30
1.0
 43
0.0
176
     0
293
     0
294
     0
178
     0
179
     3
 45
1.0
271
     0
272
     9
273
     9
1001
ACAD_MLEADERVER
1070
     2
  0
MULTILEADER
  5
98BF
330
1F
100
AcDbEntity
  8
_mm trafo
 62
     3
160
              1196
310
AC040000210000000C00000010000000090000000C00000016000000030000C30C00000012000000FF7F00000C00000017000000FFFFFFFF1000000018000000000000000000F03F10000000190000000000000000000000100000001A00000000000000000000000C00000016000000030000C30C00000014000000010000
310
000C00000016000000FFFFFFC26C00000007000000040000000C7EB6F629B65C417D4B464383135641000000000000000098EB91D32EB65C4156409D55831356410000000000000000C37CA9D82EB65C4181F4F9FB811356410000000000000000370FCEFB29B65C41A8FFA2E98113564100000000000000000C0000001400
310
0000010000000C00000016000000030000C3D80000002600000063D891F029B65C412C02B9C182135641000000000000000000000000000000000000000000000000000000000000F03FD952A9731CFFEF3F200C5744282B8E3F000000000000000053005400410043004A004100200054005200410046004F00000000000C
310
000000010000000000000000000040000000000000F03F0000000000000000000000000000F03F0000000000000000000000000000000000000000000000000000000000000000220000004C00610074006F0020004C0069006700680074000000000000000000000000000C00000016000000030000C3CC00000026000000
310
D9CDF7252CB65C4195933FF381135641000000000000000000000000000000000000000000000000000000000000F03FD952A9731CFFEF3F200C5744282B8E3F0000000000000000300033002D003000340039003400000007000000010000000000000000000040000000000000F03F0000000000000000000000000000F0
310
3F0000000000000000000000000000000000000000000000000000000000000000220000004C00610074006F0020004C0069006700680074000000000000000000000000000C00000010000000090000000C00000016000000030000C33C0000000600000002000000F72009992FB65C41831008E481135641000000000000
310
000010E80A592FB65C4141B716E38113564100000000000000000C00000010000000090000000C00000014000000010000005400000007000000030000006DC413EE30B65C4184FB1C1D7F1356410000000000000000BF76450731B65C41B6451BBF7E1356410000000000000000E94DF3D030B65C41FD56DC0F7F13564100
310
000000000000000C00000014000000010000000C00000010000000090000003C00000006000000020000002B8983DF30B65C4141A97C167F1356410000000000000000F72009992FB65C41831008E48113564100000000000000000C00000016000000030000C30C00000012000000FF7F00000C00000017000000FFFFFFFF
310
0C00000010000000090000000C00000016000000030000C3840000000600000005000000BA59D77429B65C41C70A60C1831356410000000000000000E1AAAB512FB65C41A9647CD783135641000000000000000016A1885A2FB65C413735E07D811356410000000000000000EE4FB47D29B65C4155DBC36781135641000000
310
0000000000BA59D77429B65C41C70A60C18313564100000000000000000C0000000E000000030000000C00000017000000FDFFFFFF
100
AcDbMLeader
270
     2
300
CONTEXT_DATA{
 40
1.0
 10
7526564.688650692
 20
5787143.184333476
 30
0.0
 41
2.0
140
1.5
145
2.0
174
     5
175
     5
176
     2
177
     2
290
     1
304
STACJA TRAFO\P03-0494
 11
0.0
 21
0.0
 31
1.0
340
11
 12
7526587.305781267
 22
5787149.337722858
 32
0.0
 13
0.9998914965641134
 23
0.0147307535033914
 33
0.0
 42
0.0147312863056386
 43
0.0
 44
0.0
 45
1.0
170
     1
 90
-1023410173
171
     3
172
     5
 91
-1073741824
141
1.0
 92
        0
291
     1
292
     1
173
     0
293
     0
142
0.0
143
0.0
294
     0
295
     0
296
     0
110
7526599.350818266
120
5787100.17803356
130
0.0
111
0.9998914965641134
121
0.0147307535033914
131
0.0
112
-0.0147307535033914
122
0.9998914965641134
132
0.0
297
     0
302
LEADER{
290
     1
291
     1
 10
7526590.391182176
 20
5787143.562992217
 30
0.0
 11
-0.9998914965641134
 21
-0.0147307535033914
 31
0.0
 90
        0
 40
1.0
304
LEADER_LINE{
 10
7526596.113614736
 20
5787130.986039569
 30
0.0
 91
        0
170
     1
 92
-1056964608
340
0
171
    -2
 40
0.0
341
0
 93
        0
305
}
271
     0
303
}
272
     9
273
     9
301
}
340
D8
 90
   279552
170
     1
 91
-1056964608
341
14
171
    -2
290
     1
291
     1
 41
1.0
 42
1.5
172
     2
343
11
173
     5
 95
        5
174
     1
175
     2
 92
-1023410173
292
     1
 93
-1056964608
 10
1.0
 20
1.0
 30
1.0
 43
0.0
176
     0
293
     0
294
     0
178
     0
179
     3
 45
1.0
271
     0
272
     9
273
     9
1001
ACAD_MLEADERVER
1070
     2
  0
MULTILEADER
  5
98C0
330
1F
100
AcDbEntity
  8
_mm trafo
 62
     3
160
              1196
310
AC040000210000000C00000010000000090000000C00000016000000030000C30C00000012000000FF7F00000C00000017000000FFFFFFFF1000000018000000000000000000F03F10000000190000000000000000000000100000001A00000000000000000000000C00000016000000030000C30C00000014000000010000
310
000C00000016000000FFFFFFC26C00000007000000040000001069C578AAB55C41055E0ED50B14564100000000000000009BD6A055AFB55C41DE5265E70B1456410000000000000000C667B85AAFB55C410907C28D0A14564100000000000000003BFADC7DAAB55C4130126B7B0A14564100000000000000000C0000001400
310
0000010000000C00000016000000030000C3D80000002600000065C3A072AAB55C41B41481530B145641000000000000000000000000000000000000000000000000000000000000F03FD952A9731CFFEF3F200C5744282B8E3F000000000000000053005400410043004A004100200054005200410046004F00000000000C
310
000000010000000000000000000040000000000000F03F0000000000000000000000000000F03F0000000000000000000000000000000000000000000000000000000000000000220000004C00610074006F0020004C0069006700680074000000000000000000000000000C00000016000000030000C3CC00000026000000
310
3B5275ACACB55C413C5D18850A145641000000000000000000000000000000000000000000000000000000000000F03FD952A9731CFFEF3F200C5744282B8E3F0000000000000000300033002D003000340039003600000007000000010000000000000000000040000000000000F03F0000000000000000000000000000F0
310
3F0000000000000000000000000000000000000000000000000000000000000000220000004C00610074006F0020004C0069006700680074000000000000000000000000000C00000010000000090000000C00000016000000030000C33C0000000600000002000000F90B181BB0B55C410B23D0750A145641000000000000
310
000012D319DBAFB55C41C9C9DE740A14564100000000000000000C00000010000000090000000C00000014000000010000005400000007000000030000006FAF2270B1B55C410C0EE5AE071456410000000000000000C1615489B1B55C413E58E350071456410000000000000000EB380253B1B55C418569A4A10714564100
310
000000000000000C00000014000000010000000C00000010000000090000003C00000006000000020000002D749261B1B55C41C9BB44A8071456410000000000000000F90B181BB0B55C410B23D0750A14564100000000000000000C00000016000000030000C30C00000012000000FF7F00000C00000017000000FFFFFFFF
310
0C00000010000000090000000C00000016000000030000C3840000000600000005000000BC44E6F6A9B55C414F1D28530C1456410000000000000000E395BAD3AFB55C41317744690C1456410000000000000000188C97DCAFB55C41BF47A80F0A1456410000000000000000F03AC3FFA9B55C41DDED8BF909145641000000
310
0000000000BC44E6F6A9B55C414F1D28530C14564100000000000000000C0000000E000000030000000C00000017000000FDFFFFFF
100
AcDbMLeader
270
     2
300
CONTEXT_DATA{
 40
1.0
 10
7526054.720811214
 20
5787689.462169926
 30
0.0
 41
2.0
140
1.5
145
2.0
174
     5
175
     5
176
     2
177
     2
290
     1
304
STACJA TRAFO\P03-0496
 11
0.0
 21
0.0
 31
1.0
340
11
 12
7526077.337941789
 22
5787695.615559308
 32
0.0
 13
0.9998914965641134
 23
0.0147307535033914
 33
0.0
 42
0.0147312863056386
 43
0.0
 44
0.0
 45
1.0
170
     1
 90
-1023410173
171
     3
172
     5
 91
-1073741824
141
1.0
 92
        0
291
     1
292
     1
173
     0
293
     0
142
0.0
143
0.0
294
     0
295
     0
296
     0
110
7526089.382978788
120
5787646.45587001
130
0.0
111
0.9998914965641134
121
0.0147307535033914
131
0.0
112
-0.0147307535033914
122
0.9998914965641134
132
0.0
297
     0
302
LEADER{
290
     1
291
     1
 10
7526080.423342698
 20
5787689.840828667
 30
0.0
 11
-0.9998914965641134
 21
-0.0147307535033914
 31
0.0
 90
        0
 40
1.0
304
LEADER_LINE{
 10
7526086.145775259
 20
5787677.263876019
 30
0.0
 91
        0
170
     1
 92
-1056964608
340
0
171
    -2
 40
0.0
341
0
 93
        0
305
}
271
     0
303
}
272
     9
273
     9
301
}
340
D8
 90
   279552
170
     1
 91
-1056964608
341
14
171
    -2
290
     1
291
     1
 41
1.0
 42
1.5
172
     2
343
11
173
     5
 95
        5
174
     1
175
     2
 92
-1023410173
292
     1
 93
-1056964608
 10
1.0
 20
1.0
 30
1.0
 43
0.0
176
     0
293
     0
294
     0
178
     0
179
     3
 45
1.0
271
     0
272
     9
273
     9
1001
ACAD_MLEADERVER
1070
     2
  0
MULTILEADER
  5
98C1
330
1F
100
AcDbEntity
  8
_mm trafo
 62
     3
160
              1196
310
AC040000210000000C00000010000000090000000C00000016000000030000C30C00000012000000FF7F00000C00000017000000FFFFFFFF1000000018000000000000000000F03F10000000190000000000000000000000100000001A00000000000000000000000C00000016000000030000C30C00000014000000010000
310
000C00000016000000FFFFFFC26C0000000700000004000000D1341B0AEAB55C41DB98E5A3D813564100000000000000005CA2F6E6EEB55C41B48D3CB6D8135641000000000000000087330EECEEB55C41DF41995CD71356410000000000000000FCC5320FEAB55C41064D424AD713564100000000000000000C0000001400
310
0000010000000C00000016000000030000C3D800000026000000278FF603EAB55C418A4F5822D8135641000000000000000000000000000000000000000000000000000000000000F03FD952A9731CFFEF3F200C5744282B8E3F000000000000000053005400410043004A004100200054005200410046004F00000000000C
310
000000010000000000000000000040000000000000F03F0000000000000000000000000000F03F0000000000000000000000000000000000000000000000000000000000000000220000004C00610074006F0020004C0069006700680074000000000000000000000000000C00000016000000030000C3CC00000026000000
310
06389A3FECB55C41A66AF653D7135641000000000000000000000000000000000000000000000000000000000000F03FD952A9731CFFEF3F200C5744282B8E3F0000000000000000300033002D003100320033003300000007000000010000000000000000000040000000000000F03F0000000000000000000000000000F0
310
3F0000000000000000000000000000000000000000000000000000000000000000220000004C00610074006F0020004C0069006700680074000000000000000000000000000C00000010000000090000000C00000016000000030000C33C0000000600000002000000BCD76DACEFB55C41E15DA744D7135641000000000000
310
0000D59E6F6CEFB55C419F04B643D713564100000000000000000C00000010000000090000000C0000001400000001000000540000000700000003000000327B7801F1B55C41E248BC7DD41356410000000000000000842DAA1AF1B55C411493BA1FD41356410000000000000000AE0458E4F0B55C415BA47B70D413564100
310
000000000000000C00000014000000010000000C00000010000000090000003C0000000600000002000000F03FE8F2F0B55C419FF61B77D41356410000000000000000BCD76DACEFB55C41E15DA744D713564100000000000000000C00000016000000030000C30C00000012000000FF7F00000C00000017000000FFFFFFFF
310
0C00000010000000090000000C00000016000000030000C38400000006000000050000007F103C88E9B55C412558FF21D91356410000000000000000A6611065EFB55C4107B21B38D91356410000000000000000DB57ED6DEFB55C4195827FDED61356410000000000000000B3061991E9B55C41B32863C8D6135641000000
310
00000000007F103C88E9B55C412558FF21D913564100000000000000000C0000000E000000030000000C00000017000000FDFFFFFF
100
AcDbMLeader
270
     2
300
CONTEXT_DATA{
 40
1.0
 10
7526308.991672784
 20
5787484.694056512
 30
0.0
 41
2.0
140
1.5
145
2.0
174
     5
175
     5
176
     2
177
     2
290
     1
304
STACJA TRAFO\P03-1233
 11
0.0
 21
0.0
 31
1.0
340
11
 12
7526331.608803358
 22
5787490.847445894
 32
0.0
 13
0.9998914965641134
 23
0.0147307535033914
 33
0.0
 42
0.0147312863056386
 43
0.0
 44
0.0
 45
1.0
170
     1
 90
-1023410173
171
     3
172
     5
 91
-1073741824
141
1.0
 92
        0
291
     1
292
     1
173
     0
293
     0
142
0.0
143
0.0
294
     0
295
     0
296
     0
110
7526343.653840357
120
5787441.687756596
130
0.0
111
0.9998914965641134
121
0.0147307535033914
131
0.0
112
-0.0147307535033914
122
0.9998914965641134
132
0.0
297
     0
302
LEADER{
290
     1
291
     1
 10
7526334.694204267
 20
5787485.072715253
 30
0.0
 11
-0.9998914965641134
 21
-0.0147307535033914
 31
0.0
 90
        0
 40
1.0
304
LEADER_LINE{
 10
7526340.416636828
 20
5787472.495762605
 30
0.0
 91
        0
170
     1
 92
-1056964608
340
0
171
    -2
 40
0.0
341
0
 93
        0
305
}
271
     0
303
}
272
     9
273
     9
301
}
340
D8
 90
   279552
170
     1
 91
-1056964608
341
14
171
    -2
290
     1
291
     1
 41
1.0
 42
1.5
172
     2
343
11
173
     5
 95
        5
174
     1
175
     2
 92
-1023410173
292
     1
 93
-1056964608
 10
1.0
 20
1.0
 30
1.0
 43
0.0
176
     0
293
     0
294
     0
178
     0
179
     3
 45
1.0
271
     0
272
     9
273
     9
1001
ACAD_MLEADERVER
1070
     2
  0
MULTILEADER
  5
98C2
330
1F
100
AcDbEntity
  8
_mm trafo
 62
     3
160
              1196
310
AC040000210000000C00000010000000090000000C00000016000000030000C30C00000012000000FF7F00000C00000017000000FFFFFFFF1000000018000000000000000000F03F10000000190000000000000000000000100000001A00000000000000000000000C00000016000000030000C30C00000014000000010000
310
000C00000016000000FFFFFFC26C00000007000000040000001A396BFBFEB65C4106A624E0D61356410000000000000000A5A646D803B75C41DF9A7BF2D61356410000000000000000D0375EDD03B75C410A4FD898D5135641000000000000000045CA8200FFB65C41315A8186D513564100000000000000000C0000001400
310
0000010000000C00000016000000030000C3D8000000260000006F9346F5FEB65C41B75C975ED6135641000000000000000000000000000000000000000000000000000000000000F03FD952A9731CFFEF3F200C5744282B8E3F000000000000000053005400410043004A004100200054005200410046004F00000000000C
310
000000010000000000000000000040000000000000F03F0000000000000000000000000000F03F0000000000000000000000000000000000000000000000000000000000000000220000004C00610074006F0020004C0069006700680074000000000000000000000000000C00000016000000030000C3CC00000026000000
310
F493723301B75C4109053F90D5135641000000000000000000000000000000000000000000000000000000000000F03FD952A9731CFFEF3F200C5744282B8E3F0000000000000000300033002D003000340039003500000007000000010000000000000000000040000000000000F03F0000000000000000000000000000F0
310
3F0000000000000000000000000000000000000000000000000000000000000000220000004C00610074006F0020004C0069006700680074000000000000000000000000000C00000010000000090000000C00000016000000030000C33C000000060000000200000004DCBD9D04B75C410D6BE680D5135641000000000000
310
00001DA3BF5D04B75C41CB11F57FD513564100000000000000000C00000010000000090000000C00000014000000010000005400000007000000030000007A7FC8F205B75C410E56FBB9D21356410000000000000000CC31FA0B06B75C4140A0F95BD21356410000000000000000F608A8D505B75C4187B1BAACD213564100
310
000000000000000C00000014000000010000000C00000010000000090000003C0000000600000002000000384438E405B75C41CB035BB3D2135641000000000000000004DCBD9D04B75C410D6BE680D513564100000000000000000C00000016000000030000C30C00000012000000FF7F00000C00000017000000FFFFFFFF
310
0C00000010000000090000000C00000016000000030000C3840000000600000005000000C7148C79FEB65C4151653E5ED71356410000000000000000EE65605604B75C4133BF5A74D71356410000000000000000235C3D5F04B75C41C18FBE1AD51356410000000000000000FB0A6982FEB65C41DF35A204D5135641000000
310
0000000000C7148C79FEB65C4151653E5ED713564100000000000000000C0000000E000000030000000C00000017000000FDFFFFFF
100
AcDbMLeader
270
     2
300
CONTEXT_DATA{
 40
1.0
 10
7527416.762181617
 20
5787477.635404867
 30
0.0
 41
2.0
140
1.5
145
2.0
174
     5
175
     5
176
     2
177
     2
290
     1
304
STACJA TRAFO\P03-0495
 11
0.0
 21
0.0
 31
1.0
340
11
 12
7527439.379312191
 22
5787483.78879425
 32
0.0
 13
0.9998914965641134
 23
0.0147307535033914
 33
0.0
 42
0.0147312863056386
 43
0.0
 44
0.0
 45
1.0
170
     1
 90
-1023410173
171
     3
172
     5
 91
-1073741824
141
1.0
 92
        0
291
     1
292
     1
173
     0
293
     0
142
0.0
143
0.0
294
     0
295
     0
296
     0
110
7527451.424349191
120
5787434.629104951
130
0.0
111
0.9998914965641134
121
0.0147307535033914
131
0.0
112
-0.0147307535033914
122
0.9998914965641134
132
0.0
297
     0
302
LEADER{
290
     1
291
     1
 10
7527442.4647131
 20
5787478.014063609
 30
0.0
 11
-0.9998914965641134
 21
-0.0147307535033914
 31
0.0
 90
        0
 40
1.0
304
LEADER_LINE{
 10
7527448.187145662
 20
5787465.437110959
 30
0.0
 91
        0
170
     1
 92
-1056964608
340
0
171
    -2
 40
0.0
341
0
 93
        0
305
}
271
     0
303
}
272
     9
273
     9
301
}
340
D8
 90
   279552
170
     1
 91
-1056964608
341
14
171
    -2
290
     1
291
     1
 41
1.0
 42
1.5
172
     2
343
11
173
     5
 95
        5
174
     1
175
     2
 92
-1023410173
292
     1
 93
-1056964608
 10
1.0
 20
1.0
 30
1.0
 43
0.0
176
     0
293
     0
294
     0
178
     0
179
     3
 45
1.0
271
     0
272
     9
273
     9
1001
ACAD_MLEADERVER
1070
     2
  0
MULTILEADER
  5
98C3
330
1F
100
AcDbEntity
  8
_mm trafo
 62
     3
160
              1196
310
AC040000210000000C00000010000000090000000C00000016000000030000C30C00000012000000FF7F00000C00000017000000FFFFFFFF1000000018000000000000000000F03F10000000190000000000000000000000100000001A00000000000000000000000C00000016000000030000C30C00000014000000010000
310
000C00000016000000FFFFFFC26C0000000700000004000000AB0C41941CB75C4180862358381456410000000000000000367A1C7121B75C41597B7A6A381456410000000000000000610B347621B75C41842FD710371456410000000000000000D69D58991CB75C41AB3A80FE3614564100000000000000000C0000001400
310
0000010000000C00000016000000030000C3D80000002600000000671C8E1CB75C41303D96D637145641000000000000000000000000000000000000000000000000000000000000F03FD952A9731CFFEF3F200C5744282B8E3F000000000000000053005400410043004A004100200054005200410046004F00000000000C
310
000000010000000000000000000040000000000000F03F0000000000000000000000000000F03F0000000000000000000000000000000000000000000000000000000000000000220000004C00610074006F0020004C0069006700680074000000000000000000000000000C00000016000000030000C3CC00000026000000
310
D6F5F0C71EB75C41B8852D0837145641000000000000000000000000000000000000000000000000000000000000F03FD952A9731CFFEF3F200C5744282B8E3F0000000000000000300033002D003100330033003600000007000000010000000000000000000040000000000000F03F0000000000000000000000000000F0
310
3F0000000000000000000000000000000000000000000000000000000000000000220000004C00610074006F0020004C0069006700680074000000000000000000000000000C00000010000000090000000C00000016000000030000C33C000000060000000200000094AF933622B75C41864BE5F836145641000000000000
310
0000AD7695F621B75C4144F2F3F73614564100000000000000000C00000010000000090000000C00000014000000010000005400000007000000030000000A539E8B23B75C418736FA313414564100000000000000005C05D0A423B75C41B980F8D333145641000000000000000086DC7D6E23B75C410092B9243414564100
310
000000000000000C00000014000000010000000C00000010000000090000003C0000000600000002000000C8170E7D23B75C4144E4592B34145641000000000000000094AF933622B75C41864BE5F83614564100000000000000000C00000016000000030000C30C00000012000000FF7F00000C00000017000000FFFFFFFF
310
0C00000010000000090000000C00000016000000030000C384000000060000000500000057E861121CB75C41CA453DD63814564100000000000000007E3936EF21B75C41AC9F59EC381456410000000000000000B32F13F821B75C413A70BD923614564100000000000000008BDE3E1B1CB75C415816A17C36145641000000
310
000000000057E861121CB75C41CA453DD63814564100000000000000000C0000000E000000030000000C00000017000000FDFFFFFF
100
AcDbMLeader
270
     2
300
CONTEXT_DATA{
 40
1.0
 10
7527535.150232544
 20
5787867.510336314
 30
0.0
 41
2.0
140
1.5
145
2.0
174
     5
175
     5
176
     2
177
     2
290
     1
304
STACJA TRAFO\P03-1336
 11
0.0
 21
0.0
 31
1.0
340
11
 12
7527557.76736312
 22
5787873.663725697
 32
0.0
 13
0.9998914965641134
 23
0.0147307535033914
 33
0.0
 42
0.0147312863056386
 43
0.0
 44
0.0
 45
1.0
170
     1
 90
-1023410173
171
     3
172
     5
 91
-1073741824
141
1.0
 92
        0
291
     1
292
     1
173
     0
293
     0
142
0.0
143
0.0
294
     0
295
     0
296
     0
110
7527569.81240012
120
5787824.504036399
130
0.0
111
0.9998914965641134
121
0.0147307535033914
131
0.0
112
-0.0147307535033914
122
0.9998914965641134
132
0.0
297
     0
302
LEADER{
290
     1
291
     1
 10
7527560.852764029
 20
5787867.888995057
 30
0.0
 11
-0.9998914965641134
 21
-0.0147307535033914
 31
0.0
 90
        0
 40
1.0
304
LEADER_LINE{
 10
7527566.57519659
 20
5787855.312042409
 30
0.0
 91
        0
170
     1
 92
-1056964608
340
0
171
    -2
 40
0.0
341
0
 93
        0
305
}
271
     0
303
}
272
     9
273
     9
301
}
340
D8
 90
   279552
170
     1
 91
-1056964608
341
14
171
    -2
290
     1
291
     1
 41
1.0
 42
1.5
172
     2
343
11
173
     5
 95
        5
174
     1
175
     2
 92
-1023410173
292
     1
 93
-1056964608
 10
1.0
 20
1.0
 30
1.0
 43
0.0
176
     0
293
     0
294
     0
178
     0
179
     3
 45
1.0
271
     0
272
     9
273
     9
1001
ACAD_MLEADERVER
1070
     2
  0
MULTILEADER
  5
98C4
330
1F
100
AcDbEntity
  8
_mm trafo
 62
     3
160
              1196
310
AC040000210000000C00000010000000090000000C00000016000000030000C30C00000012000000FF7F00000C00000017000000FFFFFFFF1000000018000000000000000000F03F10000000190000000000000000000000100000001A00000000000000000000000C00000016000000030000C30C00000014000000010000
310
000C00000016000000FFFFFFC26C0000000700000004000000193B95D114B85C41BCA79E4FE81356410000000000000000A4A870AE19B85C41959CF561E81356410000000000000000CF3988B319B85C41C0505208E7135641000000000000000044CCACD614B85C41E75BFBF5E613564100000000000000000C0000001400
310
0000010000000C00000016000000030000C3D8000000260000006F9570CB14B85C416B5E11CEE7135641000000000000000000000000000000000000000000000000000000000000F03FD952A9731CFFEF3F200C5744282B8E3F000000000000000053005400410043004A004100200054005200410046004F00000000000C
310
000000010000000000000000000040000000000000F03F0000000000000000000000000000F03F0000000000000000000000000000000000000000000000000000000000000000220000004C00610074006F0020004C0069006700680074000000000000000000000000000C00000016000000030000C3CC00000026000000
310
3E0A760317B85C415FD4A1FFE6135641000000000000000000000000000000000000000000000000000000000000F03FD952A9731CFFEF3F200C5744282B8E3F0000000000000000300033002D003000340039003700000007000000010000000000000000000040000000000000F03F0000000000000000000000000000F0
310
3F0000000000000000000000000000000000000000000000000000000000000000220000004C00610074006F0020004C0069006700680074000000000000000000000000000C00000010000000090000000C00000016000000030000C33C000000060000000200000004DEE7731AB85C41C26C60F0E6135641000000000000
310
00001DA5E9331AB85C4180136FEFE613564100000000000000000C00000010000000090000000C00000014000000010000005400000007000000030000007A81F2C81BB85C41C3577529E41356410000000000000000CC3324E21BB85C41F5A173CBE31356410000000000000000F60AD2AB1BB85C413CB3341CE413564100
310
000000000000000C00000014000000010000000C00000010000000090000003C0000000600000002000000384662BA1BB85C418005D522E4135641000000000000000004DEE7731AB85C41C26C60F0E613564100000000000000000C00000016000000030000C30C00000012000000FF7F00000C00000017000000FFFFFFFF
310
0C00000010000000090000000C00000016000000030000C3840000000600000005000000C716B64F14B85C410667B8CDE81356410000000000000000EE678A2C1AB85C41E8C0D4E3E81356410000000000000000235E67351AB85C417691388AE61356410000000000000000FB0C935814B85C4194371C74E6135641000000
310
0000000000C716B64F14B85C410667B8CDE813564100000000000000000C0000000E000000030000000C00000017000000FDFFFFFF
100
AcDbMLeader
270
     2
300
CONTEXT_DATA{
 40
1.0
 10
7528528.10849557
 20
5787547.377226563
 30
0.0
 41
2.0
140
1.5
145
2.0
174
     5
175
     5
176
     2
177
     2
290
     1
304
STACJA TRAFO\P03-0497
 11
0.0
 21
0.0
 31
1.0
340
11
 12
7528550.725626145
 22
5787553.530615944
 32
0.0
 13
0.9998914965641134
 23
0.0147307535033914
 33
0.0
 42
0.0147312863056386
 43
0.0
 44
0.0
 45
1.0
170
     1
 90
-1023410173
171
     3
172
     5
 91
-1073741824
141
1.0
 92
        0
291
     1
292
     1
173
     0
293
     0
142
0.0
143
0.0
294
     0
295
     0
296
     0
110
7528562.770663143
120
5787504.370926647
130
0.0
111
0.9998914965641134
121
0.0147307535033914
131
0.0
112
-0.0147307535033914
122
0.9998914965641134
132
0.0
297
     0
302
LEADER{
290
     1
291
     1
 10
7528553.811027054
 20
5787547.755885305
 30
0.0
 11
-0.9998914965641134
 21
-0.0147307535033914
 31
0.0
 90
        0
 40
1.0
304
LEADER_LINE{
 10
7528559.533459615
 20
5787535.178932656
 30
0.0
 91
        0
170
     1
 92
-1056964608
340
0
171
    -2
 40
0.0
341
0
 93
        0
305
}
271
     0
303
}
272
     9
273
     9
301
}
340
D8
 90
   279552
170
     1
 91
-1056964608
341
14
171
    -2
290
     1
291
     1
 41
1.0
 42
1.5
172
     2
343
11
173
     5
 95
        5
174
     1
175
     2
 92
-1023410173
292
     1
 93
-1056964608
 10
1.0
 20
1.0
 30
1.0
 43
0.0
176
     0
293
     0
294
     0
178
     0
179
     3
 45
1.0
271
     0
272
     9
273
     9
1001
ACAD_MLEADERVER
1070
     2
  0
MULTILEADER
  5
98C5
330
1F
100
AcDbEntity
  8
_mm trafo
 62
     3
160
              1196
310
AC040000210000000C00000010000000090000000C00000016000000030000C30C00000012000000FF7F00000C00000017000000FFFFFFFF1000000018000000000000000000F03F10000000190000000000000000000000100000001A00000000000000000000000C00000016000000030000C30C00000014000000010000
310
000C00000016000000FFFFFFC26C000000070000000400000086CC55847BB65C41DAB7F494DC1356410000000000000000113A316180B65C41B3AC4BA7DC13564100000000000000003CCB486680B65C41DE60A84DDB1356410000000000000000B15D6D897BB65C41056C513BDB13564100000000000000000C0000001400
310
0000010000000C00000016000000030000C3D800000026000000DB26317E7BB65C418A6E6713DC135641000000000000000000000000000000000000000000000000000000000000F03FD952A9731CFFEF3F200C5744282B8E3F000000000000000053005400410043004A004100200054005200410046004F00000000000C
310
000000010000000000000000000040000000000000F03F0000000000000000000000000000F03F0000000000000000000000000000000000000000000000000000000000000000220000004C00610074006F0020004C0069006700680074000000000000000000000000000C00000016000000030000C3CC00000026000000
310
5B9A75BB7DB65C4193AD0B45DB135641000000000000000000000000000000000000000000000000000000000000F03FD952A9731CFFEF3F200C5744282B8E3F0000000000000000300033002D003100340033003900000007000000010000000000000000000040000000000000F03F0000000000000000000000000000F0
310
3F0000000000000000000000000000000000000000000000000000000000000000220000004C00610074006F0020004C0069006700680074000000000000000000000000000C00000010000000090000000C00000016000000030000C33C00000006000000020000008F299E2681B65C413BCB6F38DB135641000000000000
310
0000A8F09FE680B65C41F9717E37DB13564100000000000000000C00000010000000090000000C00000014000000010000005400000007000000030000001AB3D07B82B65C417A53D36ED8135641000000000000000037C5E49482B65C4114B2C910D813564100000000000000000811AC5E82B65C4118DD9B61D813564100
310
000000000000000C00000014000000010000000C00000010000000090000003C000000060000000200000011623E6D82B65C4149983768D813564100000000000000008F299E2681B65C413BCB6F38DB13564100000000000000000C00000016000000030000C30C00000012000000FF7F00000C00000017000000FFFFFFFF
310
0C00000010000000090000000C00000016000000030000C384000000060000000500000032A876027BB65C4125770E13DD135641000000000000000059F94ADF80B65C4107D12A29DD13564100000000000000008EEF27E880B65C4195A18ECFDA1356410000000000000000669E530B7BB65C41B34772B9DA135641000000
310
000000000032A876027BB65C4125770E13DD13564100000000000000000C0000000E000000030000000C00000017000000FDFFFFFF
100
AcDbMLeader
270
     2
300
CONTEXT_DATA{
 40
1.0
 10
7526890.90087198
 20
5787500.503164615
 30
0.0
 41
2.0
140
1.5
145
2.0
174
     5
175
     5
176
     2
177
     2
290
     1
304
STACJA TRAFO\P03-1439
 11
0.0
 21
0.0
 31
1.0
340
11
 12
7526913.518629564
 22
5787506.613993811
 32
0.0
 13
0.9998914965641134
 23
0.0147307535033914
 33
0.0
 42
0.0147312863056386
 43
0.0
 44
0.0
 45
1.0
170
     1
 90
-1023410173
171
     3
172
     5
 91
-1073741824
141
1.0
 92
        0
291
     1
292
     1
173
     0
293
     0
142
0.0
143
0.0
294
     0
295
     0
296
     0
110
7526925.563666565
120
5787457.454304514
130
0.0
111
0.9998914965641134
121
0.0147307535033914
131
0.0
112
-0.0147307535033914
122
0.9998914965641134
132
0.0
297
     0
302
LEADER{
290
     1
291
     1
 10
7526916.603403463
 20
5787500.881823356
 30
0.0
 11
-0.9998914965641134
 21
-0.0147307535033914
 31
0.0
 90
        0
 40
1.0
304
LEADER_LINE{
 10
7526922.326463035
 20
5787488.262310524
 30
0.0
 91
        0
170
     1
 92
-1056964608
340
0
171
    -2
 40
0.0
341
0
 93
        0
305
}
271
     0
303
}
272
     9
273
     9
301
}
340
D8
 90
   279552
170
     1
 91
-1056964608
341
14
171
    -2
290
     1
291
     1
 41
1.0
 42
1.5
172
     2
343
11
173
     5
 95
        5
174
     1
175
     2
 92
-1023410173
292
     1
 93
-1056964608
 10
1.0
 20
1.0
 30
1.0
 43
0.0
176
     0
293
     0
294
     0
178
     0
179
     3
 45
1.0
271
     0
272
     9
273
     9
1001
ACAD_MLEADERVER
1070
     2
  0
VIEWPORT
  5
BDF
102
{ACAD_XDICTIONARY
360
BE0
102
}
330
BDD
100
AcDbEntity
 67
     1
  8
0
100
AcDbViewport
 10
0.0
 20
0.0
 30
0.0
 40
1045.584604624511
 41
251.4227398875266
 68
     1
 69
     1
 12
224.8446841989571
 22
121.8249839216029
 13
0.0
 23
0.0
 14
10.0
 24
10.0
 15
10.0
 25
10.0
 16
0.0
 26
0.0
 36
1.0
 17
0.0
 27
0.0
 37
0.0
 42
50.0
 43
0.0
 44
0.0
 45
157.1392124297043
 50
0.0
 51
0.0
 72
  1000
 90
   819232
  1

281
     0
 71
     1
 74
     0
110
0.0
120
0.0
130
0.0
111
1.0
121
0.0
131
0.0
112
0.0
122
1.0
132
0.0
 79
     0
146
0.0
170
     0
 61
     5
348
9F
292
     1
282
     1
141
0.0
142
0.0
 63
   250
421
  3355443
361
4DF4
  0
VIEWPORT
  5
C31
102
{ACAD_XDICTIONARY
360
C32
102
}
330
BDD
100
AcDbEntity
 67
     1
  8
0
100
AcDbViewport
 10
92.5
 20
179.7749918829827
 30
0.0
 40
182.99815
 41
212.4471462340346
 68
     2
 69
     2
 12
-822109958.5760278
 22
-569813871.4199421
 13
0.0
 23
0.0
 14
0.5
 24
0.5
 15
0.5
 25
0.5
 16
0.0
 26
0.0
 36
1009757674.291036
 17
829635257.3645737
 27
575601763.2274248
 37
0.0
 42
50.0
 43
0.0
 44
0.0
 45
2124.471462340413
 50
0.0
 51
0.0
 72
  1000
 90
   819296
  1

281
     0
 71
     1
 74
     0
110
0.0
120
0.0
130
0.0
111
1.0
121
0.0
131
0.0
112
0.0
122
1.0
132
0.0
 79
     0
146
0.0
170
     0
 61
     5
348
9F
292
     1
282
     1
141
0.0
142
0.0
 63
   250
421
  3355443
361
4F09
  0
MTEXT
  5
2984
330
BDD
100
AcDbEntity
 67
     1
  8
0
100
AcDbMText
 10
133.608196656414
 20
23.36140722012787
 30
0.0
 40
1.6
 41
54.2776208021101
 46
8.000000000444753
 71
     4
 72
     5
  1
Plan orientacyjny
 73
     1
 44
1.0
1001
ACAD
1000
MTEXTBEGIN
1070
    73
1070
     1
1070
    44
1040
1.0
1070
    74
1070
     0
1000
MTEXTEND
1000
ACAD_MTEXT_DEFINED_HEIGHT_BEGIN
1070
    46
1040
8.000000000444753
1000
ACAD_MTEXT_DEFINED_HEIGHT_END
  0
MTEXT
  5
2986
330
BDD
100
AcDbEntity
 67
     1
  8
0
100
AcDbMText
 10
109.0102576377337
 20
23.36140722012798
 30
0.0
 40
1.6
 41
9.27906611826549
 46
5.990591423385023
 71
     5
 72
     5
  1
1
 73
     1
 44
1.0
1001
ACAD
1000
MTEXTBEGIN
1070
    73
1070
     1
1070
    44
1040
1.0
1070
    74
1070
     0
1000
MTEXTEND
1000
ACAD_MTEXT_DEFINED_HEIGHT_BEGIN
1070
    46
1040
5.990591423385023
1000
ACAD_MTEXT_DEFINED_HEIGHT_END
  0
MTEXT
  5
29FB
330
BDD
100
AcDbEntity
 67
     1
  8
0
100
AcDbMText
 10
124.1154319333207
 20
23.36140722012787
 30
0.0
 40
1.6
 41
9.27906611826549
 46
5.990591423385023
 71
     5
 72
     5
  1
1:10 000
 73
     1
 44
1.0
1001
ACAD
1000
MTEXTBEGIN
1070
    73
1070
     1
1070
    44
1040
1.0
1070
    74
1070
     0
1000
MTEXTEND
1000
ACAD_MTEXT_DEFINED_HEIGHT_BEGIN
1070
    46
1040
5.990591423385023
1000
ACAD_MTEXT_DEFINED_HEIGHT_END
  0
LWPOLYLINE
  5
57A0
330
BDD
100
AcDbEntity
 67
     1
  8
0
100
AcDbPolyline
 90
        4
 70
     1
 43
0.0
 10
1.00092499999998
 20
285.998565
 10
183.999075
 20
285.998565
 10
183.999075
 20
1.001435000931337
 10
1.000924999999995
 20
1.001435000931337
  0
INSERT
  5
67F0
330
BDD
100
AcDbEntity
 67
     1
  8
0
100
AcDbBlockReference
  2
tabelka
 10
183.999075
 20
1.00143500093134
 30
0.0
  0
ENDSEC
  0
SECTION
  2
OBJECTS
  0
DICTIONARY
  5
C
330
0
100
AcDbDictionary
281
     1
  3
ACAD_CIP_PREVIOUS_PRODUCT_INFO
350
1A5
  3
ACAD_COLOR
350
73
  3
ACAD_DATALINK
350
4F19
  3
ACAD_DETAILVIEWSTYLE
350
1AB
  3
ACAD_DGNDEFINITIONS
350
3910
  3
ACAD_DWFDEFINITIONS
350
390F
  3
ACAD_GROUP
350
D
  3
ACAD_IMAGE_DICT
350
558C
  3
ACAD_IMAGE_VARS
350
31D
  3
ACAD_LAYOUT
350
1A
  3
ACAD_MATERIAL
350
72
  3
ACAD_MLEADERSTYLE
350
D7
  3
ACAD_MLINESTYLE
350
17
  3
ACAD_PDFDEFINITIONS
350
390E
  3
ACAD_PLOTSETTINGS
350
19
  3
ACAD_PLOTSTYLENAME
350
E
  3
ACAD_RENDER_RAPIDRT_SETTINGS
350
3581
  3
ACAD_SCALELIST
350
B6
  3
ACAD_SECTIONVIEWSTYLE
350
1A8
  3
ACAD_TABLESTYLE
350
86
  3
ACAD_VISUALSTYLE
350
99
  3
ACAD_WIPEOUT_VARS
350
2753
  3
ACDB_RECOMPOSE_DATA
350
9A39
  3
AcDbVariableDictionary
350
66
  3
ZCAD_TAG_ROOTDATA
350
703C
  0
SUN
  5
4F07
330
94
100
AcDbSun
 90
        1
290
     0
 63
     7
421
 16777215
 40
1.0
291
     1
 91
  2455826
 92
 54000000
292
     0
 70
     2
 71
   256
280
     1
  0
DICTIONARY
  5
18E
330
2
100
AcDbDictionary
280
     1
281
     1
  3
ACAD_LAYERSTATES
360
18F
  3
ACLYDICTIONARY
360
963C
  0
DICTIONARY
  5
56F2
330
10
100
AcDbDictionary
280
     1
281
     1
  3
ADSK_XREC_LAYER_RECONCILED
360
56F3
  0
DICTIONARY
  5
56F4
330
275
100
AcDbDictionary
280
     1
281
     1
  3
ADSK_XREC_LAYER_RECONCILED
360
56F5
  0
DICTIONARY
  5
56FA
330
2B82
100
AcDbDictionary
280
     1
281
     1
  3
ADSK_XREC_LAYER_RECONCILED
360
56FB
  0
DICTIONARY
  5
56F8
330
2B83
100
AcDbDictionary
280
     1
281
     1
  3
ADSK_XREC_LAYER_RECONCILED
360
56F9
  0
DICTIONARY
  5
570A
330
2B84
100
AcDbDictionary
280
     1
281
     1
  3
ADSK_XREC_LAYER_RECONCILED
360
570B
  0
DICTIONARY
  5
570C
330
2B85
100
AcDbDictionary
280
     1
281
     1
  3
ADSK_XREC_LAYER_RECONCILED
360
570D
  0
DICTIONARY
  5
56F6
330
3680
100
AcDbDictionary
280
     1
281
     1
  3
ADSK_XREC_LAYER_RECONCILED
360
56F7
  0
DICTIONARY
  5
5B13
330
5B12
100
AcDbDictionary
280
     1
281
     1
  3
ADSK_XREC_LAYER_RECONCILED
360
5B14
  0
DICTIONARY
  5
5F69
330
5F68
100
AcDbDictionary
280
     1
281
     1
  3
ADSK_XREC_LAYER_RECONCILED
360
5F6A
  0
DICTIONARY
  5
646C
330
646B
100
AcDbDictionary
280
     1
281
     1
  3
ADSK_XREC_LAYER_RECONCILED
360
646D
  0
DICTIONARY
  5
675E
330
675D
100
AcDbDictionary
280
     1
281
     1
  3
ADSK_XREC_LAYER_RECONCILED
360
675F
  0
DICTIONARY
  5
6761
330
6760
100
AcDbDictionary
280
     1
281
     1
  3
ADSK_XREC_LAYER_RECONCILED
360
6762
  0
DICTIONARY
  5
6AAD
330
6AAC
100
AcDbDictionary
280
     1
281
     1
  3
ADSK_XREC_LAYER_RECONCILED
360
6AAE
  0
DICTIONARY
  5
6AB0
330
6AAF
100
AcDbDictionary
280
     1
281
     1
  3
ADSK_XREC_LAYER_RECONCILED
360
6AB1
  0
DICTIONARY
  5
6AB3
330
6AB2
100
AcDbDictionary
280
     1
281
     1
  3
ADSK_XREC_LAYER_RECONCILED
360
6AB4
  0
DICTIONARY
  5
6AB6
330
6AB5
100
AcDbDictionary
280
     1
281
     1
  3
ADSK_XREC_LAYER_RECONCILED
360
6AB7
  0
DICTIONARY
  5
72C6
330
72C5
100
AcDbDictionary
280
     1
281
     1
  3
ADSK_XREC_LAYER_RECONCILED
360
72C7
  0
DICTIONARY
  5
789C
330
789B
100
AcDbDictionary
280
     1
281
     1
  3
ADSK_XREC_LAYER_RECONCILED
360
789D
  0
DICTIONARY
  5
789F
330
789E
100
AcDbDictionary
280
     1
281
     1
  3
ADSK_XREC_LAYER_RECONCILED
360
78A0
  0
DICTIONARY
  5
7A15
330
7A14
100
AcDbDictionary
280
     1
281
     1
  3
ADSK_XREC_LAYER_RECONCILED
360
7A16
  0
DICTIONARY
  5
8578
330
8577
100
AcDbDictionary
280
     1
281
     1
  3
ADSK_XREC_LAYER_RECONCILED
360
8579
  0
DICTIONARY
  5
90CE
330
887B
100
AcDbDictionary
280
     1
281
     1
  3
ADSK_XREC_LAYER_RECONCILED
360
90CF
  0
DICTIONARY
  5
8FAB
330
8FAA
100
AcDbDictionary
280
     1
281
     1
  3
ADSK_XREC_LAYER_RECONCILED
360
8FAC
  0
DICTIONARY
  5
96C5
330
96C4
100
AcDbDictionary
280
     1
281
     1
  3
ADSK_XREC_LAYER_RECONCILED
360
96C6
  0
DICTIONARY
  5
9816
330
9815
100
AcDbDictionary
280
     1
281
     1
  3
ADSK_XREC_LAYER_RECONCILED
360
9817
  0
DICTIONARY
  5
29BC
330
29BB
100
AcDbDictionary
280
     1
281
     1
  3
ADSK_XREC_VTR_ANNOSCALE_DATA
360
29BD
  3
ADSK_XREC_VTRANIMATIONINFO
360
29C2
  3
ADSK_XREC_VTRVIEWINFO
360
29BE
  0
DICTIONARY
  5
6A55
330
6A54
100
AcDbDictionary
280
     1
281
     1
  3
ADSK_XREC_VTR_ANNOSCALE_DATA
360
6A56
  3
ADSK_XREC_VTRVIEWINFO
360
6A57
  0
DICTIONARY
  5
15D
330
1F
100
AcDbDictionary
280
     1
281
     1
  3
ACAD_SORTENTS
360
99A1
  0
DICTIONARY
  5
22F7
330
BDD
100
AcDbDictionary
280
     1
281
     1
  3
ACAD_SORTENTS
360
22F8
  0
DICTIONARY
  5
5799
330
32A1
100
AcDbDictionary
280
     1
281
     1
  3
ACAD_SORTENTS
360
579A
  0
DICTIONARY
  5
5789
330
C7B
100
AcDbDictionary
280
     1
281
     1
  3
ACAD_SORTENTS
360
578A
  0
DICTIONARY
  5
34C0
330
58
100
AcDbDictionary
280
     1
281
     1
  3
ACAD_SORTENTS
360
34C1
  0
DICTIONARY
  5
5795
330
324E
100
AcDbDictionary
280
     1
281
     1
  3
ACAD_SORTENTS
360
5796
  0
DICTIONARY
  5
32A4
330
32A3
100
AcDbDictionary
280
     1
281
     1
  3
ASDK_XREC_ANNOTATION_SCALE_INFO
360
32A5
  0
SUN
  5
4F13
330
32A3
100
AcDbSun
 90
        1
290
     0
 63
     7
421
 16777215
 40
1.0
291
     1
 91
  2455826
 92
 54000000
292
     0
 70
     2
 71
   256
280
     1
  0
DICTIONARY
  5
32A7
330
32A6
100
AcDbDictionary
280
     1
281
     1
  3
ASDK_XREC_ANNOTATION_SCALE_INFO
360
32A8
  0
SUN
  5
4F14
330
32A6
100
AcDbSun
 90
        1
290
     0
 63
     7
421
 16777215
 40
1.0
291
     1
 91
  2455826
 92
 54000000
292
     0
 70
     2
 71
   256
280
     1
  0
DICTIONARY
  5
C7E
330
C7D
100
AcDbDictionary
280
     1
281
     1
  3
ASDK_XREC_ANNOTATION_SCALE_INFO
360
C7F
  0
SUN
  5
4F0F
330
C7D
100
AcDbSun
 90
        1
290
     0
 63
     7
421
 16777215
 40
1.0
291
     1
 91
  2455826
 92
 54000000
292
     0
 70
     2
 71
   256
280
     1
  0
DICTIONARY
  5
C81
330
C80
100
AcDbDictionary
280
     1
281
     1
  3
ASDK_XREC_ANNOTATION_SCALE_INFO
360
C82
  0
SUN
  5
4F10
330
C80
100
AcDbSun
 90
        1
290
     0
 63
     7
421
 16777215
 40
1.0
291
     1
 91
  2455826
 92
 54000000
292
     0
 70
     2
 71
   256
280
     1
  0
DICTIONARY
  5
32C
330
32B
100
AcDbDictionary
280
     1
281
     1
  3
ASDK_XREC_ANNOTATION_SCALE_INFO
360
32D
  0
SUN
  5
4F0D
330
32B
100
AcDbSun
 90
        1
290
     0
 63
     7
421
 16777215
 40
1.0
291
     1
 91
  2455826
 92
 54000000
292
     0
 70
     2
 71
   256
280
     1
  0
DICTIONARY
  5
338
330
337
100
AcDbDictionary
280
     1
281
     1
  3
ASDK_XREC_ANNOTATION_SCALE_INFO
360
339
  0
SUN
  5
4F0E
330
337
100
AcDbSun
 90
        1
290
     0
 63
     7
421
 16777215
 40
1.0
291
     1
 91
  2455826
 92
 54000000
292
     0
 70
     2
 71
   256
280
     1
  0
DICTIONARY
  5
3251
330
3250
100
AcDbDictionary
280
     1
281
     1
  3
ASDK_XREC_ANNOTATION_SCALE_INFO
360
3252
  0
SUN
  5
4F11
330
3250
100
AcDbSun
 90
        1
290
     0
 63
     7
421
 16777215
 40
1.0
291
     1
 91
  2455826
 92
 54000000
292
     0
 70
     2
 71
   256
280
     1
  0
DICTIONARY
  5
3254
330
3253
100
AcDbDictionary
280
     1
281
     1
  3
ASDK_XREC_ANNOTATION_SCALE_INFO
360
3255
  0
SUN
  5
4F12
330
3253
100
AcDbSun
 90
        1
290
     0
 63
     7
421
 16777215
 40
1.0
291
     1
 91
  2455826
 92
 54000000
292
     0
 70
     2
 71
   256
280
     1
  0
IMAGEDEF_REACTOR
  5
986C
330
986B
100
AcDbRasterImageDefReactor
 90
        2
330
986B
  0
DICTIONARY
  5
BE0
330
BDF
100
AcDbDictionary
280
     1
281
     1
  3
ASDK_XREC_ANNOTATION_SCALE_INFO
360
BE1
  0
SUN
  5
4DF4
330
BDF
100
AcDbSun
 90
        1
290
     0
 63
     7
421
 16777215
 40
1.0
291
     1
 91
  2455826
 92
 54000000
292
     0
 70
     2
 71
   256
280
     1
  0
DICTIONARY
  5
C32
330
C31
100
AcDbDictionary
280
     1
281
     1
  3
ASDK_XREC_ANNOTATION_SCALE_INFO
360
C33
  0
SUN
  5
4F09
330
C31
100
AcDbSun
 90
        1
290
     0
 63
     7
421
 16777215
 40
1.0
291
     1
 91
  2455826
 92
 54000000
292
     0
 70
     2
 71
   256
280
     1
  0
XRECORD
  5
1A5
102
{ACAD_REACTORS
330
C
102
}
330
C
100
AcDbXrecord
280
     1
300
ACD
300
2016
300
ACD_F_S
  0
DICTIONARY
  5
73
102
{ACAD_REACTORS
330
C
102
}
330
C
100
AcDbDictionary
281
     1
  0
DICTIONARY
  5
4F19
102
{ACAD_REACTORS
330
C
102
}
330
C
100
AcDbDictionary
280
     1
281
     1
  0
DICTIONARY
  5
1AB
102
{ACAD_REACTORS
330
C
102
}
330
C
100
AcDbDictionary
281
     1
  3
Imperial24
350
1AC
  3
Metric50
350
35C8
  0
DICTIONARY
  5
3910
102
{ACAD_REACTORS
330
C
102
}
330
C
100
AcDbDictionary
281
     1
  0
DICTIONARY
  5
390F
102
{ACAD_REACTORS
330
C
102
}
330
C
100
AcDbDictionary
281
     1
  0
DICTIONARY
  5
D
102
{ACAD_REACTORS
330
C
102
}
330
C
100
AcDbDictionary
281
     1
  0
DICTIONARY
  5
558C
102
{ACAD_REACTORS
330
C
102
}
330
C
100
AcDbDictionary
281
     1
  3
orientacja
350
986A
  0
RASTERVARIABLES
  5
31D
102
{ACAD_REACTORS
330
C
102
}
330
C
100
AcDbRasterVariables
 90
        0
 70
     0
 71
     1
 72
     3
  0
DICTIONARY
  5
1A
102
{ACAD_REACTORS
330
C
102
}
330
C
100
AcDbDictionary
281
     1
  3
1
350
C13
  3
3.1
350
59
  3
3.2
350
CB1
  3
3.3
350
325B
  3
3.4
350
32AE
  3
Model
350
22
  0
DICTIONARY
  5
72
102
{ACAD_REACTORS
330
C
102
}
330
C
100
AcDbDictionary
281
     1
  3
ByBlock
350
97
  3
ByLayer
350
96
  3
Global
350
98
  0
DICTIONARY
  5
D7
102
{ACAD_REACTORS
330
C
102
}
330
C
100
AcDbDictionary
281
     1
  3
Annotative
350
783F
  3
Standard
350
D8
  0
DICTIONARY
  5
17
102
{ACAD_REACTORS
330
C
102
}
330
C
100
AcDbDictionary
281
     1
  3
1 5MMOBWODKA1
350
676E
  3
Standard
350
18
  0
DICTIONARY
  5
390E
102
{ACAD_REACTORS
330
C
102
}
330
C
100
AcDbDictionary
281
     1
  0
DICTIONARY
  5
19
102
{ACAD_REACTORS
330
C
102
}
330
C
100
AcDbDictionary
281
     1
  0
ACDBDICTIONARYWDFLT
  5
E
102
{ACAD_REACTORS
330
C
102
}
330
C
100
AcDbDictionary
281
     1
  3
Normal
350
F
100
AcDbDictionaryWithDefault
340
F
  0
DICTIONARY
  5
3581
102
{ACAD_REACTORS
330
C
102
}
330
C
100
AcDbDictionary
281
     1
  3
{127D9E3B-038F-43C8-BD16-F207F4BE74B0}
350
3586
  3
{5489AA3E-C30A-4324-8405-C99442E381A5}
350
3585
  3
{60166C5A-720B-4BA0-A289-2A7BE1EE2CEC}
350
3587
  3
Niska
350
3582
  3
Średnia
350
3583
  3
Wysoka
350
3584
  0
DICTIONARY
  5
B6
102
{ACAD_REACTORS
330
C
102
}
330
C
100
AcDbDictionary
281
     1
  3
*A1
350
318
  3
*A10
350
7BB9
  3
*A11
350
7BBA
  3
*A12
350
7BBB
  3
*A13
350
7BBC
  3
*A14
350
7BBD
  3
*A15
350
7BBE
  3
*A16
350
7BBF
  3
*A17
350
7BC0
  3
*A18
350
7C11
  3
*A19
350
7C12
  3
*A2
350
7BB1
  3
*A20
350
7C14
  3
*A21
350
7C16
  3
*A22
350
7C17
  3
*A23
350
7C18
  3
*A24
350
7C19
  3
*A25
350
7C1A
  3
*A26
350
7C1B
  3
*A27
350
7C1C
  3
*A28
350
7C1D
  3
*A29
350
7C1E
  3
*A3
350
7BB2
  3
*A30
350
7C1F
  3
*A31
350
7C20
  3
*A4
350
7BB3
  3
*A5
350
7BB4
  3
*A6
350
7BB5
  3
*A7
350
7BB6
  3
*A8
350
7BB7
  3
*A9
350
7BB8
  3
A0
350
B7
  3
A1
350
126
  3
A2
350
128
  0
DICTIONARY
  5
1A8
102
{ACAD_REACTORS
330
C
102
}
330
C
100
AcDbDictionary
281
     1
  3
Imperial24
350
1AA
  3
Metric50
350
35C7
  0
DICTIONARY
  5
86
102
{ACAD_REACTORS
330
C
102
}
330
C
100
AcDbDictionary
281
     1
  3
Standard
350
87
  0
DICTIONARY
  5
99
102
{ACAD_REACTORS
330
C
102
}
330
C
100
AcDbDictionary
281
     1
  3
2dWireframe
350
9F
  3
3D Hidden
350
35C4
  3
3dWireframe
350
35C5
  3
Basic
350
9E
  3
Brighten
350
A5
  3
ColorChange
350
A9
  3
Conceptual
350
A2
  3
Dim
350
A4
  3
EdgeColorOff
350
175
  3
Facepattern
350
A8
  3
Flat
350
9A
  3
FlatWithEdges
350
9B
  3
Gouraud
350
9C
  3
GouraudWithEdges
350
9D
  3
Hidden
350
A1
  3
JitterOff
350
173
  3
Linepattern
350
A7
  3
OverhangOff
350
174
  3
Realistic
350
A3
  3
Shaded
350
182
  3
Shaded with edges
350
181
  3
Shades of Gray
350
17E
  3
Sketchy
350
17F
  3
Thicken
350
A6
  3
Wireframe
350
A0
  3
X-Ray
350
180
  0
WIPEOUTVARIABLES
  5
2753
102
{ACAD_REACTORS
330
C
102
}
330
C
100
AcDbWipeoutVariables
 70
     0
  0
XRECORD
  5
9A39
102
{ACAD_REACTORS
330
C
102
}
330
C
100
AcDbXrecord
280
     1
 90
        1
330
87
  0
DICTIONARY
  5
66
102
{ACAD_REACTORS
330
C
102
}
330
C
100
AcDbDictionary
281
     1
  3
CANNOSCALE
350
F0
  3
CMLEADERSTYLE
350
EF
  3
CTABLESTYLE
350
89
  3
CVIEWDETAILSTYLE
350
1B7
  3
CVIEWSECTIONSTYLE
350
1B8
  3
DIMASSOC
350
67
  3
DWFFRAME
350
33AA
  3
FRAME
350
2755
  3
HIDETEXT
350
6B
  3
HPCOLOR
350
153D
  3
HPTRANSPARENCY
350
153C
  3
LAYEREVAL
350
14D
  3
LAYERNOTIFY
350
14E
  3
OLEFRAME
350
32F6
  3
PDFFRAME
350
2791
  3
POINTCLOUDCLIPFRAME
350
2757
  3
WIPEOUTFRAME
350
2756
  3
XCLIPFRAME
350
33AB
  0
TAGROOTDATA
  5
703C
102
{ACAD_REACTORS
330
C
102
}
330
C
100
ZcDbTagRootData
 90
        0
 91
        0
  0
DICTIONARY
  5
18F
102
{ACAD_REACTORS
330
18E
102
}
330
18E
100
AcDbDictionary
281
     1
  3
ACAD_VIEWS_1
350
29BF
  3
ACAD_VIEWS_2
350
6A58
  0
DICTIONARY
  5
963C
102
{ACAD_REACTORS
330
18E
102
}
330
18E
100
AcDbDictionary
281
     1
  3
*A1
350
963D
1001
ACAD
1000
All
  0
XRECORD
  5
56F3
102
{ACAD_REACTORS
330
56F2
102
}
330
56F2
100
AcDbXrecord
280
     1
290
     0
  0
XRECORD
  5
56F5
102
{ACAD_REACTORS
330
56F4
102
}
330
56F4
100
AcDbXrecord
280
     1
290
     0
  0
XRECORD
  5
56FB
102
{ACAD_REACTORS
330
56FA
102
}
330
56FA
100
AcDbXrecord
280
     1
290
     0
  0
XRECORD
  5
56F9
102
{ACAD_REACTORS
330
56F8
102
}
330
56F8
100
AcDbXrecord
280
     1
290
     0
  0
XRECORD
  5
570B
102
{ACAD_REACTORS
330
570A
102
}
330
570A
100
AcDbXrecord
280
     1
290
     0
  0
XRECORD
  5
570D
102
{ACAD_REACTORS
330
570C
102
}
330
570C
100
AcDbXrecord
280
     1
290
     0
  0
XRECORD
  5
56F7
102
{ACAD_REACTORS
330
56F6
102
}
330
56F6
100
AcDbXrecord
280
     1
290
     0
  0
XRECORD
  5
5B14
102
{ACAD_REACTORS
330
5B13
102
}
330
5B13
100
AcDbXrecord
280
     1
290
     0
  0
XRECORD
  5
5F6A
102
{ACAD_REACTORS
330
5F69
102
}
330
5F69
100
AcDbXrecord
280
     1
290
     0
  0
XRECORD
  5
646D
102
{ACAD_REACTORS
330
646C
102
}
330
646C
100
AcDbXrecord
280
     1
290
     0
  0
XRECORD
  5
675F
102
{ACAD_REACTORS
330
675E
102
}
330
675E
100
AcDbXrecord
280
     1
290
     0
  0
XRECORD
  5
6762
102
{ACAD_REACTORS
330
6761
102
}
330
6761
100
AcDbXrecord
280
     1
290
     0
  0
XRECORD
  5
6AAE
102
{ACAD_REACTORS
330
6AAD
102
}
330
6AAD
100
AcDbXrecord
280
     1
290
     0
  0
XRECORD
  5
6AB1
102
{ACAD_REACTORS
330
6AB0
102
}
330
6AB0
100
AcDbXrecord
280
     1
290
     0
  0
XRECORD
  5
6AB4
102
{ACAD_REACTORS
330
6AB3
102
}
330
6AB3
100
AcDbXrecord
280
     1
290
     0
  0
XRECORD
  5
6AB7
102
{ACAD_REACTORS
330
6AB6
102
}
330
6AB6
100
AcDbXrecord
280
     1
290
     0
  0
XRECORD
  5
72C7
102
{ACAD_REACTORS
330
72C6
102
}
330
72C6
100
AcDbXrecord
280
     1
290
     0
  0
XRECORD
  5
789D
102
{ACAD_REACTORS
330
789C
102
}
330
789C
100
AcDbXrecord
280
     1
290
     0
  0
XRECORD
  5
78A0
102
{ACAD_REACTORS
330
789F
102
}
330
789F
100
AcDbXrecord
280
     1
290
     0
  0
XRECORD
  5
7A16
102
{ACAD_REACTORS
330
7A15
102
}
330
7A15
100
AcDbXrecord
280
     1
290
     0
  0
XRECORD
  5
8579
102
{ACAD_REACTORS
330
8578
102
}
330
8578
100
AcDbXrecord
280
     1
290
     0
  0
XRECORD
  5
90CF
102
{ACAD_REACTORS
330
90CE
102
}
330
90CE
100
AcDbXrecord
280
     1
290
     0
  0
XRECORD
  5
8FAC
102
{ACAD_REACTORS
330
8FAB
102
}
330
8FAB
100
AcDbXrecord
280
     1
290
     0
  0
XRECORD
  5
96C6
102
{ACAD_REACTORS
330
96C5
102
}
330
96C5
100
AcDbXrecord
280
     1
290
     0
  0
XRECORD
  5
9817
102
{ACAD_REACTORS
330
9816
102
}
330
9816
100
AcDbXrecord
280
     1
290
     0
  0
XRECORD
  5
29BD
102
{ACAD_REACTORS
330
29BC
102
}
330
29BC
100
AcDbXrecord
280
     1
340
B7
  0
XRECORD
  5
29C2
102
{ACAD_REACTORS
330
29BC
102
}
330
29BC
100
AcDbXrecord
280
     1
 96
       -1
 91
        1
 92
        0
 93
        2
 94
        0
 95
        0
 41
0.5
 42
1.0
 43
26571.0
 44
0.0
 45
0.0
 46
0.0
 47
0.0
 48
0.0
 49
0.0
 50
0.0
 51
0.0
 52
0.0
 53
0.0
  0
XRECORD
  5
29BE
102
{ACAD_REACTORS
330
29BC
102
}
330
29BC
100
AcDbXrecord
280
     1
300
<Brak>
302
ACAD_VIEWS_1
330
22
294
     0
  0
XRECORD
  5
6A56
102
{ACAD_REACTORS
330
6A55
102
}
330
6A55
100
AcDbXrecord
280
     1
340
B7
  0
XRECORD
  5
6A57
102
{ACAD_REACTORS
330
6A55
102
}
330
6A55
100
AcDbXrecord
280
     1
300

302
ACAD_VIEWS_2
293
     0
294
     0
  0
SORTENTSTABLE
  5
99A1
102
{ACAD_REACTORS
330
15D
102
}
330
15D
100
AcDbSortentsTable
330
1F
331
2C2B
  5
2C2C
331
2C89
  5
2C8A
331
6D95
  5
6D96
331
2C23
  5
2C24
331
2C28
  5
2C29
331
6D94
  5
6D95
331
6E42
  5
6E43
331
6EF0
  5
6EF1
331
6F3F
  5
6F40
331
986B
  5
2C1C
331
2C22
  5
2C23
331
6DF3
  5
6DF4
331
6EA1
  5
6EA2
331
2C21
  5
2C22
331
2C20
  5
2C21
331
2C1F
  5
2C20
331
6DF2
  5
6DF3
331
6EA0
  5
6EA1
331
6F9D
  5
6F9E
331
2C1E
  5
2C1F
331
6FA0
  5
6FA1
331
6EF2
  5
6EF3
331
2C1D
  5
2C1E
331
6D9E
  5
6DA0
331
6E4C
  5
6E4D
331
6E9D
  5
6E9E
331
6F48
  5
6F49
331
2C94
  5
2C95
331
2C1C
  5
2C1D
331
2C2C
  5
2C2D
331
6F43
  5
6F44
331
2C24
  5
2C25
331
9868
  5
986B
331
6DF0
  5
6DF1
331
2C2D
  5
2C2E
331
2C25
  5
2C26
331
6F41
  5
6F42
331
2C26
  5
2C27
331
2C86
  5
2C87
331
2C27
  5
2C28
331
2C29
  5
2C2A
331
2C83
  5
2C84
331
6DEC
  5
6DED
331
6E3D
  5
6E3E
331
2C2A
  5
2C2B
331
6DF1
  5
6DF2
331
2C36
  5
2C37
331
2C2E
  5
2C2F
331
6E0C
  5
6E0D
331
2C37
  5
2C38
331
2C2F
  5
2C30
331
2C38
  5
2C39
331
6E0A
  5
6E0B
331
6EB8
  5
6EB9
331
2C7A
  5
2C7B
331
2C82
  5
2C83
331
2E7C
  5
6D80
331
2C30
  5
2C31
331
2C31
  5
2C32
331
6E09
  5
6E0A
331
6E10
  5
6E11
331
6E63
  5
6E64
331
2C32
  5
2C33
331
2C80
  5
2C81
331
2C33
  5
2C34
331
6FB9
  5
6FBA
331
6EB4
  5
6EB5
331
2C34
  5
2C35
331
2C7D
  5
2C7E
331
2C35
  5
2C36
331
6F54
  5
6F55
331
6EAA
  5
6EAB
331
2C41
  5
2C43
331
6FAF
  5
6FB0
331
2C39
  5
2C3A
331
6EA9
  5
6EAA
331
2C3A
  5
2C3B
331
6FB1
  5
6FB2
331
6F03
  5
6F04
331
2C3B
  5
2C3C
331
2C3C
  5
2C3D
331
2C3D
  5
2C3E
331
6E04
  5
6E05
331
6FB0
  5
6FB1
331
6F02
  5
6F03
331
2C3E
  5
2C3F
331
6DAE
  5
6DAF
331
6DFF
  5
6E00
331
6EAD
  5
6EAE
331
2C6F
  5
2C70
331
2C3F
  5
2C40
331
6EA7
  5
6EA8
331
2C40
  5
2C41
331
2C4B
  5
2C4C
331
6E74
  5
6E75
331
2C43
  5
2C44
331
2C4C
  5
2C4D
331
6F7A
  5
6F7B
331
6DC7
  5
6DC8
331
6E75
  5
6E76
331
2C44
  5
2C45
331
6E25
  5
6E26
331
2C4D
  5
2C4E
331
2C65
  5
2C66
331
2C45
  5
2C46
331
2C46
  5
2C47
331
6DCA
  5
6DCB
331
6E78
  5
6E79
331
2C47
  5
2C48
331
2C48
  5
2C49
331
2C49
  5
2C4A
331
6F74
  5
6F75
331
2C4A
  5
2C4B
331
6ECA
  5
6ECB
331
2C56
  5
2C57
331
6E89
  5
6E8A
331
2C4E
  5
2C4F
331
6D91
  5
6D92
331
985E
  5
9863
331
2C57
  5
2C58
331
6D89
  5
6D8A
331
2C4F
  5
2C50
331
2C58
  5
2C59
331
2CA9
  5
2CAA
331
6DE5
  5
6DE6
331
6EE6
  5
6EE7
331
2C50
  5
2C51
331
6DDD
  5
6DDE
331
6EDE
  5
6EDF
331
2C51
  5
2C52
331
2C52
  5
2C53
331
2CA3
  5
2CA4
331
6D88
  5
6D89
331
6DDF
  5
6DE0
331
6E8D
  5
6E8E
331
6E88
  5
6E89
331
2C53
  5
2C54
331
2C54
  5
2C55
331
2C55
  5
2C56
331
2C59
  5
2C5A
331
6E6F
  5
6E70
331
6DC4
  5
6DC5
331
6E15
  5
6E16
331
2C5A
  5
2C5B
331
2C5B
  5
2C5C
331
2C5C
  5
2C5D
331
2C5D
  5
2C5E
331
2C5E
  5
2C5F
331
2C5F
  5
2C60
331
6E68
  5
6E69
331
2C60
  5
2C61
331
6F19
  5
6F1A
331
6E14
  5
6E15
331
2C61
  5
2C62
331
2C62
  5
2C63
331
2C63
  5
2C64
331
6E23
  5
6E24
331
6ED1
  5
6ED2
331
2C64
  5
2C65
331
6E24
  5
6E25
331
2C66
  5
2C67
331
6E26
  5
6E28
331
6F73
  5
6F74
331
2C67
  5
2C68
331
6FCF
  5
6FD0
331
2C68
  5
2C69
331
6F75
  5
6F76
331
6F24
  5
6F25
331
2C69
  5
2C6A
331
6E7A
  5
6E7B
331
2C6A
  5
2C6B
331
6F77
  5
6F78
331
2C6B
  5
2C6C
331
2C6C
  5
2C6D
331
6E76
  5
6E77
331
6EC7
  5
6EC8
331
2C6D
  5
2C6E
331
2C6E
  5
2C6F
331
2C70
  5
2C71
331
2C71
  5
2C72
331
6DAD
  5
6DAE
331
6EAE
  5
6EAF
331
2C72
  5
2C73
331
2C73
  5
2C74
331
6DAF
  5
6DB0
331
6FAC
  5
6FAD
331
2C74
  5
2C75
331
6EFE
  5
6EFF
331
2C75
  5
2C76
331
2C76
  5
2C77
331
2C77
  5
2C78
331
6EA8
  5
6EA9
331
2C78
  5
2C79
331
2C79
  5
2C7A
331
2C7B
  5
2C7C
331
6DB2
  5
6DB3
331
2C7C
  5
2C7D
331
2C7E
  5
2C7F
331
2C7F
  5
2C80
331
2C81
  5
2C82
331
6DB8
  5
6DB9
331
6F96
  5
6F97
331
2C84
  5
2C85
331
6F9B
  5
6F9C
331
2C85
  5
2C86
331
6F95
  5
6F96
331
6F44
  5
6F45
331
6E9A
  5
6E9B
331
2C87
  5
2C88
331
6F9A
  5
6F9B
331
6DE7
  5
6DE8
331
6E95
  5
6E96
331
2C88
  5
2C89
331
2C8A
  5
2C8B
331
6E9B
  5
6E9C
331
2C8B
  5
2C8C
331
6D93
  5
6D94
331
2C8C
  5
2C8D
331
2C8D
  5
2C8E
331
6D99
  5
6D9A
331
2C8E
  5
2C8F
331
2C8F
  5
2C90
331
6E48
  5
6E49
331
2C90
  5
2C91
331
2C91
  5
2C92
331
6E49
  5
6E4A
331
2C92
  5
2C93
331
2C93
  5
2C94
331
2C95
  5
2C96
331
6DA0
  5
6DA1
331
6F4A
  5
6F4B
331
2C96
  5
2C97
331
2C97
  5
2C98
331
6DA2
  5
6DA3
331
6E50
  5
6E51
331
6DA1
  5
6DA2
331
6F4C
  5
6F4D
331
2C98
  5
2C99
331
6E2B
  5
6E2C
331
6ED9
  5
6EDA
331
2C99
  5
2C9A
331
2C9A
  5
2C9B
331
2C9B
  5
2C9C
331
2C9C
  5
2C9D
331
6E2A
  5
6E2B
331
6ED8
  5
6ED9
331
6F2A
  5
6F2B
331
2C9D
  5
2C9E
331
2C9E
  5
2C9F
331
6DD8
  5
6DD9
331
2C9F
  5
2CA0
331
6F2B
  5
6F2C
331
6ED4
  5
6ED5
331
2CA0
  5
2CA1
331
2CA1
  5
2CA2
331
2CA2
  5
2CA3
331
6DD9
  5
6DDA
331
6DE4
  5
6DE5
331
6E35
  5
6E36
331
2CA4
  5
2CA5
331
2CA5
  5
2CA6
331
6DE6
  5
6DE7
331
6E37
  5
6E38
331
6EE5
  5
6EE6
331
2CA6
  5
2CA7
331
2CA7
  5
2CA8
331
6D8C
  5
6D8E
331
2CA8
  5
2CA9
331
2CAA
  5
2CAB
331
2CAB
  5
2E7C
331
6D90
  5
6D91
331
6D80
  5
6D81
331
6DD7
  5
6DD8
331
6E85
  5
6E86
331
6D81
  5
6D82
331
6D82
  5
6D83
331
6D83
  5
6D84
331
6D84
  5
6D85
331
6D85
  5
6D86
331
6DD2
  5
6DD3
331
6E80
  5
6E81
331
6D86
  5
6D87
331
6ED2
  5
6ED3
331
6D87
  5
6D88
331
6D8A
  5
6D8B
331
6E8F
  5
6E90
331
6D8B
  5
6D8C
331
6D8E
  5
6D8F
331
6F34
  5
6F35
331
6D8F
  5
6D90
331
6E39
  5
6E3A
331
6E8A
  5
6E8B
331
6D92
  5
6D93
331
6E97
  5
6E98
331
6D96
  5
6D97
331
6D97
  5
6D98
331
6E41
  5
6E42
331
6E92
  5
6E93
331
6D98
  5
6D99
331
6DEF
  5
6DF0
331
6D9A
  5
6D9B
331
6D9B
  5
6D9C
331
6D9C
  5
6D9D
331
6EE8
  5
6EE9
331
6D9D
  5
6D9E
331
6E9E
  5
6E9F
331
6DA3
  5
6DA4
331
6E51
  5
6E52
331
6DA4
  5
6DA5
331
6DF5
  5
6DF6
331
6DA5
  5
6DA6
331
6EA6
  5
6EA7
331
6DA6
  5
6DA7
331
6DF7
  5
6DF8
331
6EA5
  5
6EA6
331
6F5A
  5
6F5B
331
6DA7
  5
6DA8
331
6E55
  5
6E62
331
6DA8
  5
6DA9
331
6DA9
  5
6DAA
331
6DAA
  5
6DAB
331
6DAB
  5
6DAC
331
6F00
  5
6F01
331
6DAC
  5
6DAD
331
6DFD
  5
6DFE
331
6DB0
  5
6DB1
331
6DB1
  5
6DB2
331
6DB3
  5
6DB4
331
6DB4
  5
6DB5
331
6FBB
  5
6FBC
331
6DB5
  5
6DB6
331
6EB6
  5
6EB7
331
6DB6
  5
6DB7
331
6E07
  5
6E08
331
6E64
  5
6E65
331
6EB5
  5
6EB6
331
6DB7
  5
6DB8
331
6E65
  5
6E66
331
6DB9
  5
6DBA
331
6DBA
  5
6DBB
331
6FB5
  5
6FB6
331
6DBB
  5
6DBC
331
6DBC
  5
6DBD
331
6E0D
  5
6E0E
331
6DBD
  5
6DBE
331
6EBE
  5
6EBF
331
6DBE
  5
6DBF
331
6E6C
  5
6E6D
331
6EBD
  5
6EBE
331
6DBF
  5
6DC0
331
6E6D
  5
6E6E
331
6DC0
  5
6DC1
331
6DC1
  5
6DC2
331
6DC2
  5
6DC3
331
6E70
  5
6E71
331
6DC3
  5
6DC4
331
6E71
  5
6E72
331
6DC5
  5
6DC6
331
6EC6
  5
6EC7
331
6DC6
  5
6DC7
331
6E17
  5
6E18
331
6EC5
  5
6EC6
331
6DC8
  5
6DC9
331
6DC9
  5
6DCA
331
6DCB
  5
6DCC
331
6E79
  5
6E7A
331
6DCC
  5
6DCD
331
6E1D
  5
6E1E
331
6DCD
  5
6DCE
331
6ECE
  5
6ECF
331
6DCE
  5
6DCF
331
6E1F
  5
6E20
331
6E7C
  5
6E7D
331
6ECD
  5
6ECE
331
6DCF
  5
6DD0
331
6DD0
  5
6DD1
331
6DD1
  5
6DD2
331
6DD3
  5
6DD4
331
6E81
  5
6E82
331
6DD4
  5
6DD5
331
6DD5
  5
6DD6
331
6ED6
  5
6ED7
331
6DD6
  5
6DD7
331
6E84
  5
6E85
331
6ED5
  5
6ED6
331
6DDA
  5
6DDB
331
6DDB
  5
6DDC
331
6DDC
  5
6DDD
331
6E2D
  5
6E2E
331
6DDE
  5
6DDF
331
6E8C
  5
6E8D
331
6EDD
  5
6EDE
331
6DE0
  5
6DE1
331
6DE1
  5
6DE2
331
6DE2
  5
6DE3
331
6E90
  5
6E91
331
6DE3
  5
6DE4
331
6E91
  5
6E92
331
6DE8
  5
6DE9
331
6DE9
  5
6DEA
331
6DEA
  5
6DEB
331
6E98
  5
6E99
331
6DEB
  5
6DEC
331
6E99
  5
6E9A
331
6DED
  5
6DEE
331
6EEE
  5
6EEF
331
6DEE
  5
6DEF
331
6E3F
  5
6E40
331
6E9C
  5
6E9D
331
6EED
  5
6EEE
331
6DF4
  5
6DF5
331
6EF9
  5
6EFB
331
6DF6
  5
6DF7
331
6EA4
  5
6EA5
331
6EFB
  5
6EFC
331
6DF8
  5
6DF9
331
6E4B
  5
6E4C
331
6DF9
  5
6DFA
331
6E4A
  5
6E4B
331
6EF4
  5
6EF5
331
6DFA
  5
6DFB
331
6FA4
  5
6FA5
331
6F47
  5
6F48
331
6DFB
  5
6DFC
331
6EF6
  5
6EF7
331
6DFC
  5
6DFD
331
6DFE
  5
6DFF
331
6EAC
  5
6EAD
331
6EFD
  5
6EFE
331
6E00
  5
6E01
331
6E53
  5
6E54
331
6E01
  5
6E02
331
6E52
  5
6E53
331
6FAD
  5
6FAE
331
6EFF
  5
6F00
331
6E02
  5
6E03
331
6EB0
  5
6EB1
331
6E03
  5
6E04
331
6EB1
  5
6EB2
331
6E05
  5
6E06
331
6E06
  5
6E07
331
6E08
  5
6E09
331
6FB4
  5
6FB5
331
6E0B
  5
6E0C
331
6EB9
  5
6EBA
331
6E0E
  5
6E0F
331
6EBC
  5
6EBD
331
6E0F
  5
6E10
331
6E11
  5
6E12
331
6E62
  5
6E63
331
6E12
  5
6E13
331
6EC0
  5
6EC1
331
6E13
  5
6E14
331
6EC1
  5
6EC2
331
6F1B
  5
6F1C
331
6E16
  5
6E17
331
6EC4
  5
6EC5
331
6E18
  5
6E19
331
6E6B
  5
6E6C
331
6F14
  5
6F15
331
6E19
  5
6E1A
331
6E6A
  5
6E6B
331
6E1A
  5
6E1B
331
6FC4
  5
6FC5
331
6F67
  5
6F68
331
6F16
  5
6F17
331
6E1B
  5
6E1C
331
6E1C
  5
6E1D
331
6E1E
  5
6E1F
331
6ECC
  5
6ECD
331
6E20
  5
6E21
331
6E73
  5
6E74
331
6E21
  5
6E22
331
6E72
  5
6E73
331
6E22
  5
6E23
331
6ED0
  5
6ED1
331
6E28
  5
6E29
331
6E29
  5
6E2A
331
6E2C
  5
6E2D
331
6E2E
  5
6E2F
331
6EDC
  5
6EDD
331
6E2F
  5
6E30
331
6E30
  5
6E31
331
6E83
  5
6E84
331
6E31
  5
6E32
331
6E82
  5
6E83
331
6E32
  5
6E33
331
6EE0
  5
6EE1
331
6E33
  5
6E34
331
6EE1
  5
6EE2
331
6F39
  5
6F3A
331
6E34
  5
6E35
331
6F3B
  5
6F3C
331
6E36
  5
6E37
331
6EE4
  5
6EE5
331
6E38
  5
6E39
331
6E8B
  5
6E8C
331
6E3A
  5
6E3B
331
6F87
  5
6F88
331
6F36
  5
6F37
331
6E3B
  5
6E3C
331
6E3C
  5
6E3D
331
6E3E
  5
6E3F
331
6EEC
  5
6EED
331
6E40
  5
6E41
331
6E93
  5
6E94
331
6E43
  5
6E44
331
6EF1
  5
6EF2
331
6E44
  5
6E48
331
6E4D
  5
6E4E
331
6E4E
  5
6E4F
331
6E9F
  5
6EA0
331
6E4F
  5
6E50
331
6E54
  5
6E55
331
6E66
  5
6E67
331
6EB7
  5
6EB8
331
6E67
  5
6E68
331
6E69
  5
6E6A
331
6E6E
  5
6E6F
331
6EBF
  5
6EC0
331
6E77
  5
6E78
331
6FC7
  5
6FC8
331
6E7B
  5
6E7C
331
6E7D
  5
6E7E
331
6E7E
  5
6E7F
331
6E7F
  5
6E80
331
6E86
  5
6E87
331
6ED7
  5
6ED8
331
6E87
  5
6E88
331
6E8E
  5
6E8F
331
6EDF
  5
6EE0
331
6E94
  5
6E95
331
6E96
  5
6E97
331
6EE7
  5
6EE8
331
6EA2
  5
6EA3
331
6F4D
  5
6F4E
331
6EFC
  5
6EFD
331
6EA3
  5
6EA4
331
6EAB
  5
6EAC
331
6EAF
  5
6EB0
331
6EB2
  5
6EB3
331
6EB3
  5
6EB4
331
6EBA
  5
6EBB
331
6FB6
  5
6FB7
331
6EBB
  5
6EBC
331
6EC2
  5
6EC3
331
6EC3
  5
6EC4
331
6EC8
  5
6EC9
331
6EC9
  5
6ECA
331
6ECB
  5
6ECC
331
6ECF
  5
6ED0
331
6ED3
  5
6ED4
331
6F84
  5
6F85
331
6EDA
  5
6EDB
331
6EDB
  5
6EDC
331
6EE2
  5
6EE3
331
6EE3
  5
6EE4
331
6EE9
  5
6EEA
331
6F94
  5
6F95
331
6EEA
  5
6EEB
331
6EEB
  5
6EEC
331
6EEF
  5
6EF0
331
6FA1
  5
6FA2
331
6EF3
  5
6EF4
331
6EF5
  5
6EF6
331
6FA5
  5
6FA6
331
6EF7
  5
6EF8
331
6EF8
  5
6EF9
331
6F01
  5
6F02
331
6F55
  5
6F56
331
6F04
  5
6F05
331
6F05
  5
6F13
331
6FC1
  5
6FC2
331
6F13
  5
6F14
331
6F15
  5
6F16
331
6FC5
  5
6FC6
331
6F17
  5
6F18
331
6F18
  5
6F19
331
6F1A
  5
6F1B
331
6F6D
  5
6F6E
331
6F1C
  5
6F1D
331
6F1D
  5
6F1E
331
6FCC
  5
6FCD
331
6F1E
  5
6F1F
331
6FCD
  5
6FCE
331
6F1F
  5
6F20
331
6F20
  5
6F21
331
6F21
  5
6F22
331
6FD0
  5
6FD1
331
6F22
  5
6F23
331
6FD1
  5
985E
331
6F23
  5
6F24
331
6F25
  5
6F28
331
6F28
  5
6F29
331
6F29
  5
6F2A
331
6F7D
  5
6F7E
331
6F2C
  5
6F2D
331
6F2D
  5
6F2E
331
6F7F
  5
6F80
331
6F2E
  5
6F2F
331
6F2F
  5
6F30
331
6F30
  5
6F31
331
6F31
  5
6F32
331
6F32
  5
6F33
331
6F33
  5
6F34
331
6F35
  5
6F36
331
6F37
  5
6F38
331
6F38
  5
6F39
331
6F3A
  5
6F3B
331
6F8D
  5
6F8E
331
6F3C
  5
6F3D
331
6F3D
  5
6F3E
331
6F3E
  5
6F3F
331
6F40
  5
6F41
331
6F42
  5
6F43
331
6F45
  5
6F46
331
6F97
  5
6F98
331
6F46
  5
6F47
331
6F49
  5
6F4A
331
6F4B
  5
6F4C
331
6F4E
  5
6F4F
331
6F4F
  5
6F50
331
6FA3
  5
6FA4
331
6F50
  5
6F51
331
6FA2
  5
6FA3
331
6F51
  5
6F52
331
6F52
  5
6F53
331
6F53
  5
6F54
331
6F56
  5
6F57
331
6F57
  5
6F58
331
6F58
  5
6F59
331
6FAA
  5
6FAC
331
6F59
  5
6F5A
331
6F5B
  5
6F5C
331
6F5C
  5
6F5D
331
6F5D
  5
6F5E
331
6F5E
  5
6F5F
331
6FBC
  5
6FBD
331
6F5F
  5
6F60
331
6FB3
  5
6FB4
331
6F60
  5
6F61
331
6FB2
  5
6FB3
331
6F61
  5
6F62
331
6F62
  5
6F65
331
6F65
  5
6F66
331
6F66
  5
6F67
331
6F68
  5
6F69
331
6F69
  5
6F6A
331
6F6A
  5
6F6B
331
6F6B
  5
6F6C
331
6F6C
  5
6F6D
331
6F6E
  5
6F6F
331
6F6F
  5
6F70
331
6FC3
  5
6FC4
331
6F70
  5
6F71
331
6FC2
  5
6FC3
331
6F71
  5
6F72
331
6F72
  5
6F73
331
6F76
  5
6F77
331
6FCB
  5
6FCC
331
6F78
  5
6F79
331
6FCA
  5
6FCB
331
6F79
  5
6F7A
331
6F7B
  5
6F7C
331
6F7C
  5
6F7D
331
6F7E
  5
6F7F
331
6F80
  5
6F81
331
6F81
  5
6F82
331
6F82
  5
6F83
331
6F83
  5
6F84
331
6F85
  5
6F86
331
6F86
  5
6F87
331
6F88
  5
6F89
331
6F89
  5
6F8A
331
6F8A
  5
6F8B
331
6F8B
  5
6F8C
331
6F8C
  5
6F8D
331
6F8E
  5
6F8F
331
6F8F
  5
6F90
331
6F90
  5
6F91
331
6F91
  5
6F92
331
6F92
  5
6F93
331
6F93
  5
6F94
331
6F98
  5
6F99
331
6F99
  5
6F9A
331
6F9C
  5
6F9D
331
6F9E
  5
6F9F
331
6F9F
  5
6FA0
331
6FA6
  5
6FA7
331
6FA7
  5
6FA8
331
6FA8
  5
6FA9
331
6FA9
  5
6FAA
331
6FAE
  5
6FAF
331
6FB7
  5
6FB8
331
6FB8
  5
6FB9
331
6FBA
  5
6FBB
331
6FBD
  5
6FBE
331
6FBE
  5
6FBF
331
6FBF
  5
6FC0
331
6FC0
  5
6FC1
331
6FC6
  5
6FC7
331
6FC8
  5
6FC9
331
6FC9
  5
6FCA
331
6FCE
  5
6FCF
331
9863
  5
9864
331
9864
  5
9865
331
9865
  5
9868
  0
SORTENTSTABLE
  5
22F8
102
{ACAD_REACTORS
330
22F7
102
}
330
22F7
100
AcDbSortentsTable
330
BDD
331
67F0
  5
BDF
331
C31
  5
C51
331
BDF
  5
C31
331
57A0
  5
67EF
331
2986
  5
29FB
331
2984
  5
29D0
331
29FB
  5
57A0
  0
SORTENTSTABLE
  5
579A
102
{ACAD_REACTORS
330
5799
102
}
330
5799
100
AcDbSortentsTable
330
32A1
  0
SORTENTSTABLE
  5
578A
102
{ACAD_REACTORS
330
5789
102
}
330
5789
100
AcDbSortentsTable
330
C7B
  0
SORTENTSTABLE
  5
34C1
102
{ACAD_REACTORS
330
34C0
102
}
330
34C0
100
AcDbSortentsTable
330
58
331
6934
  5
32B
331
B9C
  5
5782
331
32B
  5
337
331
337
  5
B9C
331
5782
  5
6933
  0
SORTENTSTABLE
  5
5796
102
{ACAD_REACTORS
330
5795
102
}
330
5795
100
AcDbSortentsTable
330
324E
  0
XRECORD
  5
32A5
102
{ACAD_REACTORS
330
32A4
102
}
330
32A4
100
AcDbXrecord
280
     1
 90
        1
340
B7
  0
XRECORD
  5
32A8
102
{ACAD_REACTORS
330
32A7
102
}
330
32A7
100
AcDbXrecord
280
     1
 90
        1
340
126
  0
XRECORD
  5
C7F
102
{ACAD_REACTORS
330
C7E
102
}
330
C7E
100
AcDbXrecord
280
     1
 90
        1
340
B7
  0
XRECORD
  5
C82
102
{ACAD_REACTORS
330
C81
102
}
330
C81
100
AcDbXrecord
280
     1
 90
        1
340
126
  0
XRECORD
  5
32D
102
{ACAD_REACTORS
330
32C
102
}
330
32C
100
AcDbXrecord
280
     1
 90
        1
340
B7
  0
XRECORD
  5
339
102
{ACAD_REACTORS
330
338
102
}
330
338
100
AcDbXrecord
280
     1
 90
        1
340
126
  0
XRECORD
  5
3252
102
{ACAD_REACTORS
330
3251
102
}
330
3251
100
AcDbXrecord
280
     1
 90
        1
340
B7
  0
XRECORD
  5
3255
102
{ACAD_REACTORS
330
3254
102
}
330
3254
100
AcDbXrecord
280
     1
 90
        1
340
126
  0
XRECORD
  5
BE1
102
{ACAD_REACTORS
330
BE0
102
}
330
BE0
100
AcDbXrecord
280
     1
 90
        1
340
B7
  0
XRECORD
  5
C33
102
{ACAD_REACTORS
330
C32
102
}
330
C32
100
AcDbXrecord
280
     1
 90
        1
340
128
  0
ACDBDETAILVIEWSTYLE
  5
1AC
102
{ACAD_XDICTIONARY
360
3497
102
}
102
{ACAD_REACTORS
330
1AB
102
}
330
1AB
100
AcDbModelDocViewStyle
 70
     0
  3
Imperial24
290
     0
100
AcDbDetailViewStyle
 70
     0
 71
     0
 90
        3
 71
     1
340
11
 62
   256
 40
0.24
340
0
 62
   256
 40
0.24
300

 40
0.36
280
     3
 71
     2
340
16
 90
       25
 62
   256
 71
     3
340
11
 62
   256
 40
0.24
 90
        1
 40
0.75
 90
        1
300
%<\AcVar ViewType \f "%tc1">% %<\AcVar ViewDetailId>%\PSCALE %<\AcVar ViewScale \f "%sn">%
 71
     4
340
16
 90
       25
 62
   256
340
16
 90
       25
 62
   256
280
     0
  0
ACDBDETAILVIEWSTYLE
  5
35C8
102
{ACAD_XDICTIONARY
360
365E
102
}
102
{ACAD_REACTORS
330
1AB
102
}
330
1AB
100
AcDbModelDocViewStyle
 70
     0
  3
Metric50
290
     0
100
AcDbDetailViewStyle
 70
     0
 71
     0
 90
        3
 71
     1
340
11
 62
   256
 40
5.0
340
0
 62
   256
 40
5.0
300

 40
0.0
280
     1
 71
     2
340
16
 90
       25
 62
   256
 71
     3
340
11
 62
   256
 40
5.0
 90
        0
 40
15.0
 90
        1
300
%<\AcVar ViewDetailId>% (%<\AcVar ViewScale \f "%sn">%)
 71
     4
340
16
 90
       25
 62
   256
340
16
 90
       25
 62
   256
280
     0
  0
IMAGEDEF
  5
986A
102
{ACAD_REACTORS
330
558C
330
986C
102
}
330
558C
100
AcDbRasterImageDef
 90
        0
  1
..\orientacja.png
 10
5547.0
 20
3763.0
 11
0.0001802776275464
 21
0.0001802776275464
280
     1
281
     0
  0
LAYOUT
  5
C13
102
{ACAD_REACTORS
330
1A
102
}
330
1A
100
AcDbPlotSettings
  1

  2
DWG To PDF.pc3
  4
User4100
  6

 40
20.0
 41
5.0
 42
5.0
 43
5.0
 44
210.0
 45
297.0
 46
0.0
 47
0.0
 48
0.0
 49
0.0
140
0.0
141
0.0
142
1.0
143
1.0
 70
   672
 72
     1
 73
     0
 74
     5
  7

 75
    16
 76
     0
 77
     2
 78
   300
147
1.0
148
0.0
149
0.0
100
AcDbLayout
  1
1
 70
     0
 71
     1
 10
-15.0
 20
-5.0
 11
195.0
 21
292.0
 12
0.0
 22
0.0
 32
0.0
 14
1.00092499999998
 24
1.001435000931101
 34
0.0
 15
183.9990750000014
 25
285.998565
 35
1.0
146
0.0
 13
0.0
 23
0.0
 33
0.0
 16
1.0
 26
0.0
 36
0.0
 17
0.0
 27
1.0
 37
0.0
 76
     0
330
BDD
331
BDF
1001
ACAD_PSEXT
1000
DWG To PDF.pc3
1000
HaoChenPDF
1000
Plik
1000
PDF Print Driver of GreatStar Tech
1070
     0
1001
PLOTTRANSPARENCY
1071
        0
  0
LAYOUT
  5
59
102
{ACAD_REACTORS
330
1A
102
}
330
1A
100
AcDbPlotSettings
  1

  2
DWG To PDF.pc3
  4
User4100
  6

 40
20.0
 41
5.0
 42
5.0
 43
5.0
 44
210.0
 45
297.0
 46
0.0
 47
0.0
 48
0.0
 49
0.0
140
0.0
141
0.0
142
1.0
143
1.0
 70
   672
 72
     1
 73
     0
 74
     5
  7

 75
    16
 76
     0
 77
     2
 78
   300
147
1.0
148
0.0
149
0.0
100
AcDbLayout
  1
3.1
 70
     0
 71
     2
 10
-15.0
 20
-5.0
 11
195.0
 21
292.0
 12
0.0
 22
0.0
 32
0.0
 14
1.00092499999998
 24
1.001434999999778
 34
0.0
 15
183.9990750000013
 25
285.998565
 35
1.0
146
0.0
 13
0.0
 23
0.0
 33
0.0
 16
1.0
 26
0.0
 36
0.0
 17
0.0
 27
1.0
 37
0.0
 76
     0
330
58
331
32B
1001
ACAD_PSEXT
1000
DWG To PDF.pc3
1000
HaoChenPDF
1000
Plik
1000
PDF Print Driver of GreatStar Tech
1070
     0
1001
PLOTTRANSPARENCY
1071
        0
  0
LAYOUT
  5
CB1
102
{ACAD_REACTORS
330
1A
102
}
330
1A
100
AcDbPlotSettings
  1

  2
DWG To PDF.pc3
  4
User4102
  6

 40
15.0
 41
5.0
 42
5.0
 43
5.0
 44
210.0
 45
297.0
 46
0.0
 47
0.0
 48
0.0
 49
0.0
140
0.0
141
0.0
142
1.0
143
1.0
 70
   672
 72
     1
 73
     0
 74
     5
  7

 75
    16
 76
     0
 77
     2
 78
   300
147
1.0
148
0.0
149
0.0
100
AcDbLayout
  1
3.2
 70
     1
 71
     3
 10
-15.0
 20
-5.0
 11
195.0
 21
292.0
 12
0.0
 22
0.0
 32
0.0
 14
6.00092499999998
 24
1.001434999999778
 34
0.0
 15
188.9990750000013
 25
285.998565
 35
1.0
146
0.0
 13
0.0
 23
0.0
 33
0.0
 16
1.0
 26
0.0
 36
0.0
 17
0.0
 27
1.0
 37
0.0
 76
     0
330
C7B
331
C7D
1001
ACAD_PSEXT
1000
DWG To PDF.pc3
1000
HaoChenPDF
1000
FILE:
1000
PDF Print Driver of GreatStar Tech
1070
     0
1001
PLOTTRANSPARENCY
1071
        0
  0
LAYOUT
  5
325B
102
{ACAD_REACTORS
330
1A
102
}
330
1A
100
AcDbPlotSettings
  1

  2
DWG To PDF.pc3
  4
User4102
  6

 40
15.0
 41
5.0
 42
5.0
 43
5.0
 44
210.0
 45
297.0
 46
0.0
 47
0.0
 48
0.0
 49
0.0
140
0.0
141
0.0
142
1.0
143
1.0
 70
   672
 72
     1
 73
     0
 74
     5
  7

 75
    16
 76
     0
 77
     2
 78
   300
147
1.0
148
0.0
149
0.0
100
AcDbLayout
  1
3.3
 70
     1
 71
     4
 10
-15.0
 20
-5.0
 11
195.0
 21
292.0
 12
0.0
 22
0.0
 32
0.0
 14
6.00092499999998
 24
1.001434999999901
 34
0.0
 15
188.9990750000014
 25
285.998565
 35
1.0
146
0.0
 13
0.0
 23
0.0
 33
0.0
 16
1.0
 26
0.0
 36
0.0
 17
0.0
 27
1.0
 37
0.0
 76
     0
330
324E
331
3250
1001
ACAD_PSEXT
1000
DWG To PDF.pc3
1000
HaoChenPDF
1000
Plik
1000
PDF Print Driver of GreatStar Tech
1070
     0
1001
PLOTTRANSPARENCY
1071
        0
  0
LAYOUT
  5
32AE
102
{ACAD_REACTORS
330
1A
102
}
330
1A
100
AcDbPlotSettings
  1

  2
DWG To PDF.pc3
  4
User4102
  6

 40
15.0
 41
5.0
 42
5.0
 43
5.0
 44
210.0
 45
297.0
 46
0.0
 47
0.0
 48
0.0
 49
0.0
140
0.0
141
0.0
142
1.0
143
1.0
 70
   672
 72
     1
 73
     0
 74
     5
  7

 75
    16
 76
     0
 77
     2
 78
   300
147
1.0
148
0.0
149
0.0
100
AcDbLayout
  1
3.4
 70
     1
 71
     5
 10
-15.0
 20
-5.0
 11
195.0
 21
292.0
 12
0.0
 22
0.0
 32
0.0
 14
6.00092499999998
 24
1.001434999999778
 34
0.0
 15
188.9990750000014
 25
285.998565
 35
1.0
146
0.0
 13
0.0
 23
0.0
 33
0.0
 16
1.0
 26
0.0
 36
0.0
 17
0.0
 27
1.0
 37
0.0
 76
     0
330
32A1
331
32A3
1001
ACAD_PSEXT
1000
DWG To PDF.pc3
1000
HaoChenPDF
1000
Plik
1000
PDF Print Driver of GreatStar Tech
1070
     0
1001
PLOTTRANSPARENCY
1071
        0
  0
LAYOUT
  5
22
102
{ACAD_REACTORS
330
1A
102
}
330
1A
100
AcDbPlotSettings
  1

  2
none_device
  4
ANSI_A_(8.50_x_11.00_Inches)
  6

 40
6.349999904632568
 41
19.04999923706055
 42
6.350006103515625
 43
19.04998779296875
 44
215.8999938964844
 45
279.3999938964844
 46
0.0
 47
0.0
 48
0.0
 49
0.0
140
0.0
141
0.0
142
1.0
143
2.584895464708373
 70
 11952
 72
     0
 73
     1
 74
     0
  7

 75
     0
 76
     0
 77
     2
 78
   300
147
0.3868628397755418
148
0.0
149
0.0
100
AcDbLayout
  1
Model
 70
     1
 71
     0
 10
0.0
 20
0.0
 11
12.0
 21
9.0
 12
0.0
 22
0.0
 32
0.0
 14
-82.9999999999986
 24
-0.0000000000002389
 34
0.0
 15
0.0000000000013973
 25
65.41411131522271
 35
1.0
146
0.0
 13
0.0
 23
0.0
 33
0.0
 16
1.0
 26
0.0
 36
0.0
 17
0.0
 27
1.0
 37
0.0
 76
     0
330
1F
331
94
  0
MATERIAL
  5
97
102
{ACAD_XDICTIONARY
360
188
102
}
102
{ACAD_REACTORS
330
72
102
}
330
72
100
AcDbMaterial
  1
ByBlock
 73
     2
 78
     2
172
     2
176
     2
270
     2
274
     2
 94
       63
  0
MATERIAL
  5
96
102
{ACAD_XDICTIONARY
360
186
102
}
102
{ACAD_REACTORS
330
72
102
}
330
72
100
AcDbMaterial
  1
ByLayer
 73
     2
 78
     2
172
     2
176
     2
270
     2
274
     2
 94
       63
  0
MATERIAL
  5
98
102
{ACAD_XDICTIONARY
360
110
102
}
102
{ACAD_REACTORS
330
72
102
}
330
72
100
AcDbMaterial
  1
Global
 73
     2
 43
0.0208000000566244
 43
0.0
 43
0.0
 43
0.0
 43
0.0
 43
0.0208000000566244
 43
0.0
 43
0.0
 43
0.0
 43
0.0
 43
1.0
 43
0.0
 43
0.0
 43
0.0
 43
0.0
 43
1.0
 78
     2
172
     2
 49
0.0208000000566244
 49
0.0
 49
0.0
 49
0.0
 49
0.0
 49
0.0208000000566244
 49
0.0
 49
0.0
 49
0.0
 49
0.0
 49
1.0
 49
0.0
 49
0.0
 49
0.0
 49
0.0
 49
1.0
176
     2
142
0.0208000000566244
142
0.0
142
0.0
142
0.0
142
0.0
142
0.0208000000566244
142
0.0
142
0.0
142
0.0
142
0.0
142
1.0
142
0.0
142
0.0
142
0.0
142
0.0
142
1.0
270
     2
144
0.0208000000566244
144
0.0
144
0.0
144
0.0
144
0.0
144
0.0208000000566244
144
0.0
144
0.0
144
0.0
144
0.0
144
1.0
144
0.0
144
0.0
144
0.0
144
0.0
144
1.0
274
     2
 94
       63
1001
ACAD
1070
    -1
1070
     3
1070
     0
1000

1071
        0
1070
     0
  0
MLEADERSTYLE
  5
783F
102
{ACAD_REACTORS
330
D7
102
}
330
D7
100
AcDbMLeaderStyle
179
     2
170
     2
171
     1
172
     0
 90
        2
 40
0.0
 41
0.0
173
     1
 91
-1056964608
340
14
 92
       -2
290
     1
 42
2.0
291
     1
 43
8.0
  3
Standard
 44
4.0
300

342
11
174
     1
178
     1
175
     1
176
     0
 93
-1056964608
 45
4.0
292
     0
297
     0
 46
4.0
 94
-1056964608
 47
1.0
 49
1.0
140
1.0
293
     1
141
0.0
294
     1
177
     0
142
1.0
295
     0
296
     1
143
3.75
271
     0
272
     9
273
     9
  0
MLEADERSTYLE
  5
D8
102
{ACAD_REACTORS
330
D7
330
98C0
330
98C5
330
98C1
330
98BB
330
98BD
330
98C4
330
98BC
330
98BF
330
98C2
330
98C3
102
}
330
D7
100
AcDbMLeaderStyle
179
     2
170
     2
171
     1
172
     0
 90
        2
 40
0.0
 41
0.0
173
     1
 91
-1056964608
340
14
 92
       -2
290
     1
 42
0.09
291
     1
 43
0.36
  3
Standard
 44
0.18
300

342
11
174
     1
178
     1
175
     1
176
     0
 93
-1056964608
 45
0.18
292
     0
297
     0
 46
0.18
 94
-1056964608
 47
1.0
 49
1.0
140
1.0
293
     1
141
0.0
294
     1
177
     0
142
1.0
295
     0
296
     0
143
0.125
271
     0
272
     9
273
     9
  0
MLINESTYLE
  5
676E
102
{ACAD_REACTORS
330
17
102
}
330
17
100
AcDbMlineStyle
  2
1 5MMOBWODKA1
 70
     0
  3

 62
     7
 51
45.00000000000007
 52
134.9999999999999
 71
     2
 49
0.0
 62
   256
  6
BYLAYER
 49
-1.5
 62
   256
  6
BYLAYER
  0
MLINESTYLE
  5
18
102
{ACAD_REACTORS
330
17
102
}
330
17
100
AcDbMlineStyle
  2
STANDARD
 70
     0
  3

 62
   256
 51
90.0
 52
90.0
 71
     2
 49
0.5
 62
   256
  6
BYLAYER
 49
-0.5
 62
   256
  6
BYLAYER
  0
ACDBPLACEHOLDER
  5
F
102
{ACAD_REACTORS
330
E
102
}
330
E
  0
ACAD_PROXY_OBJECT
  5
3586
102
{ACAD_REACTORS
330
3581
102
}
330
3581
100
AcDbProxyObject
 90
      499
 91
      521
 95
  6881311
 70
     0
162
               758
311
45928018401AC01BC016C041C04E8008001C001BC0190018C01E8018401CC008001B001D401B8018C01A001D40246148019401B80190019401C801D401A80194008001C001C801E8019401E8008000D800C0008001B401A401B801D401D000
161
               217
310
40AD0440D014053C4090200000000000002100000000000000084080
  0
ACAD_PROXY_OBJECT
  5
3585
102
{ACAD_REACTORS
330
3581
102
}
330
3581
100
AcDbProxyObject
 90
      499
 91
      521
 95
  6881311
 70
     0
162
               822
311
46928018401AC01BC016C041C04E8008001DC008001C001C801E8019401C801DC01A40194008001B80184008001AC018401DC00640646148019401B80190019401C801D401A80194008001C001C801E8019401E8008000C400C0008001B401A401B801D401D000
161
               217
310
40AD0340D014050A4050200000000000002100000000000000084080
  0
ACAD_PROXY_OBJECT
  5
3587
102
{ACAD_REACTORS
330
3581
102
}
330
3581
100
AcDbProxyObject
 90
      499
 91
      521
 95
  6881311
 70
     0
162
               694
311
44528018401AC01BC016C041C04E8008001C001C801E8019401E8008001B801BC018C0246548019401B80190019401C801D401A80194008001C001C801E8019401E8008000C400C80080019C01BC019001E801A401B800
161
               241
310
40AD0540D01404D00200004090200000000000002100000000000000084080
  0
ACAD_PROXY_OBJECT
  5
3582
102
{ACAD_REACTORS
330
3581
102
}
330
3581
100
AcDbProxyObject
 90
      499
 91
      521
 95
  6881311
 70
     0
162
               582
311
4153801A401CC01AC0184024795C01E401AC01BC01B801D401A80194008000C4008001C001BC01E801A401BC01B4008001C8019401B80190019401C801BC01DC018401B801A4018400
161
               193
310
40AE40E4050190200000000000002100000000000000084080
  0
ACAD_PROXY_OBJECT
  5
3583
102
{ACAD_REACTORS
330
3581
102
}
330
3581
100
AcDbProxyObject
 90
      499
 91
      521
 95
  6881311
 70
     0
162
               646
311
41D6805C80194019001B801A40184024815C01E401AC01BC01B801D401A80194008000D4008001C001BC01E801A401BC01B403CC01DC008001C8019401B80190019401C801BC01DC018401B801A4018400
161
               209
310
40AD0140E415014050200000000000002100000000000000084080
  0
ACAD_PROXY_OBJECT
  5
3584
102
{ACAD_REACTORS
330
3581
102
}
330
3581
100
AcDbProxyObject
 90
      499
 91
      521
 95
  6881311
 70
     0
162
               646
311
4195C01E401CC01BC01AC0184024855C01E401AC01BC01B801D401A80194008000C400C0008001C001BC01E801A401BC01B403CC01DC008001C8019401B80190019401C801BC01DC018401B801A4018400
161
               209
310
40AD0240E429014090200000000000002100000000000000084080
  0
SCALE
  5
318
102
{ACAD_REACTORS
330
B6
102
}
330
B6
100
AcDbScale
 70
     0
300
1:1000_XREF
140
1.0
141
1.0
290
     0
1001
ACAD
1000
AcRTDxfName
1000
SCALE
1000
AcRTDxfName
1000
SCALE
1000
AcRTDxfName
1000
SCALE
1000
AcRTDxfName
1000
SCALE
1000
AcRTDxfName
1000
SCALE
1000
AcRTDxfName
1000
SCALE
1000
AcRTDxfName
1000
SCALE
1000
AcRTDxfName
1000
SCALE
1000
AcRTDxfName
1000
SCALE
  0
SCALE
  5
7BB9
102
{ACAD_REACTORS
330
B6
102
}
330
B6
100
AcDbScale
 70
     0
300
3/8" = 1'-0"_XREF
140
0.375
141
12.0
290
     0
  0
SCALE
  5
7BBA
102
{ACAD_REACTORS
330
B6
102
}
330
B6
100
AcDbScale
 70
     0
300
1/2" = 1'-0"_XREF
140
0.5
141
12.0
290
     0
  0
SCALE
  5
7BBB
102
{ACAD_REACTORS
330
B6
102
}
330
B6
100
AcDbScale
 70
     0
300
3/4" = 1'-0"_XREF
140
0.75
141
12.0
290
     0
  0
SCALE
  5
7BBC
102
{ACAD_REACTORS
330
B6
102
}
330
B6
100
AcDbScale
 70
     0
300
1" = 1'-0"_XREF
140
1.0
141
12.0
290
     0
  0
SCALE
  5
7BBD
102
{ACAD_REACTORS
330
B6
102
}
330
B6
100
AcDbScale
 70
     0
300
1-1/2" = 1'-0"_XREF
140
1.5
141
12.0
290
     0
  0
SCALE
  5
7BBE
102
{ACAD_REACTORS
330
B6
102
}
330
B6
100
AcDbScale
 70
     0
300
3" = 1'-0"_XREF
140
3.0
141
12.0
290
     0
  0
SCALE
  5
7BBF
102
{ACAD_REACTORS
330
B6
102
}
330
B6
100
AcDbScale
 70
     0
300
6" = 1'-0"_XREF
140
6.0
141
12.0
290
     0
  0
SCALE
  5
7BC0
102
{ACAD_REACTORS
330
B6
102
}
330
B6
100
AcDbScale
 70
     0
300
1'-0" = 1'-0"_XREF
140
12.0
141
12.0
290
     0
  0
SCALE
  5
7C11
102
{ACAD_REACTORS
330
B6
102
}
330
B6
100
AcDbScale
 70
     0
300
1:2_XREF
140
1.0
141
2.0
290
     0
  0
SCALE
  5
7C12
102
{ACAD_REACTORS
330
B6
102
}
330
B6
100
AcDbScale
 70
     0
300
1:4_XREF
140
1.0
141
4.0
290
     0
  0
SCALE
  5
7BB1
102
{ACAD_REACTORS
330
B6
102
}
330
B6
100
AcDbScale
 70
     0
300
1/128" = 1'-0"_XREF
140
0.0078125
141
12.0
290
     0
  0
SCALE
  5
7C14
102
{ACAD_REACTORS
330
B6
102
}
330
B6
100
AcDbScale
 70
     0
300
1:8_XREF
140
1.0
141
8.0
290
     0
  0
SCALE
  5
7C16
102
{ACAD_REACTORS
330
B6
102
}
330
B6
100
AcDbScale
 70
     0
300
1:16_XREF
140
1.0
141
16.0
290
     0
  0
SCALE
  5
7C17
102
{ACAD_REACTORS
330
B6
102
}
330
B6
100
AcDbScale
 70
     0
300
1:20_XREF
140
1.0
141
20.0
290
     0
  0
SCALE
  5
7C18
102
{ACAD_REACTORS
330
B6
102
}
330
B6
100
AcDbScale
 70
     0
300
1:30_XREF
140
1.0
141
30.0
290
     0
  0
SCALE
  5
7C19
102
{ACAD_REACTORS
330
B6
102
}
330
B6
100
AcDbScale
 70
     0
300
1:40_XREF
140
1.0
141
40.0
290
     0
  0
SCALE
  5
7C1A
102
{ACAD_REACTORS
330
B6
102
}
330
B6
100
AcDbScale
 70
     0
300
1:50_XREF
140
1.0
141
50.0
290
     0
  0
SCALE
  5
7C1B
102
{ACAD_REACTORS
330
B6
102
}
330
B6
100
AcDbScale
 70
     0
300
1:100_XREF
140
1.0
141
100.0
290
     0
  0
SCALE
  5
7C1C
102
{ACAD_REACTORS
330
B6
102
}
330
B6
100
AcDbScale
 70
     0
300
2:1_XREF
140
2.0
141
1.0
290
     0
  0
SCALE
  5
7C1D
102
{ACAD_REACTORS
330
B6
102
}
330
B6
100
AcDbScale
 70
     0
300
4:1_XREF
140
4.0
141
1.0
290
     0
  0
SCALE
  5
7C1E
102
{ACAD_REACTORS
330
B6
102
}
330
B6
100
AcDbScale
 70
     0
300
8:1_XREF
140
8.0
141
1.0
290
     0
  0
SCALE
  5
7BB2
102
{ACAD_REACTORS
330
B6
102
}
330
B6
100
AcDbScale
 70
     0
300
1/64" = 1'-0"_XREF
140
0.015625
141
12.0
290
     0
  0
SCALE
  5
7C1F
102
{ACAD_REACTORS
330
B6
102
}
330
B6
100
AcDbScale
 70
     0
300
10:1_XREF
140
10.0
141
1.0
290
     0
  0
SCALE
  5
7C20
102
{ACAD_REACTORS
330
B6
102
}
330
B6
100
AcDbScale
 70
     0
300
100:1_XREF
140
100.0
141
1.0
290
     0
  0
SCALE
  5
7BB3
102
{ACAD_REACTORS
330
B6
102
}
330
B6
100
AcDbScale
 70
     0
300
1/32" = 1'-0"_XREF
140
0.03125
141
12.0
290
     0
  0
SCALE
  5
7BB4
102
{ACAD_REACTORS
330
B6
102
}
330
B6
100
AcDbScale
 70
     0
300
1/16" = 1'-0"_XREF
140
0.0625
141
12.0
290
     0
  0
SCALE
  5
7BB5
102
{ACAD_REACTORS
330
B6
102
}
330
B6
100
AcDbScale
 70
     0
300
3/32" = 1'-0"_XREF
140
0.09375
141
12.0
290
     0
  0
SCALE
  5
7BB6
102
{ACAD_REACTORS
330
B6
102
}
330
B6
100
AcDbScale
 70
     0
300
1/8" = 1'-0"_XREF
140
0.125
141
12.0
290
     0
  0
SCALE
  5
7BB7
102
{ACAD_REACTORS
330
B6
102
}
330
B6
100
AcDbScale
 70
     0
300
3/16" = 1'-0"_XREF
140
0.1875
141
12.0
290
     0
  0
SCALE
  5
7BB8
102
{ACAD_REACTORS
330
B6
102
}
330
B6
100
AcDbScale
 70
     0
300
1/4" = 1'-0"_XREF
140
0.25
141
12.0
290
     0
  0
SCALE
  5
B7
102
{ACAD_REACTORS
330
B6
102
}
330
B6
100
AcDbScale
 70
     0
300
1:1
140
1.0
141
1.0
290
     1
  0
SCALE
  5
126
102
{ACAD_REACTORS
330
B6
102
}
330
B6
100
AcDbScale
 70
     0
300
1:5
140
1.0
141
5.0
290
     0
  0
SCALE
  5
128
102
{ACAD_REACTORS
330
B6
102
}
330
B6
100
AcDbScale
 70
     0
300
1:10
140
1.0
141
10.0
290
     0
  0
ACDBSECTIONVIEWSTYLE
  5
1AA
102
{ACAD_XDICTIONARY
360
3495
102
}
102
{ACAD_REACTORS
330
1A8
102
}
330
1A8
100
AcDbModelDocViewStyle
 70
     0
  3
Imperial24
290
     0
100
AcDbSectionViewStyle
 70
     0
 71
     0
 90
       78
 71
     1
340
11
 62
   256
 40
0.24
340
0
340
0
 62
   256
 40
0.24
300
I, O, Q, S, X, Z
 40
0.48
 90
        3
 40
0.18
 90
        1
 71
     2
340
16
 90
       25
 62
   256
340
16
 90
       50
 62
   256
 40
0.24
 40
0.0
 40
0.24
 71
     3
340
11
 62
   256
 40
0.24
 90
        1
 40
0.75
 90
        1
300
%<\AcVar ViewType \f "%tc1">% %<\AcVar ViewSectionStartId>%-%<\AcVar ViewSectionEndId>%\PSCALE %<\AcVar ViewScale \f "%sn">%
 71
     4
 62
   256
 62
   257
300
ANSI31
 40
1.0
 90
        0
290
     0
290
     0
 90
        6
 40
0.0
 40
1.570796326794896
 40
0.2617993877991494
 40
1.308996938995747
 40
-0.2617993877991494
 40
1.832595714594046
  0
ACDBSECTIONVIEWSTYLE
  5
35C7
102
{ACAD_XDICTIONARY
360
365C
102
}
102
{ACAD_REACTORS
330
1A8
102
}
330
1A8
100
AcDbModelDocViewStyle
 70
     0
  3
Metric50
290
     0
100
AcDbSectionViewStyle
 70
     0
 71
     0
 90
      102
 71
     1
340
11
 62
   256
 40
5.0
340
0
340
0
 62
   256
 40
5.0
300
I, O, Q, S, X, Z
 40
10.0
 90
        0
 40
2.5
 90
        0
 71
     2
340
16
 90
       25
 62
   256
340
16
 90
       50
 62
   256
 40
5.0
 40
2.5
 40
5.0
 71
     3
340
11
 62
   256
 40
5.0
 90
        0
 40
15.0
 90
        1
300
%<\AcVar ViewSectionStartId>%-%<\AcVar ViewSectionEndId>% (%<\AcVar ViewScale \f "%sn">%)
 71
     4
 62
   256
 62
   257
300
ANSI31
 40
1.0
 90
        0
290
     0
290
     0
 90
        6
 40
0.0
 40
1.570796326794896
 40
0.2617993877991494
 40
1.308996938995747
 40
-0.2617993877991494
 40
1.832595714594046
  0
TABLESTYLE
  5
87
102
{ACAD_XDICTIONARY
360
9A03
102
}
102
{ACAD_REACTORS
330
86
102
}
330
86
100
AcDbTableStyle
280
     0
  3
Standard
 70
     0
 71
     0
 40
0.06
 41
0.06
280
     0
281
     0
  7
Standard
140
0.18
170
     2
 62
     0
 63
     7
283
     0
 90
      512
 91
        0
  1

274
    -2
284
     1
 64
     0
275
    -2
285
     1
 65
     0
276
    -2
286
     1
 66
     0
277
    -2
287
     1
 67
     0
278
    -2
288
     1
 68
     0
279
    -2
289
     1
 69
     0
  7
Standard
140
0.25
170
     5
 62
     0
 63
     7
283
     0
 90
      512
 91
        0
  1

274
    -2
284
     1
 64
     0
275
    -2
285
     1
 65
     0
276
    -2
286
     1
 66
     0
277
    -2
287
     1
 67
     0
278
    -2
288
     1
 68
     0
279
    -2
289
     1
 69
     0
  7
Standard
140
0.18
170
     5
 62
     0
 63
     7
283
     0
 90
      512
 91
        0
  1

274
    -2
284
     1
 64
     0
275
    -2
285
     1
 65
     0
276
    -2
286
     1
 66
     0
277
    -2
287
     1
 67
     0
278
    -2
288
     1
 68
     0
279
    -2
289
     1
 69
     0
  0
VISUALSTYLE
  5
9F
102
{ACAD_XDICTIONARY
360
9A05
102
}
102
{ACAD_REACTORS
330
99
102
}
330
99
100
AcDbVisualStyle
  2
2dWireframe
 70
     4
177
     2
291
     0
 71
     0
176
     1
 72
     2
176
     1
 73
     1
176
     1
 90
        0
176
     1
 40
0.6
176
     1
 41
30.0
176
     1
 62
     5
 63
     7
421
 16777215
176
     1
 74
     1
176
     1
 91
        4
176
     1
 64
     7
176
     1
 65
   257
176
     1
 75
     1
176
     1
175
     1
176
     1
 42
1.0
176
     1
 92
        0
176
     1
 66
   257
176
     1
 43
1.0
176
     1
 76
     1
176
     1
 77
     6
176
     1
 78
     2
176
     1
 67
     7
176
     1
 79
     5
176
     1
170
     0
176
     1
171
     0
176
     1
290
     0
176
     1
 93
        1
176
     1
 44
0.0
176
     1
173
     0
176
     1
  0
VISUALSTYLE
  5
35C4
102
{ACAD_XDICTIONARY
360
9A07
102
}
102
{ACAD_REACTORS
330
99
102
}
330
99
100
AcDbVisualStyle
  2
3D Hidden
 70
     6
177
     2
291
     0
 71
     1
176
     1
 72
     2
176
     1
 73
     2
176
     1
 90
        0
176
     1
 40
0.6
176
     1
 41
30.0
176
     1
 62
     5
 63
     7
176
     1
 74
     2
176
     1
 91
        2
176
     1
 64
     7
176
     1
 65
   257
176
     1
 75
     2
176
     1
175
     1
176
     1
 42
40.0
176
     1
 92
        0
176
     1
 66
   257
176
     1
 43
1.0
176
     1
 76
     1
176
     1
 77
     6
176
     1
 78
     2
176
     1
 67
     7
176
     1
 79
     3
176
     1
170
     0
176
     1
171
     0
176
     1
290
     0
176
     1
 93
        1
176
     1
 44
0.0
176
     1
173
     0
176
     1
  0
VISUALSTYLE
  5
35C5
102
{ACAD_XDICTIONARY
360
9A09
102
}
102
{ACAD_REACTORS
330
99
102
}
330
99
100
AcDbVisualStyle
  2
3dWireframe
 70
     5
177
     2
291
     0
 71
     0
176
     1
 72
     2
176
     1
 73
     1
176
     1
 90
        0
176
     1
 40
0.6
176
     1
 41
30.0
176
     1
 62
     5
 63
     7
176
     1
 74
     1
176
     1
 91
        4
176
     1
 64
     7
176
     1
 65
   257
176
     1
 75
     1
176
     1
175
     1
176
     1
 42
1.0
176
     1
 92
        0
176
     1
 66
   257
176
     1
 43
1.0
176
     1
 76
     1
176
     1
 77
     6
176
     1
 78
     2
176
     1
 67
     7
176
     1
 79
     5
176
     1
170
     0
176
     1
171
     0
176
     1
290
     0
176
     1
 93
        1
176
     1
 44
0.0
176
     1
173
     0
176
     1
  0
VISUALSTYLE
  5
9E
102
{ACAD_XDICTIONARY
360
9A0B
102
}
102
{ACAD_REACTORS
330
99
102
}
330
99
100
AcDbVisualStyle
  2
Basic
 70
     7
177
     2
291
     1
 71
     1
176
     1
 72
     0
176
     1
 73
     1
176
     1
 90
        0
176
     1
 40
0.6
176
     1
 41
30.0
176
     1
 62
     5
 63
     7
421
 16777215
176
     1
 74
     0
176
     1
 91
        4
176
     1
 64
     7
176
     1
 65
   257
176
     1
 75
     1
176
     1
175
     1
176
     1
 42
1.0
176
     1
 92
        8
176
     1
 66
     7
176
     1
 43
1.0
176
     1
 76
     1
176
     1
 77
     6
176
     1
 78
     2
176
     1
 67
     7
176
     1
 79
     5
176
     1
170
     0
176
     1
171
     0
176
     1
290
     0
176
     1
 93
        1
176
     1
 44
0.0
176
     1
173
     0
176
     1
  0
VISUALSTYLE
  5
A5
102
{ACAD_XDICTIONARY
360
9A0D
102
}
102
{ACAD_REACTORS
330
99
102
}
330
99
100
AcDbVisualStyle
  2
Brighten
 70
    12
177
     2
291
     1
 71
     2
176
     1
 72
     2
176
     1
 73
     1
176
     1
 90
        0
176
     1
 40
0.6
176
     1
 41
30.0
176
     1
 62
     5
 63
     7
421
 16777215
176
     1
 74
     1
176
     1
 91
        4
176
     1
 64
     7
176
     1
 65
   257
176
     1
 75
     1
176
     1
175
     1
176
     1
 42
1.0
176
     1
 92
        8
176
     1
 66
     7
176
     1
 43
1.0
176
     1
 76
     1
176
     1
 77
     6
176
     1
 78
     2
176
     1
 67
     7
176
     1
 79
     5
176
     1
170
     0
176
     1
171
     0
176
     1
290
     0
176
     1
 93
        1
176
     1
 44
50.0
176
     1
173
     0
176
     1
  0
VISUALSTYLE
  5
A9
102
{ACAD_XDICTIONARY
360
9A0F
102
}
102
{ACAD_REACTORS
330
99
102
}
330
99
100
AcDbVisualStyle
  2
ColorChange
 70
    16
177
     2
291
     1
 71
     2
176
     1
 72
     2
176
     1
 73
     3
176
     1
 90
        0
176
     1
 40
0.6
176
     1
 41
30.0
176
     1
 62
     5
 63
     8
421
  8421504
176
     1
 74
     1
176
     1
 91
        4
176
     1
 64
     7
176
     1
 65
   257
176
     1
 75
     1
176
     1
175
     1
176
     1
 42
1.0
176
     1
 92
        8
176
     1
 66
     8
424
  8421504
176
     1
 43
1.0
176
     1
 76
     1
176
     1
 77
     6
176
     1
 78
     2
176
     1
 67
     7
176
     1
 79
     5
176
     1
170
     0
176
     1
171
     0
176
     1
290
     0
176
     1
 93
        1
176
     1
 44
0.0
176
     1
173
     0
176
     1
  0
VISUALSTYLE
  5
A2
102
{ACAD_XDICTIONARY
360
9A11
102
}
102
{ACAD_REACTORS
330
99
102
}
330
99
100
AcDbVisualStyle
  2
Conceptual
 70
     9
177
     2
291
     0
 71
     3
176
     1
 72
     2
176
     1
 73
     1
176
     1
 90
        0
176
     1
 40
0.6
176
     1
 41
30.0
176
     1
 62
     5
 63
     7
421
 16777215
176
     1
 74
     2
176
     1
 91
        2
176
     1
 64
     7
176
     1
 65
   257
176
     1
 75
     1
176
     1
175
     1
176
     1
 42
40.0
176
     1
 92
        8
176
     1
 66
     7
176
     1
 43
1.0
176
     1
 76
     1
176
     1
 77
     6
176
     1
 78
     2
176
     1
 67
     7
176
     1
 79
     3
176
     1
170
     0
176
     1
171
     0
176
     1
290
     0
176
     1
 93
        1
176
     1
 44
0.0
176
     1
173
     0
176
     1
  0
VISUALSTYLE
  5
A4
102
{ACAD_XDICTIONARY
360
9A13
102
}
102
{ACAD_REACTORS
330
99
102
}
330
99
100
AcDbVisualStyle
  2
Dim
 70
    11
177
     2
291
     1
 71
     2
176
     1
 72
     2
176
     1
 73
     1
176
     1
 90
        0
176
     1
 40
0.6
176
     1
 41
30.0
176
     1
 62
     5
 63
     7
421
 16777215
176
     1
 74
     1
176
     1
 91
        4
176
     1
 64
     7
176
     1
 65
   257
176
     1
 75
     1
176
     1
175
     1
176
     1
 42
1.0
176
     1
 92
        8
176
     1
 66
     7
176
     1
 43
1.0
176
     1
 76
     1
176
     1
 77
     6
176
     1
 78
     2
176
     1
 67
     7
176
     1
 79
     5
176
     1
170
     0
176
     1
171
     0
176
     1
290
     0
176
     1
 93
        1
176
     1
 44
-50.0
176
     1
173
     0
176
     1
  0
VISUALSTYLE
  5
175
102
{ACAD_XDICTIONARY
360
9A15
102
}
102
{ACAD_REACTORS
330
99
102
}
330
99
100
AcDbVisualStyle
  2
EdgeColorOff
 70
    22
177
     2
291
     1
 71
     2
176
     0
 72
     2
176
     0
 73
     0
176
     0
 90
        0
176
     0
 40
0.6
176
     0
 41
30.0
176
     0
 62
     5
 63
     7
421
 16777215
176
     0
 74
     1
176
     0
 91
        4
176
     0
 64
     7
176
     0
 65
   257
176
     0
 75
     1
176
     0
175
     1
176
     0
 42
1.0
176
     0
 92
        8
176
     2
 66
     7
176
     0
 43
1.0
176
     0
 76
     1
176
     0
 77
     6
176
     0
 78
     2
176
     0
 67
     7
176
     0
 79
     5
176
     0
170
     0
176
     0
171
     0
176
     0
290
     0
176
     0
 93
        1
176
     0
 44
0.0
176
     0
173
     0
176
     0
  0
VISUALSTYLE
  5
A8
102
{ACAD_XDICTIONARY
360
9A17
102
}
102
{ACAD_REACTORS
330
99
102
}
330
99
100
AcDbVisualStyle
  2
Facepattern
 70
    15
177
     2
291
     1
 71
     2
176
     1
 72
     2
176
     1
 73
     1
176
     1
 90
        0
176
     1
 40
0.6
176
     1
 41
30.0
176
     1
 62
     5
 63
     7
421
 16777215
176
     1
 74
     1
176
     1
 91
        4
176
     1
 64
     7
176
     1
 65
   257
176
     1
 75
     1
176
     1
175
     1
176
     1
 42
1.0
176
     1
 92
        8
176
     1
 66
     7
176
     1
 43
1.0
176
     1
 76
     1
176
     1
 77
     6
176
     1
 78
     2
176
     1
 67
     7
176
     1
 79
     5
176
     1
170
     0
176
     1
171
     0
176
     1
290
     0
176
     1
 93
        1
176
     1
 44
0.0
176
     1
173
     0
176
     1
  0
VISUALSTYLE
  5
9A
102
{ACAD_XDICTIONARY
360
9A19
102
}
102
{ACAD_REACTORS
330
99
102
}
330
99
100
AcDbVisualStyle
  2
Flat
 70
     0
177
     2
291
     1
 71
     2
176
     1
 72
     1
176
     1
 73
     1
176
     1
 90
        2
176
     1
 40
0.6
176
     1
 41
30.0
176
     1
 62
     5
 63
     7
421
 16777215
176
     1
 74
     0
176
     1
 91
        0
176
     1
 64
     7
176
     1
 65
   257
176
     1
 75
     1
176
     1
175
     1
176
     1
 42
1.0
176
     1
 92
        8
176
     1
 66
     7
176
     1
 43
1.0
176
     1
 76
     1
176
     1
 77
     6
176
     1
 78
     2
176
     1
 67
     7
176
     1
 79
     5
176
     1
170
     0
176
     1
171
     0
176
     1
290
     0
176
     1
 93
       13
176
     1
 44
0.0
176
     1
173
     0
176
     1
  0
VISUALSTYLE
  5
9B
102
{ACAD_XDICTIONARY
360
9A1B
102
}
102
{ACAD_REACTORS
330
99
102
}
330
99
100
AcDbVisualStyle
  2
FlatWithEdges
 70
     1
177
     2
291
     1
 71
     2
176
     1
 72
     1
176
     1
 73
     1
176
     1
 90
        2
176
     1
 40
0.6
176
     1
 41
30.0
176
     1
 62
     5
 63
     7
421
 16777215
176
     1
 74
     1
176
     1
 91
        0
176
     1
 64
     7
176
     1
 65
   257
176
     1
 75
     1
176
     1
175
     1
176
     1
 42
1.0
176
     1
 92
        0
176
     1
 66
   257
176
     1
 43
1.0
176
     1
 76
     1
176
     1
 77
     6
176
     1
 78
     2
176
     1
 67
     7
176
     1
 79
     5
176
     1
170
     0
176
     1
171
     0
176
     1
290
     0
176
     1
 93
       13
176
     1
 44
0.0
176
     1
173
     0
176
     1
  0
VISUALSTYLE
  5
9C
102
{ACAD_XDICTIONARY
360
9A1D
102
}
102
{ACAD_REACTORS
330
99
102
}
330
99
100
AcDbVisualStyle
  2
Gouraud
 70
     2
177
     2
291
     1
 71
     2
176
     1
 72
     2
176
     1
 73
     1
176
     1
 90
        2
176
     1
 40
0.6
176
     1
 41
30.0
176
     1
 62
     5
 63
     7
421
 16777215
176
     1
 74
     0
176
     1
 91
        0
176
     1
 64
     7
176
     1
 65
   257
176
     1
 75
     1
176
     1
175
     1
176
     1
 42
1.0
176
     1
 92
        0
176
     1
 66
     7
176
     1
 43
1.0
176
     1
 76
     1
176
     1
 77
     6
176
     1
 78
     2
176
     1
 67
     7
176
     1
 79
     5
176
     1
170
     0
176
     1
171
     0
176
     1
290
     0
176
     1
 93
       13
176
     1
 44
0.0
176
     1
173
     0
176
     1
  0
VISUALSTYLE
  5
9D
102
{ACAD_XDICTIONARY
360
9A1F
102
}
102
{ACAD_REACTORS
330
99
102
}
330
99
100
AcDbVisualStyle
  2
GouraudWithEdges
 70
     3
177
     2
291
     1
 71
     2
176
     1
 72
     2
176
     1
 73
     1
176
     1
 90
        2
176
     1
 40
0.6
176
     1
 41
30.0
176
     1
 62
     5
 63
     7
421
 16777215
176
     1
 74
     1
176
     1
 91
        0
176
     1
 64
     7
176
     1
 65
   257
176
     1
 75
     1
176
     1
175
     1
176
     1
 42
1.0
176
     1
 92
        0
176
     1
 66
   257
176
     1
 43
1.0
176
     1
 76
     1
176
     1
 77
     6
176
     1
 78
     2
176
     1
 67
     7
176
     1
 79
     5
176
     1
170
     0
176
     1
171
     0
176
     1
290
     0
176
     1
 93
       13
176
     1
 44
0.0
176
     1
173
     0
176
     1
  0
VISUALSTYLE
  5
A1
102
{ACAD_XDICTIONARY
360
9A21
102
}
102
{ACAD_REACTORS
330
99
102
}
330
99
100
AcDbVisualStyle
  2
Hidden
 70
     6
177
     2
291
     0
 71
     1
176
     1
 72
     2
176
     1
 73
     2
176
     1
 90
        0
176
     1
 40
0.6
176
     1
 41
30.0
176
     1
 62
     5
 63
     7
421
 16777215
176
     1
 74
     2
176
     1
 91
        2
176
     1
 64
     7
176
     1
 65
   257
176
     1
 75
     2
176
     1
175
     1
176
     1
 42
40.0
176
     1
 92
        0
176
     1
 66
   257
176
     1
 43
1.0
176
     1
 76
     1
176
     1
 77
     6
176
     1
 78
     2
176
     1
 67
     7
176
     1
 79
     3
176
     1
170
     0
176
     1
171
     0
176
     1
290
     0
176
     1
 93
        1
176
     1
 44
0.0
176
     1
173
     0
176
     1
  0
VISUALSTYLE
  5
173
102
{ACAD_XDICTIONARY
360
9A23
102
}
102
{ACAD_REACTORS
330
99
102
}
330
99
100
AcDbVisualStyle
  2
JitterOff
 70
    20
177
     2
291
     1
 71
     2
176
     0
 72
     2
176
     0
 73
     0
176
     0
 90
        0
176
     0
 40
0.6
176
     0
 41
30.0
176
     0
 62
     5
 63
     7
421
 16777215
176
     0
 74
     1
176
     0
 91
        4
176
     0
 64
     7
176
     0
 65
   257
176
     0
 75
     1
176
     0
175
     1
176
     0
 42
1.0
176
     0
 92
       10
176
     2
 66
     7
176
     0
 43
1.0
176
     0
 76
     1
176
     0
 77
     6
176
     0
 78
     2
176
     0
 67
     7
176
     0
 79
     5
176
     0
170
     0
176
     0
171
     0
176
     0
290
     0
176
     0
 93
        1
176
     0
 44
0.0
176
     0
173
     0
176
     0
  0
VISUALSTYLE
  5
A7
102
{ACAD_XDICTIONARY
360
9A25
102
}
102
{ACAD_REACTORS
330
99
102
}
330
99
100
AcDbVisualStyle
  2
Linepattern
 70
    14
177
     2
291
     1
 71
     2
176
     1
 72
     2
176
     1
 73
     1
176
     1
 90
        0
176
     1
 40
0.6
176
     1
 41
30.0
176
     1
 62
     5
 63
     7
421
 16777215
176
     1
 74
     1
176
     1
 91
        4
176
     1
 64
     7
176
     1
 65
   257
176
     1
 75
     7
176
     1
175
     7
176
     1
 42
1.0
176
     1
 92
        8
176
     1
 66
     7
176
     1
 43
1.0
176
     1
 76
     1
176
     1
 77
     6
176
     1
 78
     2
176
     1
 67
     7
176
     1
 79
     5
176
     1
170
     0
176
     1
171
     0
176
     1
290
     0
176
     1
 93
        1
176
     1
 44
0.0
176
     1
173
     0
176
     1
  0
VISUALSTYLE
  5
174
102
{ACAD_XDICTIONARY
360
9A27
102
}
102
{ACAD_REACTORS
330
99
102
}
330
99
100
AcDbVisualStyle
  2
OverhangOff
 70
    21
177
     2
291
     1
 71
     2
176
     0
 72
     2
176
     0
 73
     0
176
     0
 90
        0
176
     0
 40
0.6
176
     0
 41
30.0
176
     0
 62
     5
 63
     7
421
 16777215
176
     0
 74
     1
176
     0
 91
        4
176
     0
 64
     7
176
     0
 65
   257
176
     0
 75
     1
176
     0
175
     1
176
     0
 42
1.0
176
     0
 92
        9
176
     2
 66
     7
176
     0
 43
1.0
176
     0
 76
     1
176
     0
 77
     6
176
     0
 78
     2
176
     0
 67
     7
176
     0
 79
     5
176
     0
170
     0
176
     0
171
     0
176
     0
290
     0
176
     0
 93
        1
176
     0
 44
0.0
176
     0
173
     0
176
     0
  0
VISUALSTYLE
  5
A3
102
{ACAD_XDICTIONARY
360
9A29
102
}
102
{ACAD_REACTORS
330
99
102
}
330
99
100
AcDbVisualStyle
  2
Realistic
 70
     8
177
     2
291
     0
 71
     2
176
     1
 72
     2
176
     1
 73
     0
176
     1
 90
        2
176
     1
 40
0.6
176
     1
 41
30.0
176
     1
 62
     5
 63
     7
421
 16777215
176
     1
 74
     0
176
     1
 91
        0
176
     1
 64
     7
176
     1
 65
   257
176
     1
 75
     1
176
     1
175
     1
176
     1
 42
1.0
176
     1
 92
        8
176
     1
 66
   257
176
     1
 43
1.0
176
     1
 76
     1
176
     1
 77
     6
176
     1
 78
     2
176
     1
 67
     7
176
     1
 79
     3
176
     1
170
     0
176
     1
171
     0
176
     1
290
     0
176
     1
 93
       13
176
     1
 44
0.0
176
     1
173
     0
176
     1
  0
VISUALSTYLE
  5
182
102
{ACAD_XDICTIONARY
360
9A2B
102
}
102
{ACAD_REACTORS
330
99
102
}
330
99
100
AcDbVisualStyle
  2
Shaded
 70
    27
177
     2
291
     0
 71
     2
176
     1
 72
     2
176
     1
 73
     1
176
     1
 90
        2
176
     1
 40
0.6
176
     1
 41
30.0
176
     1
 62
     5
 63
     7
421
 16777215
176
     1
 74
     0
176
     1
 91
        4
176
     1
 64
     7
176
     1
 65
   257
176
     1
 75
     1
176
     1
175
     1
176
     1
 42
1.0
176
     1
 92
        8
176
     1
 66
   257
176
     1
 43
1.0
176
     1
 76
     1
176
     1
 77
     6
176
     1
 78
     2
176
     1
 67
     8
425
  7895160
176
     1
 79
     3
176
     1
170
     0
176
     1
171
     0
176
     1
290
     0
176
     1
 93
        5
176
     1
 44
0.0
176
     1
173
     0
176
     1
  0
VISUALSTYLE
  5
181
102
{ACAD_XDICTIONARY
360
9A2D
102
}
102
{ACAD_REACTORS
330
99
102
}
330
99
100
AcDbVisualStyle
  2
Shaded with edges
 70
    26
177
     2
291
     0
 71
     2
176
     1
 72
     2
176
     1
 73
     1
176
     1
 90
        2
176
     1
 40
0.6
176
     1
 41
30.0
176
     1
 62
     5
 63
     7
421
 16777215
176
     1
 74
     1
176
     1
 91
        2
176
     1
 64
     7
176
     1
 65
   257
176
     1
 75
     2
176
     1
175
     1
176
     1
 42
1.0
176
     1
 92
        8
176
     1
 66
   257
176
     1
 43
1.0
176
     1
 76
     1
176
     1
 77
     6
176
     1
 78
     2
176
     1
 67
     7
176
     1
 79
     3
176
     1
170
     0
176
     1
171
     0
176
     1
290
     0
176
     1
 93
        5
176
     1
 44
0.0
176
     1
173
     0
176
     1
  0
VISUALSTYLE
  5
17E
102
{ACAD_XDICTIONARY
360
9A2F
102
}
102
{ACAD_REACTORS
330
99
102
}
330
99
100
AcDbVisualStyle
  2
Shades of Gray
 70
    23
177
     2
291
     0
 71
     2
176
     1
 72
     2
176
     1
 73
     3
176
     1
 90
        0
176
     1
 40
0.6
176
     1
 41
30.0
176
     1
 62
     5
 63
     7
421
 16777215
176
     1
 74
     2
176
     1
 91
        2
176
     1
 64
     7
176
     1
 65
     7
176
     1
 75
     1
176
     1
175
     1
176
     1
 42
40.0
176
     1
 92
        8
176
     1
 66
     7
176
     1
 43
1.0
176
     1
 76
     1
176
     1
 77
     6
176
     1
 78
     2
176
     1
 67
     7
176
     1
 79
     3
176
     1
170
     0
176
     1
171
     0
176
     1
290
     0
176
     1
 93
        1
176
     1
 44
0.0
176
     1
173
     0
176
     1
  0
VISUALSTYLE
  5
17F
102
{ACAD_XDICTIONARY
360
9A31
102
}
102
{ACAD_REACTORS
330
99
102
}
330
99
100
AcDbVisualStyle
  2
Sketchy
 70
    24
177
     2
291
     0
 71
     1
176
     1
 72
     2
176
     1
 73
     2
176
     1
 90
        0
176
     1
 40
0.6
176
     1
 41
30.0
176
     1
 62
     5
 63
     7
421
 16777215
176
     1
 74
     2
176
     1
 91
        2
176
     1
 64
     7
176
     1
 65
     7
176
     1
 75
     1
176
     1
175
     1
176
     1
 42
40.0
176
     1
 92
       11
176
     1
 66
     7
176
     1
 43
1.0
176
     1
 76
     1
176
     1
 77
     6
176
     1
 78
     2
176
     1
 67
     7
176
     1
 79
     6
176
     1
170
     0
176
     1
171
     0
176
     1
290
     0
176
     1
 93
        1
176
     1
 44
0.0
176
     1
173
     0
176
     1
  0
VISUALSTYLE
  5
A6
102
{ACAD_XDICTIONARY
360
9A33
102
}
102
{ACAD_REACTORS
330
99
102
}
330
99
100
AcDbVisualStyle
  2
Thicken
 70
    13
177
     2
291
     1
 71
     2
176
     1
 72
     2
176
     1
 73
     1
176
     1
 90
        0
176
     1
 40
0.6
176
     1
 41
30.0
176
     1
 62
     5
 63
     7
421
 16777215
176
     1
 74
     1
176
     1
 91
        4
176
     1
 64
     7
176
     1
 65
   257
176
     1
 75
     1
176
     1
175
     1
176
     1
 42
1.0
176
     1
 92
       12
176
     1
 66
     7
176
     1
 43
1.0
176
     1
 76
     1
176
     1
 77
     6
176
     1
 78
     2
176
     1
 67
     7
176
     1
 79
     5
176
     1
170
     0
176
     1
171
     0
176
     1
290
     0
176
     1
 93
        1
176
     1
 44
0.0
176
     1
173
     0
176
     1
  0
VISUALSTYLE
  5
A0
102
{ACAD_XDICTIONARY
360
9A35
102
}
102
{ACAD_REACTORS
330
99
102
}
330
99
100
AcDbVisualStyle
  2
Wireframe
 70
     5
177
     2
291
     0
 71
     0
176
     1
 72
     2
176
     1
 73
     0
176
     1
 90
        0
176
     1
 40
0.6
176
     1
 41
30.0
176
     1
 62
     5
 63
     7
421
 16777215
176
     1
 74
     1
176
     1
 91
        4
176
     1
 64
     7
176
     1
 65
   257
176
     1
 75
     1
176
     1
175
     1
176
     1
 42
1.0
176
     1
 92
        0
176
     1
 66
   257
176
     1
 43
1.0
176
     1
 76
     1
176
     1
 77
     6
176
     1
 78
     2
176
     1
 67
     7
176
     1
 79
     3
176
     1
170
     0
176
     1
171
     0
176
     1
290
     0
176
     1
 93
        1
176
     1
 44
0.0
176
     1
173
     0
176
     1
  0
VISUALSTYLE
  5
180
102
{ACAD_XDICTIONARY
360
9A37
102
}
102
{ACAD_REACTORS
330
99
102
}
330
99
100
AcDbVisualStyle
  2
X-Ray
 70
    25
177
     2
291
     0
 71
     2
176
     1
 72
     2
176
     1
 73
     1
176
     1
 90
        1
176
     1
 40
0.5
176
     1
 41
30.0
176
     1
 62
     5
 63
     7
421
 16777215
176
     1
 74
     1
176
     1
 91
        0
176
     1
 64
     7
176
     1
 65
   257
176
     1
 75
     1
176
     1
175
     1
176
     1
 42
1.0
176
     1
 92
        8
176
     1
 66
     7
176
     1
 43
1.0
176
     1
 76
     1
176
     1
 77
     6
176
     1
 78
     2
176
     1
 67
     7
176
     1
 79
     3
176
     1
170
     0
176
     1
171
     0
176
     1
290
     0
176
     1
 93
       13
176
     1
 44
0.0
176
     1
173
     0
176
     1
  0
DICTIONARYVAR
  5
F0
102
{ACAD_REACTORS
330
66
102
}
330
66
100
DictionaryVariables
280
     0
  1
1:1
  0
DICTIONARYVAR
  5
EF
102
{ACAD_REACTORS
330
66
102
}
330
66
100
DictionaryVariables
280
     0
  1
Standard
  0
DICTIONARYVAR
  5
89
102
{ACAD_REACTORS
330
66
102
}
330
66
100
DictionaryVariables
280
     0
  1
Standard
  0
DICTIONARYVAR
  5
1B7
102
{ACAD_REACTORS
330
66
102
}
330
66
100
DictionaryVariables
280
     0
  1
Imperial24
  0
DICTIONARYVAR
  5
1B8
102
{ACAD_REACTORS
330
66
102
}
330
66
100
DictionaryVariables
280
     0
  1
Imperial24
  0
DICTIONARYVAR
  5
67
102
{ACAD_REACTORS
330
66
102
}
330
66
100
DictionaryVariables
280
     0
  1
2
  0
DICTIONARYVAR
  5
33AA
102
{ACAD_REACTORS
330
66
102
}
330
66
100
DictionaryVariables
280
     0
  1
0
  0
DICTIONARYVAR
  5
2755
102
{ACAD_REACTORS
330
66
102
}
330
66
100
DictionaryVariables
280
     0
  1
0
  0
DICTIONARYVAR
  5
6B
102
{ACAD_REACTORS
330
66
102
}
330
66
100
DictionaryVariables
280
     0
  1
1
  0
DICTIONARYVAR
  5
153D
102
{ACAD_REACTORS
330
66
102
}
330
66
100
DictionaryVariables
280
     0
  1
1
  0
DICTIONARYVAR
  5
153C
102
{ACAD_REACTORS
330
66
102
}
330
66
100
DictionaryVariables
280
     0
  1
ByLayer
  0
DICTIONARYVAR
  5
14D
102
{ACAD_REACTORS
330
66
102
}
330
66
100
DictionaryVariables
280
     0
  1
0
  0
DICTIONARYVAR
  5
14E
102
{ACAD_REACTORS
330
66
102
}
330
66
100
DictionaryVariables
280
     0
  1
0
  0
DICTIONARYVAR
  5
32F6
102
{ACAD_REACTORS
330
66
102
}
330
66
100
DictionaryVariables
280
     0
  1
2
  0
DICTIONARYVAR
  5
2791
102
{ACAD_REACTORS
330
66
102
}
330
66
100
DictionaryVariables
280
     0
  1
0
  0
DICTIONARYVAR
  5
2757
102
{ACAD_REACTORS
330
66
102
}
330
66
100
DictionaryVariables
280
     0
  1
0
  0
DICTIONARYVAR
  5
2756
102
{ACAD_REACTORS
330
66
102
}
330
66
100
DictionaryVariables
280
     0
  1
0
  0
DICTIONARYVAR
  5
33AB
102
{ACAD_REACTORS
330
66
102
}
330
66
100
DictionaryVariables
280
     0
  1
0
  0
XRECORD
  5
29BF
102
{ACAD_XDICTIONARY
360
29C0
102
}
102
{ACAD_REACTORS
330
18F
102
}
330
18F
100
AcDbXrecord
280
     1
 91
    33280
301

290
     0
302
0
330
0
 90
        0
 62
   253
370
     0
331
0
  1
Kolor_253
440
 33554687
330
0
 90
        8
 62
     7
370
    13
331
16
  1
Kolor_7
440
 33554687
330
0
 90
        8
 62
     7
370
    -3
331
16
  1
Kolor_7
440
        0
330
0
 90
        8
 62
     7
370
    -3
331
16
  1
Kolor_7
440
        0
330
0
 90
        8
 62
     5
370
    30
331
16
  1
Kolor_5
440
        0
330
0
 90
        8
 62
     7
370
    -3
331
16
  1
Kolor_7
440
 33554687
330
0
 90
        8
 62
     5
370
    35
331
16
  1
Kolor_5
440
 33554687
330
0
 90
        8
 62
   230
370
    -3
331
16
  1
Kolor_230
440
        0
330
0
 90
        8
 62
     7
370
    -3
331
16
  1
Kolor_7
440
        0
330
0
 90
        8
 62
     5
370
    30
331
16
  1
Kolor_5
440
        0
330
0
 90
        8
 62
     1
370
    30
331
16
  1
Kolor_1
440
        0
330
0
 90
        8
 62
     7
370
    -3
331
16
  1
Kolor_7
440
 33554687
330
0
 90
        8
 62
     7
370
    18
331
16
  1
Kolor_7
440
 33554687
330
0
 90
        8
 62
     5
370
    -3
331
16
  1
Kolor_5
440
        0
330
0
 90
        8
 62
   230
370
    -3
331
16
  1
Kolor_230
440
        0
330
0
 90
        8
 62
    15
370
    -3
331
16
  1
Kolor_15
440
        0
330
0
 90
        8
 62
    30
370
    40
331
0
  1
Kolor_30
440
        0
330
0
 90
        8
 62
     7
370
    -3
331
16
  1
Kolor_7
440
        0
330
0
 90
        8
 62
     7
370
    -3
331
16
  1
Kolor_7
440
        0
330
0
 90
        8
 62
     7
370
    -3
331
16
  1
Kolor_7
440
        0
330
0
 90
        8
 62
     7
370
    -3
331
16
  1
Kolor_7
440
        0
330
0
 90
        8
 62
     7
370
    -3
331
16
  1
Kolor_7
440
        0
330
0
 90
        8
 62
     7
370
    -3
331
16
  1
Kolor_7
440
        0
330
0
 90
        8
 62
     7
370
    -3
331
16
  1
Kolor_7
440
        0
330
0
 90
        8
 62
     7
370
    -3
331
16
  1
Kolor_7
440
        0
330
0
 90
        8
 62
     7
370
    -3
331
16
  1
Kolor_7
440
        0
330
0
 90
        8
 62
     7
370
    -3
331
16
  1
Kolor_7
440
        0
330
0
 90
        8
 62
     7
370
    -3
331
16
  1
Kolor_7
440
        0
330
0
 90
        8
 62
     7
370
    -3
331
16
  1
Kolor_7
440
        0
330
0
 90
        8
 62
     7
370
    -3
331
16
  1
Kolor_7
440
        0
330
0
 90
        8
 62
     7
370
    -3
331
16
  1
Kolor_7
440
        0
330
0
 90
        8
 62
     7
370
    -3
331
16
  1
Kolor_7
440
        0
330
0
 90
        8
 62
     7
370
    -3
331
16
  1
Kolor_7
440
        0
330
0
 90
        8
 62
     7
370
    -3
331
16
  1
Kolor_7
440
        0
330
0
 90
        8
 62
     7
370
    -3
331
16
  1
Kolor_7
440
        0
330
0
 90
        8
 62
     7
370
    -3
331
16
  1
Kolor_7
440
        0
330
0
 90
        8
 62
     7
370
    -3
331
16
  1
Kolor_7
440
        0
330
0
 90
        8
 62
     7
370
    -3
331
16
  1
Kolor_7
440
        0
330
0
 90
        8
 62
     7
370
    -3
331
16
  1
Kolor_7
440
        0
330
0
 90
        8
 62
     7
370
    -3
331
16
  1
Kolor_7
440
        0
330
0
 90
        8
 62
     7
370
    -3
331
16
  1
Kolor_7
440
        0
330
0
 90
        8
 62
     7
370
    -3
331
16
  1
Kolor_7
440
        0
330
0
 90
        8
 62
     7
370
    -3
331
16
  1
Kolor_7
440
        0
330
0
 90
        8
 62
     7
370
    -3
331
16
  1
Kolor_7
440
        0
330
0
 90
        8
 62
     7
370
    -3
331
16
  1
Kolor_7
440
        0
330
0
 90
        8
 62
     7
370
    -3
331
16
  1
Kolor_7
440
        0
330
0
 90
        8
 62
     7
370
    -3
331
16
  1
Kolor_7
440
        0
330
0
 90
        8
 62
     7
370
    -3
331
16
  1
Kolor_7
440
        0
330
0
 90
        8
 62
     7
370
    -3
331
16
  1
Kolor_7
440
        0
330
0
 90
        8
 62
     7
370
    -3
331
16
  1
Kolor_7
440
        0
330
0
 90
        8
 62
     7
370
    -3
331
16
  1
Kolor_7
440
        0
330
0
 90
        8
 62
     7
370
    -3
331
16
  1
Kolor_7
440
        0
330
0
 90
        8
 62
     7
370
    -3
331
16
  1
Kolor_7
440
        0
330
0
 90
        8
 62
     7
370
    -3
331
16
  1
Kolor_7
440
        0
330
0
 90
        8
 62
     7
370
    -3
331
16
  1
Kolor_7
440
        0
330
0
 90
        8
 62
     7
370
    -3
331
16
  1
Kolor_7
440
        0
330
0
 90
        8
 62
     7
370
    -3
331
16
  1
Kolor_7
440
        0
330
0
 90
        8
 62
     7
370
    -3
331
16
  1
Kolor_7
440
        0
330
0
 90
        8
 62
     7
370
    -3
331
16
  1
Kolor_7
440
        0
330
0
 90
        8
 62
     7
370
    -3
331
16
  1
Kolor_7
440
        0
330
0
 90
        8
 62
     7
370
    -3
331
16
  1
Kolor_7
440
        0
330
0
 90
        8
 62
     7
370
    -3
331
16
  1
Kolor_7
440
        0
330
0
 90
        8
 62
     7
370
    -3
331
16
  1
Kolor_7
440
        0
330
0
 90
        8
 62
     7
370
    -3
331
16
  1
Kolor_7
440
        0
330
0
 90
        8
 62
     7
370
    -3
331
16
  1
Kolor_7
440
        0
330
0
 90
        8
 62
     7
370
    -3
331
16
  1
Kolor_7
440
        0
330
0
 90
        8
 62
     7
370
    -3
331
16
  1
Kolor_7
440
        0
330
0
 90
        8
 62
     7
370
    -3
331
16
  1
Kolor_7
440
        0
330
0
 90
        8
 62
     7
370
    -3
331
16
  1
Kolor_7
440
        0
330
0
 90
        8
 62
     7
370
    -3
331
16
  1
Kolor_7
440
        0
330
0
 90
        8
 62
     7
370
    -3
331
16
  1
Kolor_7
440
        0
330
0
 90
        8
 62
     7
370
    -3
331
16
  1
Kolor_7
440
        0
330
0
 90
        8
 62
     7
370
    -3
331
16
  1
Kolor_7
440
        0
330
0
 90
        8
 62
     7
370
    -3
331
16
  1
Kolor_7
440
        0
330
0
 90
        8
 62
     7
370
    -3
331
16
  1
Kolor_7
440
        0
330
0
 90
        8
 62
     7
370
    -3
331
16
  1
Kolor_7
440
        0
330
0
 90
        8
 62
     7
370
    -3
331
16
  1
Kolor_7
440
        0
330
0
 90
        8
 62
     7
370
    -3
331
16
  1
Kolor_7
440
        0
330
0
 90
        8
 62
     1
370
    30
331
16
  1
Kolor_1
440
        0
330
0
 90
        8
 62
   250
370
     5
331
16
  1
Kolor_250
440
        0
330
0
 90
        8
 62
     7
370
    -3
331
16
  1
Kolor_7
440
        0
330
0
 90
        8
 62
   100
370
    35
331
16
  1
Kolor_100
440
        0
330
0
 90
        8
 62
     1
370
    40
331
16
  1
Kolor_1
440
        0
330
0
 90
        8
 62
    41
370
    -3
331
16
  1
Kolor_41
440
        0
330
0
 90
        8
 62
     1
370
    20
331
16
  1
Kolor_1
440
        0
330
0
 90
        8
 62
     7
370
    -3
331
16
  1
Kolor_7
440
        0
330
0
 90
        8
 62
     5
370
    30
331
0
  1
Kolor_5
440
        0
330
0
 90
        8
 62
     1
370
    40
331
16
  1
Kolor_1
440
        0
330
0
 90
        8
 62
   250
370
    -3
331
16
  1
Kolor_250
440
        0
330
0
 90
        8
 62
     6
370
    -3
331
16
  1
Kolor_6
440
        0
330
0
 90
        8
 62
     1
370
    -3
331
16
  1
Kolor_1
440
        0
330
275
 90
        1
 62
     7
370
    -3
331
16
  1
Kolor_7
440
        0
330
0
 90
        8
 62
     1
370
    40
331
16
  1
Kolor_1
440
        0
330
0
 90
        8
 62
     5
370
    30
331
16
  1
Kolor_5
440
        0
330
0
 90
        8
 62
     7
370
    15
331
0
  1
Kolor_7
440
        0
330
0
 90
        8
 62
     1
370
    30
331
16
  1
Kolor_1
440
        0
330
0
 90
        8
 62
     7
370
    -3
331
16
  1
Kolor_7
440
        0
330
0
 90
        8
 62
     1
370
    30
331
16
  1
Kolor_1
440
        0
330
0
 90
        8
 62
     1
370
    -3
331
16
  1
Kolor_1
440
        0
330
0
 90
        8
 62
    30
370
    50
331
16
  1
Kolor_30
440
        0
330
0
 90
        8
 62
   240
370
    40
331
0
  1
Kolor_240
440
        0
330
0
 90
        8
 62
     7
370
    -3
331
0
  1
Kolor_7
440
        0
330
0
 90
        8
 62
     1
370
    -3
331
16
  1
Kolor_1
440
        0
330
0
 90
        8
 62
     7
370
    -3
331
16
  1
Kolor_7
440
        0
330
0
 90
        8
 62
     7
370
    -3
331
16
  1
Kolor_7
440
        0
330
0
 90
        8
 62
     7
370
    -3
331
16
  1
Kolor_7
440
        0
330
0
 90
        8
 62
     7
370
    -3
331
16
  1
Kolor_7
440
        0
330
0
 90
        8
 62
     7
370
    -3
331
16
  1
Kolor_7
440
        0
330
0
 90
        8
 62
     7
370
    -3
331
16
  1
Kolor_7
440
        0
330
0
 90
        8
 62
     7
370
    -3
331
16
  1
Kolor_7
440
        0
330
0
 90
        8
 62
     7
370
    -3
331
16
  1
Kolor_7
440
        0
330
0
 90
        8
 62
     7
370
    -3
331
16
  1
Kolor_7
440
        0
330
0
 90
        8
 62
     7
370
    -3
331
16
  1
Kolor_7
440
        0
330
0
 90
        8
 62
     7
370
    -3
331
16
  1
Kolor_7
440
        0
330
0
 90
        8
 62
     8
370
    -3
331
16
  1
Kolor_8
440
        0
330
0
 90
        8
 62
     7
370
    -3
331
16
  1
Kolor_7
440
        0
330
0
 90
        8
 62
   252
370
    -3
331
16
  1
Kolor_252
440
        0
330
0
 90
        8
 62
     6
370
    -3
331
16
  1
Kolor_6
440
        0
330
0
 90
        8
 62
     2
370
    -3
331
16
  1
Kolor_2
440
        0
330
0
 90
        8
 62
     6
370
    -3
331
16
  1
Kolor_6
440
        0
330
0
 90
        8
 62
     9
370
    -3
331
16
  1
Kolor_9
440
        0
330
0
 90
       10
 62
     4
370
    -3
331
16
  1
Kolor_4
440
        0
330
0
 90
        8
 62
     5
370
    -3
331
16
  1
Kolor_5
440
        0
330
0
 90
        8
 62
     6
370
    -3
331
16
  1
Kolor_6
440
        0
330
0
 90
        8
 62
     1
370
    -3
331
16
  1
Kolor_1
440
        0
330
0
 90
        8
 62
     3
370
    -3
331
16
  1
Kolor_3
440
        0
330
0
 90
        8
 62
     3
370
    -3
331
16
  1
Kolor_3
440
        0
330
0
 90
        8
 62
     3
370
    -3
331
16
  1
Kolor_3
440
        0
330
0
 90
        8
 62
     5
370
    -3
331
16
  1
Kolor_5
440
        0
330
0
 90
        8
 62
     5
370
    -3
331
16
  1
Kolor_5
440
        0
330
0
 90
        8
 62
     1
370
    -3
331
16
  1
Kolor_1
440
        0
330
0
 90
        8
 62
   252
370
    -3
331
16
  1
Kolor_252
440
        0
330
0
 90
        8
 62
     1
370
    -3
331
16
  1
Kolor_1
440
        0
330
0
 90
        8
 62
     7
370
    -3
331
16
  1
Kolor_7
440
        0
330
0
 90
        8
 62
     7
370
    -3
331
16
  1
Kolor_7
440
        0
330
0
 90
        8
 62
     7
370
    -3
331
16
  1
Kolor_7
440
        0
330
0
 90
        8
 62
     7
370
    -3
331
16
  1
Kolor_7
440
        0
330
0
 90
        8
 62
     7
370
    -3
331
16
  1
Kolor_7
440
        0
330
0
 90
        8
 62
     7
370
    -3
331
16
  1
Kolor_7
440
        0
330
0
 90
        8
 62
     7
370
    -3
331
16
  1
Kolor_7
440
        0
330
0
 90
        8
 62
     7
370
    -3
331
16
  1
Kolor_7
440
        0
330
0
 90
        8
 62
     1
370
    -3
331
16
  1
Kolor_1
440
        0
330
0
 90
        8
 62
     1
370
    -3
331
16
  1
Kolor_1
440
        0
330
0
 90
        8
 62
   252
370
    -3
331
16
  1
Kolor_252
440
        0
330
0
 90
        8
 62
     7
370
    -3
331
16
  1
Kolor_7
440
        0
330
0
 90
        8
 62
     7
370
    -3
331
16
  1
Kolor_7
440
        0
330
0
 90
        8
 62
     7
370
    -3
331
16
  1
Kolor_7
440
        0
330
0
 90
        8
 62
     7
370
    -3
331
16
  1
Kolor_7
440
        0
330
0
 90
        8
 62
     7
370
    -3
331
16
  1
Kolor_7
440
        0
330
0
 90
        8
 62
     7
370
    -3
331
16
  1
Kolor_7
440
        0
330
0
 90
        8
 62
     7
370
    -3
331
16
  1
Kolor_7
440
        0
330
0
 90
        8
 62
     1
370
    -3
331
16
  1
Kolor_1
440
        0
330
0
 90
        8
 62
     1
370
    -3
331
16
  1
Kolor_1
440
        0
330
0
 90
        8
 62
     1
370
    -3
331
16
  1
Kolor_1
440
        0
330
0
 90
        8
 62
    15
370
    -3
331
16
  1
Kolor_15
440
        0
330
0
 90
        8
 62
    15
370
    -3
331
16
  1
Kolor_15
440
        0
330
10
 90
        8
 62
     7
370
    -3
331
16
  1
Kolor_7
440
        0
  0
XRECORD
  5
6A58
102
{ACAD_REACTORS
330
18F
102
}
330
18F
100
AcDbXrecord
280
     1
 91
     2047
301

290
     0
302
0
330
10
 90
        8
 62
     7
370
    18
331
16
  1
Color_7
440
 33554687
330
275
 90
        0
 62
     7
370
    -3
331
16
  1
Color_7
440
        0
330
2B82
 90
        8
 62
     7
370
    15
331
2B81
  1
Color_7
440
        0
330
2B83
 90
        8
 62
     5
370
    30
331
2B80
  1
Color_5
440
        0
330
2B84
 90
        8
 62
     7
370
    25
331
16
  1
Color_7
440
        0
330
2B85
 90
        8
 62
     1
370
    30
331
16
  1
Color_1
440
        0
330
3680
 90
        8
 62
     6
370
    35
331
367F
  1
Color_6
440
 33554687
330
0
 90
       24
 62
     6
370
    50
331
367F
  1
Color_6
440
 33554687
330
0
 90
       24
 62
     6
370
    35
331
367F
  1
Color_6
440
 33554687
330
0
 90
       24
 62
     6
370
    35
331
367F
  1
Color_6
440
 33554687
330
0
 90
       24
 62
     6
370
    35
331
367F
  1
Color_6
440
 33554687
330
0
 90
       24
 62
     6
370
    35
331
367F
  1
Color_6
440
 33554687
330
0
 90
       24
 62
     6
370
    35
331
367F
  1
Color_6
440
 33554687
330
0
 90
       24
 62
     6
370
    35
331
367F
  1
Color_6
440
 33554687
330
5B12
 90
        1
 62
   241
370
   158
331
16
  1
Color_241
440
 33554687
330
0
 90
        0
 62
     7
370
     0
331
16
  1
Color_7
440
 33554687
330
0
 90
        8
 62
   170
370
    70
331
16
  1
Color_170
440
 33554687
330
5F68
 90
        8
 62
     6
370
   140
331
367F
  1
Color_6
440
 33554687
330
646B
 90
        0
 62
     3
370
    -3
331
16
  1
Color_3
440
 33554687
330
0
 90
        0
 62
     5
370
    50
331
16
  1
Color_5
440
 33554687
330
0
 90
        8
 62
     6
370
    35
331
367F
  1
Color_6
440
 33554687
330
0
 90
        8
 62
     6
370
    35
331
367F
  1
Color_6
440
 33554687
330
0
 90
        8
 62
     6
370
    35
331
367F
  1
Color_6
440
 33554687
330
0
 90
        8
 62
     6
370
    35
331
367F
  1
Color_6
440
 33554687
330
0
 90
        8
 62
     6
370
    35
331
367F
  1
Color_6
440
 33554687
330
0
 90
        8
 62
     6
370
    35
331
367F
  1
Color_6
440
 33554687
330
0
 90
        8
 62
     6
370
    35
331
367F
  1
Color_6
440
 33554687
330
0
 90
        8
 62
     6
370
    35
331
367F
  1
Color_6
440
 33554687
330
0
 90
        8
 62
     6
370
    35
331
367F
  1
Color_6
440
 33554687
330
0
 90
        8
 62
     6
370
    35
331
367F
  1
Color_6
440
 33554687
330
0
 90
        8
 62
     6
370
    35
331
367F
  1
Color_6
440
 33554687
330
0
 90
        8
 62
     6
370
    35
331
367F
  1
Color_6
440
 33554687
330
0
 90
        8
 62
     6
370
    35
331
367F
  1
Color_6
440
 33554687
330
0
 90
        8
 62
     6
370
    35
331
367F
  1
Color_6
440
 33554687
330
0
 90
        8
 62
     6
370
    35
331
367F
  1
Color_6
440
 33554687
330
0
 90
        8
 62
     6
370
    35
331
367F
  1
Color_6
440
 33554687
330
0
 90
        8
 62
     6
370
    35
331
367F
  1
Color_6
440
 33554687
330
0
 90
        8
 62
     6
370
    35
331
367F
  1
Color_6
440
 33554687
330
0
 90
        8
 62
     6
370
    35
331
367F
  1
Color_6
440
 33554687
330
0
 90
        8
 62
     6
370
    35
331
367F
  1
Color_6
440
 33554687
330
0
 90
        8
 62
     6
370
    35
331
367F
  1
Color_6
440
 33554687
330
0
 90
        8
 62
     6
370
    35
331
367F
  1
Color_6
440
 33554687
330
0
 90
        8
 62
     6
370
    35
331
367F
  1
Color_6
440
 33554687
330
0
 90
        8
 62
     6
370
    35
331
367F
  1
Color_6
440
 33554687
330
0
 90
        8
 62
     6
370
    35
331
367F
  1
Color_6
440
 33554687
330
0
 90
        8
 62
     6
370
    35
331
367F
  1
Color_6
440
 33554687
330
0
 90
        8
 62
     6
370
    35
331
367F
  1
Color_6
440
 33554687
330
675D
 90
        8
 62
     7
370
    13
331
16
  1
Color_7
440
 33554687
330
6760
 90
        0
 62
   253
370
     0
331
6763
  1
Color_253
440
 33554687
  0
XRECORD
  5
963D
102
{ACAD_XDICTIONARY
360
963E
102
}
102
{ACAD_REACTORS
330
963C
102
}
330
963C
100
AcDbXrecord
280
     1
  1
AcLyLayerFilter
 90
        1
300
Wszystkie warstwy poza odnośnikami
301

  0
DICTIONARY
  5
3497
330
1AC
100
AcDbDictionary
280
     1
281
     1
  3
ACAD_XREC_ROUNDTRIP
360
99FB
  0
DICTIONARY
  5
365E
330
35C8
100
AcDbDictionary
280
     1
281
     1
  3
ACAD_XREC_ROUNDTRIP
360
99FC
  0
DICTIONARY
  5
188
330
97
100
AcDbDictionary
280
     1
281
     1
  3
FBXASSET
360
189
  0
DICTIONARY
  5
186
330
96
100
AcDbDictionary
280
     1
281
     1
  3
FBXASSET
360
187
  0
DICTIONARY
  5
110
330
98
100
AcDbDictionary
280
     1
281
     1
  3
FBXASSET
360
18A
  0
DICTIONARY
  5
3495
330
1AA
100
AcDbDictionary
280
     1
281
     1
  3
ACAD_XREC_ROUNDTRIP
360
99FD
  0
DICTIONARY
  5
365C
330
35C7
100
AcDbDictionary
280
     1
281
     1
  3
ACAD_XREC_ROUNDTRIP
360
99FE
  0
DICTIONARY
  5
9A03
330
87
100
AcDbDictionary
280
     1
281
     1
  3
ACAD_ROUNDTRIP_2008_TABLESTYLE_CELLSTYLEMAP
360
9A04
  0
DICTIONARY
  5
9A05
330
9F
100
AcDbDictionary
280
     1
281
     1
  3
ACAD_XREC_ROUNDTRIP
360
9A06
  0
DICTIONARY
  5
9A07
330
35C4
100
AcDbDictionary
280
     1
281
     1
  3
ACAD_XREC_ROUNDTRIP
360
9A08
  0
DICTIONARY
  5
9A09
330
35C5
100
AcDbDictionary
280
     1
281
     1
  3
ACAD_XREC_ROUNDTRIP
360
9A0A
  0
DICTIONARY
  5
9A0B
330
9E
100
AcDbDictionary
280
     1
281
     1
  3
ACAD_XREC_ROUNDTRIP
360
9A0C
  0
DICTIONARY
  5
9A0D
330
A5
100
AcDbDictionary
280
     1
281
     1
  3
ACAD_XREC_ROUNDTRIP
360
9A0E
  0
DICTIONARY
  5
9A0F
330
A9
100
AcDbDictionary
280
     1
281
     1
  3
ACAD_XREC_ROUNDTRIP
360
9A10
  0
DICTIONARY
  5
9A11
330
A2
100
AcDbDictionary
280
     1
281
     1
  3
ACAD_XREC_ROUNDTRIP
360
9A12
  0
DICTIONARY
  5
9A13
330
A4
100
AcDbDictionary
280
     1
281
     1
  3
ACAD_XREC_ROUNDTRIP
360
9A14
  0
DICTIONARY
  5
9A15
330
175
100
AcDbDictionary
280
     1
281
     1
  3
ACAD_XREC_ROUNDTRIP
360
9A16
  0
DICTIONARY
  5
9A17
330
A8
100
AcDbDictionary
280
     1
281
     1
  3
ACAD_XREC_ROUNDTRIP
360
9A18
  0
DICTIONARY
  5
9A19
330
9A
100
AcDbDictionary
280
     1
281
     1
  3
ACAD_XREC_ROUNDTRIP
360
9A1A
  0
DICTIONARY
  5
9A1B
330
9B
100
AcDbDictionary
280
     1
281
     1
  3
ACAD_XREC_ROUNDTRIP
360
9A1C
  0
DICTIONARY
  5
9A1D
330
9C
100
AcDbDictionary
280
     1
281
     1
  3
ACAD_XREC_ROUNDTRIP
360
9A1E
  0
DICTIONARY
  5
9A1F
330
9D
100
AcDbDictionary
280
     1
281
     1
  3
ACAD_XREC_ROUNDTRIP
360
9A20
  0
DICTIONARY
  5
9A21
330
A1
100
AcDbDictionary
280
     1
281
     1
  3
ACAD_XREC_ROUNDTRIP
360
9A22
  0
DICTIONARY
  5
9A23
330
173
100
AcDbDictionary
280
     1
281
     1
  3
ACAD_XREC_ROUNDTRIP
360
9A24
  0
DICTIONARY
  5
9A25
330
A7
100
AcDbDictionary
280
     1
281
     1
  3
ACAD_XREC_ROUNDTRIP
360
9A26
  0
DICTIONARY
  5
9A27
330
174
100
AcDbDictionary
280
     1
281
     1
  3
ACAD_XREC_ROUNDTRIP
360
9A28
  0
DICTIONARY
  5
9A29
330
A3
100
AcDbDictionary
280
     1
281
     1
  3
ACAD_XREC_ROUNDTRIP
360
9A2A
  0
DICTIONARY
  5
9A2B
330
182
100
AcDbDictionary
280
     1
281
     1
  3
ACAD_XREC_ROUNDTRIP
360
9A2C
  0
DICTIONARY
  5
9A2D
330
181
100
AcDbDictionary
280
     1
281
     1
  3
ACAD_XREC_ROUNDTRIP
360
9A2E
  0
DICTIONARY
  5
9A2F
330
17E
100
AcDbDictionary
280
     1
281
     1
  3
ACAD_XREC_ROUNDTRIP
360
9A30
  0
DICTIONARY
  5
9A31
330
17F
100
AcDbDictionary
280
     1
281
     1
  3
ACAD_XREC_ROUNDTRIP
360
9A32
  0
DICTIONARY
  5
9A33
330
A6
100
AcDbDictionary
280
     1
281
     1
  3
ACAD_XREC_ROUNDTRIP
360
9A34
  0
DICTIONARY
  5
9A35
330
A0
100
AcDbDictionary
280
     1
281
     1
  3
ACAD_XREC_ROUNDTRIP
360
9A36
  0
DICTIONARY
  5
9A37
330
180
100
AcDbDictionary
280
     1
281
     1
  3
ACAD_XREC_ROUNDTRIP
360
9A38
  0
DICTIONARY
  5
29C0
330
29BF
100
AcDbDictionary
280
     1
281
     1
  3
AcadLayerStateAnnoScale
360
29C1
  0
DICTIONARY
  5
963E
330
963D
100
AcDbDictionary
280
     1
281
     1
  3
ACLYDICTIONARY
360
963F
  0
XRECORD
  5
99FB
102
{ACAD_REACTORS
330
3497
102
}
330
3497
100
AcDbXrecord
280
     1
102
DISPLAYNAME
  1
Imperial24
102
FLAGS
 90
        0
  0
XRECORD
  5
99FC
102
{ACAD_REACTORS
330
365E
102
}
330
365E
100
AcDbXrecord
280
     1
102
DISPLAYNAME
  1
Metric50
102
FLAGS
 90
        0
  0
XRECORD
  5
189
102
{ACAD_REACTORS
330
188
102
}
330
188
100
AcDbXrecord
280
     1
 70
     1
 90
429727718
  1
508B35C9-AEE7-456F-BE74-D52651303AC6
310
504B03040A0000080000B670623B3DEE336E79000000790000001B0000006175746F6465736B2D64657369676E2D7061636B6167652E786D6C3C3F786D6C2076657273696F6E3D22312E302220656E636F64696E673D227574662D3822203F3E3C666F726D6174733E3C666F726D61743E687474703A2F2F736368656D612E
310
6175746F6465736B2E636F6D2F64657369676E2D7061636B6167652F323030393C2F666F726D61743E3C2F666F726D6174733E504B0304140006080800B670623BD486FD9CA0000000F4000000130000005B436F6E74656E745F54797065735D2E786D6C7D8EC10E82300C865F65E91D8A1E8C310C0EEA1BF002731658846E
310
D98AC1B77784ABF1D8FE5FBFBF75BBCE937A534CCEB38643598122B6FEE978D0B0485F9C41B54DDD7D022595594E1A469170414C76A4D9A4D207E29CF43ECE46F218070CC6BECC4078ACAA135ACF422C856C0E68EA1BF5669944DDD7BCDE7B1F8E415D77AECB980613C2E4AC91FC167A2B244592486606FC29C8FD7F045B9A
310
EF7053A7E60B504B0304140006080800B670623B28ED286BEB0000007C01000008000000636F72652E786D6C8D90416EC3201045AF82665B6183218D6D61A254764FD00B204C5C94182C03558F5F9C3852BBEB6A467FFE9B197D71FA9E6FE8CBACC17AD7012D0820E3B41FAD9B3A48F1826B40272956EFE32F1B20A766D3C1
310
268314D3EAD3B24BDABB685CCCAAF3A3D94515828980F42D371D04FD696655A814B3235C8B45E9AB9A4C419F5D8653B2237A1CB163DE672FD6AC209BF3C08E0D1B30EB19C3FC9D72FCC6EB231EFA33EDE96BDD341517E5064B11EDFCBCAF57A3A2194156843498524CAA0FCA5B7268F9E185D42D21A2DCEC7FA0B48CFF8492
310
759155FBBB0F2C80A4F991FB408A72CB22977B50B96EB9C91F504B0304140006080800B670623B55019EA25F0000007C00000007000000636E782E786D6C4DCB3B0E80201045D1AD90E915ED2CF8AC45050C11660C8261F98AB1B07AC9C97D42D718D865D3E909258CFD00CCE24AC6E326A164D74DC0B4128928FF32603847
310
2BA13128B1252AC747C6BAB984FC68F0B87FE8960A5C09FE86CFB69FBA01504B0304140006080800B670623B7BC41AC871010000D40300000C0000006662782F636F72652E786D6CC553ED6E8320147D15C2DF4501B56B6D90A64BBB27D80B50A5CE54C120983EFEAE1F4DD7A56BBA5FF3879273EEE59E7310BE393735EA95
310
ED2AA333CC428A91D2B9292A5D66D8BB63B0C26823B835C67D2BC348CB46657880B1E0A535BE9DA1DC68A7B403549B42CDA0EC3AE530CA6B5864B8CB3F552343E91D5474A7B095F949962A6421D0502778E72C0840D390E18DC5F170E664C205F7BE2A66B62A605A75AC94C522DDEEE3651AEF837817C741F2CE92E02D592D
310
83FD6ECB76EC7595A651C2C9D02CB8AB9A8BBADC2AE954814544691A3016D0E883256BBA58278B17BA5A53CAC9507ED3E4DBE2C9265F691747B3DCA9ADC382819091F8E1162272A8933DE82182932144F88C09DF060D8140C84E1EEA8B8F1340BDCA9DB1093085F157AA97B557309586747CD0EF0B4EA64E983A6E0EAEEFCE
310
889E9EF17847386AA94B30211D2C0FDE0D3AF9A4610EAD5536E8DD1969631B593F67E381C33F5157F17725E5A636F6BF1491F980C8FC7B90E13E8A2F504B0304140006080800B670623B70102A487D0000009D0000000B0000006662782F636E782E786D6C4DCCD10A83201886E15B91FFDC95A5C30335ACCDFB886521330D
310
A76397BF1A1DECE883878F57749FD5A3B74D2F17830472A901D9F088930B8B849267CC01754AA418F3DF0D5018572BE160506249B16C274D761E8BCFBB7A179E27F65CB39A0F14D396184C9921B81F34C3ACA1B4B99ABB6E6F062A25AA5F69DF23ACBE504B0304140006080800B670623B3610CA3329010000120200003100
310
00006662782F42384135303843342D343331462D343546312D424341352D3532343432364645413344462F636F72652E786D6C8D515B6EC32010BC0AE22B55850D0E446E848992B43E412FE000495162B07854397EA176A4F62F3F2C9A9D991D58BEBB8F37F0AD7D30CE76905418026DA553C65E3A98E219B510EC04F7CEC5
310
3F3408EC30EA0E16180A7EF12E4D0B249D8DDAC68C5AA7F4020E21E80881BCE54B0783FCD2E3500D296646B856D320AFC34557A4CAEDCC133C449F0380794839A138B47B86DB2345744D7A44594FD0E1B867883594369BFE63BF7EEF793D0B054FC9A8456E548E63CE46FB674D8A58F068C6477CE9F510B582A2C1F80D1182
310
70F349E816B32D65AFB8DD62CCEB42FF274A937A52948C8DEB66893BCB021484D7734370E5D2E9F608A3EF93F3119479ABA0E50B14B8C298119A43CCC4FCFCECB8A18B6388CEE7EF5D5D4F994BD86CBBA182D76543B9FCAE2FD7B24DF103504B0304140006080800B670623B1B8617914E0100003303000030000000666278
310
2F42384135303843342D343331462D343546312D424341352D3532343432364645413344462F636E782E786D6CD593C16EC32010447F0571AD6CE3D489D20813A9877E410FBD62D82434182CC055F3F75D1292E692438FBD206B7698593D61BEFD1E2DF982108D773D6D6B460938E5B571FB9ECE6957AD29D90A1EBC4F7736
310
4A9C1CA1A759A682EF839FA72269D8C9D92654AD71C72206887E0E0A22CAF926B15E498B01E0AA19451807D01A34B919F16B070157417138917400F2F6FA41FCF0092A45DEE414C19BDC21783E4BD39D891265658C3D8DEA00A3ACE59CBC8678ACB54CB26EEB6BD7839D7E9348BE70AD9C8321B9BCA7F9A4A26C542347DEE0
310
50F09802D22BA6749A800A394DD62899107273365E3C82CFC6A55557BC06C10774B7ABE7AEC3B0F34CF06446280E154026D0542C187BA9DAB6628BF7B6DBB0E5A65B3EB1F58631DE64BBE083F7B65CC218087E22CABB042E51D1F2268F1FE12B3EA24D40D63E9CFE00120194D60B9D5BC67FE6D39CDF37E20AF817881F504B
310
0304140006080800B670623BBFEF2E3B690500003C100000340000006662782F42384135303843342D343331462D343546312D424341352D3532343432364645413344462F6F626A656374732E786D6CAD575D739B3814FD2B0CFB0C98D84E931D4227B6938EA793B6534F3BFB90198F0099B001899144EAECAFDF231018B0
310
D37A3FFC609090EEE7B94757C1FB7D915B2F54C88CB31BDB7727B64559CC938CA53776A576CE956DBD0F03C1B9EA2DB32D460A7A63EB693B0C52C1ABD24C257447AA5C8D66EF177F5832A68CDA569C13296F6C193FD182B8A4523CA1F2D94D88226EBADBBBBEDB2C1C8A4D05299F46424B222853B014F30C52ACC6287F389C
310
D85E1878FA7B18E87FB36AFAF62AAFF667A83F635211161F291B8999FAB3D5DDC5FCDA99CF6653677679E13B8BFBC5CAF1DF4D27CBCBE5F2FAF6EE1A8AA51290642C117467871F101B91C581D77CEA2C36869F3229E68CD1B8F61F1ED6361B89092D294B90C78C4A68EB793D190E7D1D9BDEE7A91E1B95FDE9F3BCEAEFE809
310
6A6D6F9F7D4B79F4275C90E7A04248AA51D5C4C738DAE06F72885AC4796EBE65D22A88A22223B995679120E2D50EB1542F098381188D4EA111AE3DB043FF20AF6F2B4AE3D7D83D65E5AECA730D4D3BAC91BD05FEA992B565D95F549CD6069B90AB2A63EACA38A45E4B6A87D781574F86817E4C2FCCC72690D62E2729520E37
310
9BAF234797BAF6D62B3BFC781FED37BA1E4F2B2F052FA9501A3E80569BB8F6A9A364D4FA67654E6F803383981F82F21591FF84F23D9882BC896C3FDBCF8C162508933B2E0AE4C69DD43F6BD2BE38DDDBF10BF86CB4FA784D37F3AF16075E67EC9030DECA1FC0A55373F5DFF3378C591FA9BDF485C10B0A8C8BA909E5262639
310
A8E72163488806A595734C81CB77D1DE0ED7604A303B76913CEC0272F412782FF88EFF4636D8AA56DF7B322474C4B767303F625997056C7B032C473C592B36CEBD15F3F9FF5233B7ABCDC74D257624A60F8658567497B14CE1EC3C80B76FD02011038F9EE9EB0F2E12387A9C844D3F09855125116D1D731DF8B43D2CF4E0A0
310
79A020C6BE946BCE0B7EA1E1219331CD73C228AF5A2DDD31A4B1DA918CE91350854D40A71723140BFA92E94E62B0626016CEFA5864A50E5977E8753CEDBEE1CBB7F52780D20E17AF0BA0F5F9B02A3AD07DCC732EB6D1EBB661421BE0C39E21BABF0FE16D22EA6929407C8DE596724C88B749B6DB5512BC7B228ADFD7CB7EA6
310
3A22397E690BA8D5D8D4E40CEC8CDA23C2C0B7D5898640101CEC9C6D331CE328CB93CAFBBAC70A642DF70DF95155945B52F08AA973C23469FD69ADEF84F7BB18F983A8F8C90E37F5D35980B2139A1C523540813E824EF83448CF7C72B598CE97D7CEEDDDDD3B6736BFBC771677EF66CE6A7E7139F7A793E9EDF2B2B3A8B624
310
0CDA13AA5F8388264EC4A0129909F3B7F5A16CEDF08128E97D680ACA4B9BE7B7B58BB638F0B00700EF36AE8B32A705658A68F83EE897FC2B41573190D1CCAF0B92D233A47CFEB019D9809933F67DD1A5467F8CF69AD9A5AE859342D45355448C64F968A371DC2D596ADC6E43D93D1B466F877A64E2893E54F23C4B40388995
310
525E5005DA3983ED45412510D3EFCA13737B3863F74BD30F2A12E5B4B5E489A025CE25500DB855B11ACE5BBFA185D35DD48D8DC3CE7DC69F2944DB42AA6F6CF09BCA622ADD08C7A36E7C6AE18000BAB08E040135C2D21C9D75B3A91B77BB746C403F38018DFE6EC939DD92F16B40BC05294B9CDA035AAD6D330AE27FE4786B
310
8E45145EA34A75BE1C263A676A35A8ACC6297337400BF16C54EF515F3F77CB77EB3583889C754FFA29081AA98E2222ADEF05DA3E63D2EDEA8B8756C05A7FB6CABC4A91CBF325398202CC952E70A008A830324BA200D5E5EF8F5F04C75DB4B0EE3340E071C98B823333B83577596BF3849B69F2085AA0FAFA212F26BEFF5877
310
FDE622B28D88A42E49E43326DA82D31E8CB006401E1DA726059ECEC168F97A6599036306A135688F9AD2E61A6EA178F4CD51974A9F2CCB9F36FE5EBD14601068D9C3BF01504B0304140006080000B670623B000000000000000000000000350000006662782F42384135303843342D343331462D343546312D424341352D35
310
32343432364645413344462F76657274696365732E62696E504B0304140006080800B670623BF270F1330600000004000000360000006662782F42384135303843342D343331462D343546312D424341352D3532343432364645413344462F747269616E676C65732E62696E636660600000504B0304140006080000B67062
310
3B000000000000000000000000370000006662782F42384135303843342D343331462D343546312D424341352D3532343432364645413344462F617474726962757465732E62696E504B0304140006080800B670623B08DA0BD19000000041010000360000006662782F42384135303843342D343331462D343546312D4243
310
41352D3532343432364645413344462F6469726563746F72792E786D6C858F410AC3201045AF22B36F53E9A60B35CBEEBAE80D244E44489C6234F4F835464A48035D0DF398FF9F8AF63D0E6CC63039F212F8F9020C7D47C6792B21C5FE7403D62A1188E2E60C98D7234A5830286103A55745067B9D86B8A3CF9C7F90C11DE6
310
07FB144396D7B6A82D282E9A152AD114D5EF2CB866EEE831B8EEA07A7BB5A8D7D61A2BAAEB7FD5F70921FF497D00504B0304140006080800B670623B3B4606F3FE000000A00100003B0000006662782F42384135303843342D343331462D343546312D424341352D3532343432364645413344462F7265736F75726365732F
310
636F72652E786D6C8D504B6E833010BD0A9A6D65B08134808CA354A427E8052C332156828DFCA97AFC9A40A576D7CDCCE87D344F8F9FBEE647F689CE6B6B7A6039850C8DB2A336530F315C4903D94970676DF82583CCC8197B5861107C72362E3BA4AC096842428D1D7107A5F71820538F74F4E0D50D6799CB1892C2DFF345
310
AABB9C306779A2934E701F5C0A906D4FD609C2A1B7D129F4BCD858C163D4E3AED163FAA9AF1A1D88F67CA98E6D35906AA82A52BFB39ABCD5CD915C86331BD86BD3B665CD8BD52C78D0F34F46E550061C419494B6843142CB0F5677F4D0D58717DA7494F26295FF31C565FCA7296A13AA728FBBD93C0896823C09C18BB5AFB4
310
9E65A6BD762BBE01504B010214000A0000080000B670623B3DEE336E79000000790000001B00000000000000000000000000000000006175746F6465736B2D64657369676E2D7061636B6167652E786D6C504B01021400140006080800B670623BD486FD9CA0000000F40000001300000000000000000000000000B2000000
310
5B436F6E74656E745F54797065735D2E786D6C504B01021400140006080800B670623B28ED286BEB0000007C010000080000000000000000000000000083010000636F72652E786D6C504B01021400140006080800B670623B55019EA25F0000007C000000070000000000000000000000000094020000636E782E786D6C50
310
4B01021400140006080800B670623B7BC41AC871010000D40300000C00000000000000000000000000180300006662782F636F72652E786D6C504B01021400140006080800B670623B70102A487D0000009D0000000B00000000000000000000000000B30400006662782F636E782E786D6C504B01021400140006080800B6
310
70623B3610CA3329010000120200003100000000000000000000000000590500006662782F42384135303843342D343331462D343546312D424341352D3532343432364645413344462F636F72652E786D6C504B01021400140006080800B670623B1B8617914E010000330300003000000000000000000000000000D10600
310
006662782F42384135303843342D343331462D343546312D424341352D3532343432364645413344462F636E782E786D6C504B01021400140006080800B670623BBFEF2E3B690500003C10000034000000000000000000000000006D0800006662782F42384135303843342D343331462D343546312D424341352D35323434
310
32364645413344462F6F626A656374732E786D6C504B01021400140006080000B670623B0000000000000000000000003500000000000000000000000000280E00006662782F42384135303843342D343331462D343546312D424341352D3532343432364645413344462F76657274696365732E62696E504B010214001400
310
06080800B670623BF270F133060000000400000036000000000000000000000000007B0E00006662782F42384135303843342D343331462D343546312D424341352D3532343432364645413344462F747269616E676C65732E62696E504B01021400140006080000B670623B00000000000000000000000037000000000000
310
00000000000000D50E00006662782F42384135303843342D343331462D343546312D424341352D3532343432364645413344462F617474726962757465732E62696E504B01021400140006080800B670623B08DA0BD1900000004101000036000000000000000000000000002A0F00006662782F42384135303843342D3433
310
31462D343546312D424341352D3532343432364645413344462F6469726563746F72792E786D6C504B01021400140006080800B670623B3B4606F3FE000000A00100003B000000000000000000000000000E1000006662782F42384135303843342D343331462D343546312D424341352D3532343432364645413344462F72
310
65736F75726365732F636F72652E786D6C504B0506000000000E000E0080040000651100000000
  0
XRECORD
  5
187
102
{ACAD_REACTORS
330
186
102
}
330
186
100
AcDbXrecord
280
     1
 70
     1
 90
429727718
  1
887D55A9-D0DD-414E-B741-A7DCD4DA2B4C
310
504B03040A0000080000B670623B3DEE336E79000000790000001B0000006175746F6465736B2D64657369676E2D7061636B6167652E786D6C3C3F786D6C2076657273696F6E3D22312E302220656E636F64696E673D227574662D3822203F3E3C666F726D6174733E3C666F726D61743E687474703A2F2F736368656D612E
310
6175746F6465736B2E636F6D2F64657369676E2D7061636B6167652F323030393C2F666F726D61743E3C2F666F726D6174733E504B0304140006080800B670623BD486FD9CA0000000F4000000130000005B436F6E74656E745F54797065735D2E786D6C7D8EC10E82300C865F65E91D8A1E8C310C0EEA1BF002731658846E
310
D98AC1B77784ABF1D8FE5FBFBF75BBCE937A534CCEB38643598122B6FEE978D0B0485F9C41B54DDD7D022595594E1A469170414C76A4D9A4D207E29CF43ECE46F218070CC6BECC4078ACAA135ACF422C856C0E68EA1BF5669944DDD7BCDE7B1F8E415D77AECB980613C2E4AC91FC167A2B244592486606FC29C8FD7F045B9A
310
EF7053A7E60B504B0304140006080800B670623BBC1638F5EC0000007C01000008000000636F72652E786D6C8D90416EC3201045AF82665B61836BE2D8C24471DB9CA01740401C94182C03558F5F9C3852BBEB6A467FFE9B197D7EF89E6EE8CB2CC17AD7032D0820E394D7D68D3DA478C67B4007C117EFE32F1B202727D3C3
310
2A83E0E3E2D3BC49CABB685CCCAAF3DA6CA20CC14440EA969B1E82BA98491632C5EC08D76296EA2A4753D06797E194AC468F2356E77DF66CCD02825543D50CACC62D39ED70FDC68EB8FD68F6F8787A6784342D1DDA1D2F5758F068A7E77DB518198D065111D2624A31A93E69DD11D6D5EC85EC3B4278B9DAFF4069D6FF8492
310
75F1B5DADE7D600104CD8FDC0782976B16B9DC83CA75CD4DFC00504B0304140006080800B670623B55019EA25F0000007C00000007000000636E782E786D6C4DCB3B0E80201045D1AD90E915ED2CF8AC45050C11660C8261F98AB1B07AC9C97D42D718D865D3E909258CFD00CCE24AC6E326A164D74DC0B4128928FF326038
310
472BA13128B1252AC747C6BAB984FC68F0B87FE8960A5C09FE86CFB69FBA01504B0304140006080800B670623B3586FFB671010000D40300000C0000006662782F636F72652E786D6CC553ED6E8320147D15C2DF4541A76D6D90A6DDD627D80B50A4CE54C120983EFEAE1F4DD7A55BBA5FF3879273EEE59E7310B6393735EA
310
95ED2AA3731C851423A5A5292A5DE6D8BB63B0C268C39935C67D29C3488B46E578803167A535BE9D2169B453DA01AA4DA16650749D7218C91A1639EEE4876A4428BC838AEE14B6429E44A9C228041AEA38EB9C0501681A32BC313F1ECE8C4C3867DE57C5CC56054CAB8E95B298A7F12E5EEED224C8E87E11242FE936C8DE96
310
AB60BB7F4D295D66D12E5B30323473E6AAE6A24E5A259C2A308F29CD82280A68FC1E256B9AAE93F489AED694323294DF34F9B678B0C957DA3DC7B3DCA9ADC33C022123F1CD2D44E450277AD04338234388F01913BE0D1A0281909D38D4171F27807A259DB1093085F157AA17B557309586747CD0CF0B46A64E983A6E0EAEEF
310
CE881F9EF1FB8E70D44297604238581EBC1B74B249C31C5AAB6CD0BB33D2C636A27ECCC62F0EFF445DC5DF95244D6DEC7F2922F30191F9F720C37DE49F504B0304140006080800B670623B4220A0FF7D0000009D0000000B0000006662782F636E782E786D6C4DCCD10A83201886E15B91FFDCE542CB0335D0EC3E6259C84A
310
C3E9D8E5AF46073BFAE0E1E315DD675BD1DBA5978F41C2FD4600B9F088930F8B849267CC01754AA418F3DF0D50183727E164506249B1EC174D6E1ECB9A0F5D7D785E68DB8151CD286E5A5363CA6B8A39E90D36D40E96B086F55A43A544F52B1D7B86D517504B0304140006080800B670623B2FA3FEDE290100001202000031
310
0000006662782F45374635344235342D363743322D343832342D383044432D4334454645303536354442422F636F72652E786D6C8D515B6EC32010BC0AE22B55850D2E386E848994D7097A0117488A1283C5A3CAF10BB523B57FF961D1ECCCECC0F2ED7DBC816FED8371B687A4C210682B9D32F6D2C314CFA883602BB8772E
310
FEA141608751F7B0C050F08B77695A20E96CD43666D43AA5177008414708E42D5F7A18E4971E876A483133C2B59A06791D2EBA22556E679EE021FA1C00CC43CA09C5717D6274C7286AD7FB06D1AEA1A8C3873DDAD3E3E98859CB0EBB1DAF67A1E02919B5C88DCA71CCD968FFAC49110B1ECDF8882FBD1EA256503418BF2342
310
106E3E08DD60B6A1EC15771B8C795DE8FF4469524F8A92B1F1AD59E2CEB20005E1F5DC105CB9F4797B84D1F7C9F908CABC55D0F2050A5C61CC1AD2F27A26E6E767C7962E8E213A9FBF7775FDCC5CC266DB960A5E970DE5F2BBBE5CCB36C50F504B0304140006080800B670623B1B8617914E01000033030000300000006662
310
782F45374635344235342D363743322D343832342D383044432D4334454645303536354442422F636E782E786D6CD593C16EC32010447F0571AD6CE3D489D20813A9877E410FBD62D82434182CC055F3F75D1292E692438FBD206B7698593D61BEFD1E2DF982108D773D6D6B460938E5B571FB9ECE6957AD29D90A1EBC4F77
310
364A9C1CA1A759A682EF839FA72269D8C9D92654AD71C72206887E0E0A22CAF926B15E498B01E0AA19451807D01A34B919F16B070157417138917400F2F6FA41FCF0092A45DEE414C19BDC21783E4BD39D891265658C3D8DEA00A3ACE59CBC8678ACB54CB26EEB6BD7839D7E9348BE70AD9C8321B9BCA7F9A4A26C542347DE
310
E050F09802D22BA6749A800A394DD62899107273365E3C82CFC6A55557BC06C10774B7ABE7AEC3B0F34CF06446280E154026D0542C187BA9DAB6628BF7B6DBB0E5A65B3EB1F58631DE64BBE083F7B65CC218087E22CABB042E51D1F2268F1FE12B3EA24D40D63E9CFE00120194D60B9D5BC67FE6D39CDF37E20AF817881F50
310
4B0304140006080800B670623B29652116630500003C100000340000006662782F45374635344235342D363743322D343832342D383044432D4334454645303536354442422F6F626A656374732E786D6CAD575D739B3814FD2B0CFB0C989834C90EA1639B24E3E9A6EDD4D3CE3E64C623834CD8006224913AFDF57B040203
310
B65BEF871F0C12D2FD3CF7E8CA7FBFCB33E3957291B2E2D674ED8969D02262715A24B76625B7D6B569BC0F7CCE98EC2D338D82E4F4D654D366E0279C55A59E8AE99654991CCDDECFFF3444440B6A1A514684B83545F44C7362934AB2988A173B2692D8C97667BB76B3702836E1A47C1E092D09A78584A5982F20C5688C7287
310
C389E904BEA3BE07BEFAD7ABA6A75739B53F43FD69212429A20365233153D70BEF2E2E6FAC4BCF9B5ADEBB0BD79ADFCF43CBBD9A4E16EF168B9BD9DD0D140BC921495BC2E9D60C1E101B9E46BED37CEA2CD6861F3329624541A3DA7F7858DBAC25C6B4A4458C3CA654405BCFEBC970E8AAD8F43E4FD558ABEC4F9FE7557F47
310
4F506B7BFBEC5BCA367FC105710E2AB8A00A554D7CB4A30DFE26FBA86D18CBF4B75418399194A72433B274C3097F33032C554B027F2046A1932B842B0FCCC0DDCBEBDB8AD2F835768F59B9ADB24C41D30C6A64AF817F2A456D59FA83F2E3DA60137255A585BCD60EC9B7929AC18DEFD49381AF1ED30BFDB109A4B1CD488294
310
C3CDE6EBC8D185AABD6568061FEE37BB95AAC7E3CA4BCE4ACAA5820FA0D526AE7DAA2869B5EE5999531BE0CC20E6FBA07C41E43FA27CF7A6206F3CDD793B4F6B919C1462CB788EDCD893FA674CDA17AB7B3B7C019F8D561FAEE966FED562DFE98C1D12C6A9FC015C2A35D7FF3D7FC398F591DA4B5FE0BFA2C0189FEA50AE22
310
92817A1ED3020951A03432862970F976B33383259812CC8E5D240BBA801CBCF8CE2BBEE3BF910DB6AAD5F79E05123AE2DB33981FB1ACCB02B69D00CB014FD68AB573A7627EF9BFD4CC2C5C7D58557C4B22FAA88925A4DBB44825CECE3D78FB060D1231F0E885BE7D673C86A3874958F593906B5502D1563157814FDAC3420D
310
F69A070A22EC4B98E23CFF171A1E5311D12C23056555ABA53B8614563B92D17D02AAB009E8F46284624E5F53D5490C560CCCC2591FF1B45421EB0EBD8EA7ED13BE7C5D7E0428CD60FEF60779EB13E6664FF711CB185F6FDED60D139A001FF60CD1FD6D086F1D51474901E26B2CB794A343BC8ED3EDB612E0DD2351FCB65CF4
310
33D511C9E14B5B40ADC6A6263DB0336A8F700DDF56271A024E70B0B3629DE21847591E55DED73D56206AB927E46FAABC5C939C55853C274C93D69FD6FA4E78BF8B11DF898C9ECD60553FAD39283BA6F18984AA23E8884F83F45C5F5F859797B31B2B9C84A1E5B9DE9D35BFF25C6B76152E422F9C5DCC3D847F5801ED09D5AF
310
41441327A25FF15487F9EB725FB666F048A4701E9A827292E6F97569A32DF61DEC01C0BB8DCBBCCC684E0B49147C1FD54BF685A0AB18C868E6973949E819523E3DAC463660E68C7D9F55A9D1EFA3BD7A76A16AE1A810F95CE59B82A4D968A376DC2E8B44BBDD86B27B368CDE0ED548C7137DA860591A83706223A12CA712B4
310
7306DBF39C0A20A6DF95C7FAF670C6EED7A61F946493D1D6926782963813403548A78AE470DEF80D2D9CEAA26E4D1C76F60BFE74219A06527D6B82DF641A51616F703CAAC6A7160E08A00BEB4810A0274592A1B36E3675E36E978A0DE80727A0D6DF2D39A75BD27E0D8837276589537B40ABB56D5A41F48F1C6FCD3188C4EB
310
A6929D2FFB89CE995A4D00AE813BDD032DC48B56BD437DFDDC2DD7AED70C2272D63DE9A72068A45A92F0A4BE17A8A06B9366E16707AD80B1FC649459952097E74BB23805982B55E0401150A165964402AA8BDF9F3E7386BB686EDCA780C0D382E5392BF460A6EFB2C6EA1937D3F809B440D5F5435C4C5CF7A9EEFAF54564BD
310
2182DA24162F98680B4E7930C21A0079709CEAEB99A372305ABE0C0D7D6078105A83F6A0296DAEE1068A47DD1C55A9F4C9B2FC69E3EFD44B81028E963DF81B504B0304140006080000B670623B000000000000000000000000350000006662782F45374635344235342D363743322D343832342D383044432D433445464530
310
3536354442422F76657274696365732E62696E504B0304140006080800B670623BF270F1330600000004000000360000006662782F45374635344235342D363743322D343832342D383044432D4334454645303536354442422F747269616E676C65732E62696E636660600000504B0304140006080000B670623B00000000
310
0000000000000000370000006662782F45374635344235342D363743322D343832342D383044432D4334454645303536354442422F617474726962757465732E62696E504B0304140006080800B670623B08DA0BD19000000041010000360000006662782F45374635344235342D363743322D343832342D383044432D4334
310
454645303536354442422F6469726563746F72792E786D6C858F410AC3201045AF22B36F53E9A60B35CBEEBAE80D244E44489C6234F4F835464A48035D0DF398FF9F8AF63D0E6CC63039F212F8F9020C7D47C6792B21C5FE7403D62A1188E2E60C98D7234A5830286103A55745067B9D86B8A3CF9C7F90C11DE607FB144396
310
D7B6A82D282E9A152AD114D5EF2CB866EEE831B8EEA07A7BB5A8D7D61A2BAAEB7FD5F70921FF497D00504B0304140006080800B670623B6378F24DFF000000A00100003B0000006662782F45374635344235342D363743322D343832342D383044432D4334454645303536354442422F7265736F75726365732F636F72652E
310
786D6C8D504B6E833010BD0A9A6D65B0094E42641C85B639412F6099496225D8C89FAAC7AF09546A77DDCC8CDE47F3F4C4F16B7C149FE88371B603565228D06A37187BED20C50BD9437194C23B177FC9A0B06AC40E6618A4B87A97A615D2CE46B431A3D60DB8822A048C50E8473E3A08FA86A32A558A5911EEE5A4F45D5DB1
310
6465A6B34E8A107D0E502C4FE609D26370C96B0CA25A58295232C3AA3143FE692E063D485EF7F5AEE71BD2D2F39634AFFC44DAF7DD9E9CCE6F9CD25DCBFA762BAAD92C4534E34F46ED51451C40D694B6843142EB0FD61C283F34FC85EE0F948A6A96FF31A569F8A729191B37F51A77B105902C0779125254735F793DCBCC7B
310
EE567E03504B010214000A0000080000B670623B3DEE336E79000000790000001B00000000000000000000000000000000006175746F6465736B2D64657369676E2D7061636B6167652E786D6C504B01021400140006080800B670623BD486FD9CA0000000F40000001300000000000000000000000000B20000005B436F6E
310
74656E745F54797065735D2E786D6C504B01021400140006080800B670623BBC1638F5EC0000007C010000080000000000000000000000000083010000636F72652E786D6C504B01021400140006080800B670623B55019EA25F0000007C000000070000000000000000000000000095020000636E782E786D6C504B010214
310
00140006080800B670623B3586FFB671010000D40300000C00000000000000000000000000190300006662782F636F72652E786D6C504B01021400140006080800B670623B4220A0FF7D0000009D0000000B00000000000000000000000000B40400006662782F636E782E786D6C504B01021400140006080800B670623B2F
310
A3FEDE290100001202000031000000000000000000000000005A0500006662782F45374635344235342D363743322D343832342D383044432D4334454645303536354442422F636F72652E786D6C504B01021400140006080800B670623B1B8617914E010000330300003000000000000000000000000000D2060000666278
310
2F45374635344235342D363743322D343832342D383044432D4334454645303536354442422F636E782E786D6C504B01021400140006080800B670623B29652116630500003C10000034000000000000000000000000006E0800006662782F45374635344235342D363743322D343832342D383044432D4334454645303536
310
354442422F6F626A656374732E786D6C504B01021400140006080000B670623B0000000000000000000000003500000000000000000000000000230E00006662782F45374635344235342D363743322D343832342D383044432D4334454645303536354442422F76657274696365732E62696E504B01021400140006080800
310
B670623BF270F13306000000040000003600000000000000000000000000760E00006662782F45374635344235342D363743322D343832342D383044432D4334454645303536354442422F747269616E676C65732E62696E504B01021400140006080000B670623B0000000000000000000000003700000000000000000000
310
000000D00E00006662782F45374635344235342D363743322D343832342D383044432D4334454645303536354442422F617474726962757465732E62696E504B01021400140006080800B670623B08DA0BD190000000410100003600000000000000000000000000250F00006662782F45374635344235342D363743322D34
310
3832342D383044432D4334454645303536354442422F6469726563746F72792E786D6C504B01021400140006080800B670623B6378F24DFF000000A00100003B00000000000000000000000000091000006662782F45374635344235342D363743322D343832342D383044432D4334454645303536354442422F7265736F75
310
726365732F636F72652E786D6C504B0506000000000E000E0080040000611100000000
  0
XRECORD
  5
18A
102
{ACAD_REACTORS
330
110
102
}
330
110
100
AcDbXrecord
280
     1
 70
     0
 90
1778669749
  1
9BF507EE-FAF7-4A99-A33D-4EE51894BC40
310
504B03040A0000080000B670623B3DEE336E79000000790000001B0000006175746F6465736B2D64657369676E2D7061636B6167652E786D6C3C3F786D6C2076657273696F6E3D22312E302220656E636F64696E673D227574662D3822203F3E3C666F726D6174733E3C666F726D61743E687474703A2F2F736368656D612E
310
6175746F6465736B2E636F6D2F64657369676E2D7061636B6167652F323030393C2F666F726D61743E3C2F666F726D6174733E504B0304140006080800B670623BD486FD9CA0000000F4000000130000005B436F6E74656E745F54797065735D2E786D6C7D8EC10E82300C865F65E91D8A1E8C310C0EEA1BF002731658846E
310
D98AC1B77784ABF1D8FE5FBFBF75BBCE937A534CCEB38643598122B6FEE978D0B0485F9C41B54DDD7D022595594E1A469170414C76A4D9A4D207E29CF43ECE46F218070CC6BECC4078ACAA135ACF422C856C0E68EA1BF5669944DDD7BCDE7B1F8E415D77AECB980613C2E4AC91FC167A2B244592486606FC29C8FD7F045B9A
310
EF7053A7E60B504B0304140006080800B670623BCA089DFFEC0000007C01000008000000636F72652E786D6C8D90416E83301045AF62CDB632D8402020E32882F604BD80653BC44AB011B6AB1EBF262152BBEB6A467FFE9B197D76FA9EEFE84BAFDE38DB03CD08206DA553C64E3DC470C1474027CE56E7C22F1B202B66DDC3
310
260367D3EAE2B24BD2D9A06D48AA754AEFA2F05E0740F29E9A1EBCBCEA59642286E4F0B76C11F226269DD15797E0188D42CF2346A57DE662F40ABCAEC77628C6120F654571D50C04B7F5B9C1E3997CD4F550BE3745C3F20DE62C98F9755FAE5A04AD801784B498524C8A4F5A75E4D055873772EC0861F966FF03C545FD138A
310
C686B2D8DF7D621E384D8F3C069CE55B16A93C824A75CB8DFF00504B0304140006080800B670623B55019EA25F0000007C00000007000000636E782E786D6C4DCB3B0E80201045D1AD90E915ED2CF8AC45050C11660C8261F98AB1B07AC9C97D42D718D865D3E909258CFD00CCE24AC6E326A164D74DC0B4128928FF326038
310
472BA13128B1252AC747C6BAB984FC68F0B87FE8960A5C09FE86CFB69FBA01504B0304140006080800B670623B68FC0B7272010000D40300000C0000006662782F636F72652E786D6CC5535B6E833010BC8AE5DF0A6C1E8124328E22D29EA01770C0A128602363A31CBFCB234A53A555FA553EC09AD9F5CE8C31DB5DDA060D
310
D2F4B556190E7C8A9154852E6B5565D8D993B7C668C799D1DA7E29C3488956667884316795D1AE5BA0422B2B950554E9522EA0E87B69312A1A5864B82F3E642B7CE12C54F467BF13C55954D20F7CA0A18EB3DE1A1080E621E31BF3D3F1C2C88C73E65C5D2E6C5DC2B4FA544B8379921C36797888BC3C8A032F4E73EA6D927D
310
EA1DF6F42D49F2E8350D5346C666CE6CDD5ED515460A2B4BCC434A375E1078347C0FE22D5D6DE3D50B5D6F2965642CBF6B725DF96493AB958DC245EEDCD6631E809089F8E61622B2A81703E8219C913144F84C09DF070D8140C8561C9BAB8F3340832CAC363130A576376A108D933095FA747AD0CF0B46E64E983A6D0EAE1F
310
CE089F9EF1FB8E70D44255604258581E9D1D75B259C3125A278D37D80B52DAB4A279CEC62F0EFF44DDC43F9454E8469BFF5244960322CBEF41C6FBC83F01504B0304140006080800B670623B0F71DDB67E0000009D0000000B0000006662782F636E782E786D6C4DCCD10A83201886E15B91FFDCA54DB73F502386BB8F5816
310
32D3703976F9ABD1C18E3E78F87855FB990379BBFCF2296AE02706C4C5471A7C9C349475A408A4352AA7B4FEDD80C47E761A7606A3A69CCA72D0E0C6BE8475D3E0E3F3409428EA6B27A84079A782899AA2EC1A7AE3ECCC2FD858CB2D544655BFD2B67BD87C01504B0304140006080800B670623BE134B4FB28010000120200
310
00310000006662782F38353834323741342D343835462D343034322D383541392D4331303331363839454531452F636F72652E786D6C8D515B6EC32010BC0AE22B55850D0EA424C24451959EA0172086A42831583CAA1CBF503B52FB971F16CDCECC0EACD8DFC71BF836215AEF7A481A0C817183D7D65D7A98D3197108F652
310
04EFD31F1A044E8DA6871586525C82CFD3020DDE25E352419DD76601558C264130DCCAA58771F832A36A544E8511AFCDA486ABBA988634A55D7852C4144A00300FA927949C71DABD1D28A29C7D208A6987383B6CD13BC16BB2E1DBE3911C453B0BA5C8D9EA456E758963CFD684674DAA588A64C747FC2118958C86B2C3788B
310
0841B8FB247487D98EB257CC77188BB6D2FF89F2A49F1465EBD2BA5BE2CEB2082511EDDC9042FB7CBA3DC298FBE4430275DE2A9AE1054ADC60CC08E3A29D89E5F9C5714317C7987C28DFBBBA9E0A97B0D97643A568EB864AF95D5FA9759BF207504B0304140006080800B670623B1B8617914E010000330300003000000066
310
62782F38353834323741342D343835462D343034322D383541392D4331303331363839454531452F636E782E786D6CD593C16EC32010447F0571AD6CE3D489D20813A9877E410FBD62D82434182CC055F3F75D1292E692438FBD206B7698593D61BEFD1E2DF982108D773D6D6B460938E5B571FB9ECE6957AD29D90A1EBC4F
310
77364A9C1CA1A759A682EF839FA72269D8C9D92654AD71C72206887E0E0A22CAF926B15E498B01E0AA19451807D01A34B919F16B070157417138917400F2F6FA41FCF0092A45DEE414C19BDC21783E4BD39D891265658C3D8DEA00A3ACE59CBC8678ACB54CB26EEB6BD7839D7E9348BE70AD9C8321B9BCA7F9A4A26C542347
310
DEE050F09802D22BA6749A800A394DD62899107273365E3C82CFC6A55557BC06C10774B7ABE7AEC3B0F34CF06446280E154026D0542C187BA9DAB6628BF7B6DBB0E5A65B3EB1F58631DE64BBE083F7B65CC218087E22CABB042E51D1F2268F1FE12B3EA24D40D63E9CFE00120194D60B9D5BC67FE6D39CDF37E20AF817881F
310
504B0304140006080800B670623B5933D422630500003B100000340000006662782F38353834323741342D343835462D343034322D383541392D4331303331363839454531452F6F626A656374732E786D6CAD575B6FA33814FE2B887D0642934E9B156594264D158D3A534DD4D13E548A0C38942D60649B4EBABF7E3F8321
310
40924EF6928780CDF1B97EE762EFF32E4B8D37CA45C2F21BD3B547A641F39045491EDF98A5DC5AD7A6F1D9F73863B243661A39C9E88DA9B64DDF8B392B0BBD15D12D295339D85DDEFE618890E6D434C2940871638AF08566C426A5641115AF764424B1E3EDCE76ED9AB0CF36E6A47819302D08A7B984A6D8CFC1C5A89572FB
310
CB91E9F89EA3BEFB9EFAD754E3D3544E654F5F7E920B49F2F040D880CDD89D2CEE2E2EA7D6E56432B6269F2E5CEB7679BBB0DCABF168FE693E9FCEEEA6102C240727AD09A75BD3BF876F78127A4EFDA9D5582B7E4CA590E5390D2BFB6161A5B3E618D182E611E2985001691DAB47FDA5AB7CD3F93C566B2DB2BB7D9E55DD13
310
1D468DEECDB3AB290BFE8409E21C54704115AA6AFF68436BFC8DF65E0B184BF5B74418199194272435D224E084BF9B3E481589EFF5D828747285706581E9BB7B7E5D5D911ABFC6EE312DB7659A2A689A7E85EC0DF04FA5A8344BFEA2FCB834E8845895492EAFB541F2BDA0A63FF59C6AD3F7D4637CA13FD68E34B629891172
310
98597F1D183A57B9B75A98FE9765B05BAB7C3C2EBCE0ACA05C2AF8005A4DE09AA7F29216EB9E15397500C6F47CBE77CA7778FE2BD277AF0AE2C693DD6437D1522427B9D8329E2136F6A8FA19A3E6C56ADF0E5F50CF06D48734EDCEBF22F69C56D97EC138153F804B85E6FABFC7AFEFB32E523BE1F3BD372418E363EDCA7548
310
52949E8724474014288D94610BB57C1BEC4C7F854A89CA8E5324F55B871CBC78CE1BBEE3BFE68D6A5589EF3C730474506FCFA8FCF0659516D0ED04580EEA6425581B77CAE797FF4BCECC16EB2FEB926F49481F746159D06D922712BD730FDEAE42BD40F42C7AA5EF3F198F60E86110D6DD20645A9480B795CF95E3E3A659A8
310
C55E724F408873315335CFFB8584874484344D494E59D94869DB90C26A5B64F49C802CAC1D3ABE18A098D3B7444D123D8A9E5AE8F5214F0AE5B2B6E9B575DA3E61CBD3EA2B4009FA940524DD1305FB6A1FB294F14DF0BEA90BA109ECE1481FDC3FFAE8D60E75141700BE82725371B4873751B2DD960265F788137FACE6DD40
310
B575E4F0A5C99F46629D92131467A41EE11ABD8D4CCC039CA0AFB37C93A08B232B8F0AEFCA1E0A1015DF13FC83322B362463652ECF71D3A8B1A7D1BE65DE1D62C44F22C317D35F574FEB16153BA2D13E543D10A80E74C4A65E78A6B7CBCBD1D5DD9DB59C2DAFACC96C3AB566E3F1C29ADCDD5DBAD7D3C9ED7C822ED74F80A6
310
41755310DE4443F44A9E68373FADF6596BFA0F440AE7BECE2727AE9F4F2B1B53B1E7E00CF0DD1E5C65454A339A4BA2D0FBA05ED2EF0443458F47BDBFCA484CCFE0F2ED7E3DD0013B679C7B5499467F0ECEEADDB9CA85A34CE44B99053949D2C1416DB85DE4B136BB7165FBAC0B7AB3542BED4F8CA182A549847A1319316519
310
95A83A67147B9E5101C47487F2485F1ECE38FD568F839204296D3479219888530154036E6528FBFBC66F98E0D4107563A2D7D9AFF8D389681A08F58D89F22693900A3B407754734FC51C10C010D6D640809EE4718AC1BA3ED4AEDB53CA37283F68805A7E4B72CEB0A4EDEAD5DD8C14059A76AFAA56BA6901E13F32BC51C720
310
12AF41295B5BF61BAD3195181FB506E6B40F4C10AF5AF40EF9F5B159AE5DD1F43C72D635E94310D45C2D49785C5D0B94D3B54AB3C5A38349C0587D338AB48C11CBF339599C02CCA54A70A008A8D03C0B2201D5F9EFCF8F9CE12A9A19CB0410789EB32C63B95ECCF455D658BFE0621A3DA32C5075FB101723D77DAE867E7D0F
310
D90444509B44E2151B4DC2290B065803200FBAA9BE9D392A0603F2D5C2D00D6302A615680F66D2FA166E2079D4C551A54AB758161FCEFD4E450A14704CECFEDF504B0304140006080000B670623B000000000000000000000000350000006662782F38353834323741342D343835462D343034322D383541392D4331303331
310
363839454531452F76657274696365732E62696E504B0304140006080800B670623BF270F1330600000004000000360000006662782F38353834323741342D343835462D343034322D383541392D4331303331363839454531452F747269616E676C65732E62696E636660600000504B0304140006080000B670623B000000
310
000000000000000000370000006662782F38353834323741342D343835462D343034322D383541392D4331303331363839454531452F617474726962757465732E62696E504B0304140006080800B670623B08DA0BD19000000041010000360000006662782F38353834323741342D343835462D343034322D383541392D43
310
31303331363839454531452F6469726563746F72792E786D6C858F410AC3201045AF22B36F53E9A60B35CBEEBAE80D244E44489C6234F4F835464A48035D0DF398FF9F8AF63D0E6CC63039F212F8F9020C7D47C6792B21C5FE7403D62A1188E2E60C98D7234A5830286103A55745067B9D86B8A3CF9C7F90C11DE607FB1443
310
96D7B6A82D282E9A152AD114D5EF2CB866EEE831B8EEA07A7BB5A8D7D61A2BAAEB7FD5F70921FF497D00504B0304140006080800B670623BD9A3B367FE000000A00100003B0000006662782F38353834323741342D343835462D343034322D383541392D4331303331363839454531452F7265736F75726365732F636F7265
310
2E786D6C8D504B6E833010BD0A9A6D65B01D0201194711694FD00B586642AD043BF2A7EAF16B122AB5BB6E6646EFA3797AE2F8B5DC8A4FF4C1383B002B291468B59B8C9D0748F1420E501CA5F0CEC55F3228AC5A708015062966EFD27D83B4B3116DCCA875136EA00A012314FA968F0182FEC045952AC5AC08D7F2AEF455CD
310
58B232D3592745883E07289E4FD609D26370C96B0CA27AB252A464A64D63A6FCD35C0C7A904D73EE467EE664DCD58CD4ED4849D79C5A723ED1B7A61977AF2D6F45B59AA58866F9C9A83DAA8813484E6947182394BFB3BAA7FBBEDEBFD0434FA9A856F91F53BA4FFF342563E38E6F719FB60092E5200F428A6AED2BAF479979
310
AFDDCA6F504B010214000A0000080000B670623B3DEE336E79000000790000001B00000000000000000000000000000000006175746F6465736B2D64657369676E2D7061636B6167652E786D6C504B01021400140006080800B670623BD486FD9CA0000000F40000001300000000000000000000000000B20000005B436F6E
310
74656E745F54797065735D2E786D6C504B01021400140006080800B670623BCA089DFFEC0000007C010000080000000000000000000000000083010000636F72652E786D6C504B01021400140006080800B670623B55019EA25F0000007C000000070000000000000000000000000095020000636E782E786D6C504B010214
310
00140006080800B670623B68FC0B7272010000D40300000C00000000000000000000000000190300006662782F636F72652E786D6C504B01021400140006080800B670623B0F71DDB67E0000009D0000000B00000000000000000000000000B50400006662782F636E782E786D6C504B01021400140006080800B670623BE1
310
34B4FB280100001202000031000000000000000000000000005C0500006662782F38353834323741342D343835462D343034322D383541392D4331303331363839454531452F636F72652E786D6C504B01021400140006080800B670623B1B8617914E010000330300003000000000000000000000000000D3060000666278
310
2F38353834323741342D343835462D343034322D383541392D4331303331363839454531452F636E782E786D6C504B01021400140006080800B670623B5933D422630500003B10000034000000000000000000000000006F0800006662782F38353834323741342D343835462D343034322D383541392D4331303331363839
310
454531452F6F626A656374732E786D6C504B01021400140006080000B670623B0000000000000000000000003500000000000000000000000000240E00006662782F38353834323741342D343835462D343034322D383541392D4331303331363839454531452F76657274696365732E62696E504B01021400140006080800
310
B670623BF270F13306000000040000003600000000000000000000000000770E00006662782F38353834323741342D343835462D343034322D383541392D4331303331363839454531452F747269616E676C65732E62696E504B01021400140006080000B670623B0000000000000000000000003700000000000000000000
310
000000D10E00006662782F38353834323741342D343835462D343034322D383541392D4331303331363839454531452F617474726962757465732E62696E504B01021400140006080800B670623B08DA0BD190000000410100003600000000000000000000000000260F00006662782F38353834323741342D343835462D34
310
3034322D383541392D4331303331363839454531452F6469726563746F72792E786D6C504B01021400140006080800B670623BD9A3B367FE000000A00100003B000000000000000000000000000A1000006662782F38353834323741342D343835462D343034322D383541392D4331303331363839454531452F7265736F75
310
726365732F636F72652E786D6C504B0506000000000E000E0080040000611100000000
  0
XRECORD
  5
99FD
102
{ACAD_REACTORS
330
3495
102
}
330
3495
100
AcDbXrecord
280
     1
102
DISPLAYNAME
  1
Imperial24
102
FLAGS
 90
        0
  0
XRECORD
  5
99FE
102
{ACAD_REACTORS
330
365C
102
}
330
365C
100
AcDbXrecord
280
     1
102
DISPLAYNAME
  1
Metric50
102
FLAGS
 90
        0
  0
CELLSTYLEMAP
  5
9A04
102
{ACAD_REACTORS
330
9A03
102
}
330
9A03
100
AcDbCellStyleMap
 90
        3
300
CELLSTYLE
  1
TABLEFORMAT_BEGIN
 90
        5
170
     1
 91
        0
 92
    32768
 62
   257
 93
        1
300
CONTENTFORMAT
  1
CONTENTFORMAT_BEGIN
 90
        0
 91
        0
 92
      512
 93
        0
300

 40
0.0
140
1.0
 94
        5
 62
     0
340
11
144
0.25
309
CONTENTFORMAT_END
171
     1
301
MARGIN
  1
CELLMARGIN_BEGIN
 40
0.06
 40
0.06
 40
0.06
 40
0.06
 40
0.18
 40
0.18
309
CELLMARGIN_END
 94
        6
 95
        1
302
GRIDFORMAT
  1
GRIDFORMAT_BEGIN
 90
        0
 91
        1
 62
     0
 92
       -2
340
0
 93
        0
 40
0.045
309
GRIDFORMAT_END
 95
        2
302
GRIDFORMAT
  1
GRIDFORMAT_BEGIN
 90
        0
 91
        1
 62
     0
 92
       -2
340
0
 93
        0
 40
0.045
309
GRIDFORMAT_END
 95
        4
302
GRIDFORMAT
  1
GRIDFORMAT_BEGIN
 90
        0
 91
        1
 62
     0
 92
       -2
340
0
 93
        0
 40
0.045
309
GRIDFORMAT_END
 95
        8
302
GRIDFORMAT
  1
GRIDFORMAT_BEGIN
 90
        0
 91
        1
 62
     0
 92
       -2
340
0
 93
        0
 40
0.045
309
GRIDFORMAT_END
 95
       16
302
GRIDFORMAT
  1
GRIDFORMAT_BEGIN
 90
        0
 91
        1
 62
     0
 92
       -2
340
0
 93
        0
 40
0.045
309
GRIDFORMAT_END
 95
       32
302
GRIDFORMAT
  1
GRIDFORMAT_BEGIN
 90
        0
 91
        1
 62
     0
 92
       -2
340
0
 93
        0
 40
0.045
309
GRIDFORMAT_END
309
TABLEFORMAT_END
  1
CELLSTYLE_BEGIN
 90
        1
 91
        1
300
_TITLE
309
CELLSTYLE_END
300
CELLSTYLE
  1
TABLEFORMAT_BEGIN
 90
        5
170
     1
 91
        0
 92
        0
 62
   257
 93
        1
300
CONTENTFORMAT
  1
CONTENTFORMAT_BEGIN
 90
        0
 91
        0
 92
      512
 93
        0
300

 40
0.0
140
1.0
 94
        5
 62
     0
340
11
144
0.18
309
CONTENTFORMAT_END
171
     1
301
MARGIN
  1
CELLMARGIN_BEGIN
 40
0.06
 40
0.06
 40
0.06
 40
0.06
 40
0.18
 40
0.18
309
CELLMARGIN_END
 94
        6
 95
        1
302
GRIDFORMAT
  1
GRIDFORMAT_BEGIN
 90
        0
 91
        1
 62
     0
 92
       -2
340
0
 93
        0
 40
0.045
309
GRIDFORMAT_END
 95
        2
302
GRIDFORMAT
  1
GRIDFORMAT_BEGIN
 90
        0
 91
        1
 62
     0
 92
       -2
340
0
 93
        0
 40
0.045
309
GRIDFORMAT_END
 95
        4
302
GRIDFORMAT
  1
GRIDFORMAT_BEGIN
 90
        0
 91
        1
 62
     0
 92
       -2
340
0
 93
        0
 40
0.045
309
GRIDFORMAT_END
 95
        8
302
GRIDFORMAT
  1
GRIDFORMAT_BEGIN
 90
        0
 91
        1
 62
     0
 92
       -2
340
0
 93
        0
 40
0.045
309
GRIDFORMAT_END
 95
       16
302
GRIDFORMAT
  1
GRIDFORMAT_BEGIN
 90
        0
 91
        1
 62
     0
 92
       -2
340
0
 93
        0
 40
0.045
309
GRIDFORMAT_END
 95
       32
302
GRIDFORMAT
  1
GRIDFORMAT_BEGIN
 90
        0
 91
        1
 62
     0
 92
       -2
340
0
 93
        0
 40
0.045
309
GRIDFORMAT_END
309
TABLEFORMAT_END
  1
CELLSTYLE_BEGIN
 90
        2
 91
        1
300
_HEADER
309
CELLSTYLE_END
300
CELLSTYLE
  1
TABLEFORMAT_BEGIN
 90
        5
170
     1
 91
        0
 92
        0
 62
   257
 93
        1
300
CONTENTFORMAT
  1
CONTENTFORMAT_BEGIN
 90
        0
 91
        0
 92
      512
 93
        0
300

 40
0.0
140
1.0
 94
        2
 62
     0
340
11
144
0.18
309
CONTENTFORMAT_END
171
     1
301
MARGIN
  1
CELLMARGIN_BEGIN
 40
0.06
 40
0.06
 40
0.06
 40
0.06
 40
0.18
 40
0.18
309
CELLMARGIN_END
 94
        6
 95
        1
302
GRIDFORMAT
  1
GRIDFORMAT_BEGIN
 90
        0
 91
        1
 62
     0
 92
       -2
340
0
 93
        0
 40
0.045
309
GRIDFORMAT_END
 95
        2
302
GRIDFORMAT
  1
GRIDFORMAT_BEGIN
 90
        0
 91
        1
 62
     0
 92
       -2
340
0
 93
        0
 40
0.045
309
GRIDFORMAT_END
 95
        4
302
GRIDFORMAT
  1
GRIDFORMAT_BEGIN
 90
        0
 91
        1
 62
     0
 92
       -2
340
0
 93
        0
 40
0.045
309
GRIDFORMAT_END
 95
        8
302
GRIDFORMAT
  1
GRIDFORMAT_BEGIN
 90
        0
 91
        1
 62
     0
 92
       -2
340
0
 93
        0
 40
0.045
309
GRIDFORMAT_END
 95
       16
302
GRIDFORMAT
  1
GRIDFORMAT_BEGIN
 90
        0
 91
        1
 62
     0
 92
       -2
340
0
 93
        0
 40
0.045
309
GRIDFORMAT_END
 95
       32
302
GRIDFORMAT
  1
GRIDFORMAT_BEGIN
 90
        0
 91
        1
 62
     0
 92
       -2
340
0
 93
        0
 40
0.045
309
GRIDFORMAT_END
309
TABLEFORMAT_END
  1
CELLSTYLE_BEGIN
 90
        3
 91
        2
300
_DATA
309
CELLSTYLE_END
  0
XRECORD
  5
9A06
102
{ACAD_REACTORS
330
9A05
102
}
330
9A05
100
AcDbXrecord
280
     1
102
RTVSPost2010Prop28
280
     1
102
RTVSPost2010PropOp28
 70
     1
102
RTVSPost2010Prop29
280
     1
102
RTVSPost2010PropOp29
 70
     1
102
RTVSPost2010Prop30
280
     0
102
RTVSPost2010PropOp30
 70
     1
102
RTVSPost2010Prop31
280
     0
102
RTVSPost2010PropOp31
 70
     1
102
RTVSPost2010Prop32
280
     0
102
RTVSPost2010PropOp32
 70
     1
102
RTVSPost2010Prop33
280
     0
102
RTVSPost2010PropOp33
 70
     1
102
RTVSPost2010Prop34
280
     0
102
RTVSPost2010PropOp34
 70
     1
102
RTVSPost2010Prop35
280
     0
102
RTVSPost2010PropOp35
 70
     1
102
RTVSPost2010Prop36
280
     0
102
RTVSPost2010PropOp36
 70
     1
102
RTVSPost2010Prop37
 90
       50
102
RTVSPost2010PropOp37
 70
     1
102
RTVSPost2010Prop38
140
0.0
102
RTVSPost2010PropOp38
 70
     1
102
RTVSPost2010Prop39
140
1.0
102
RTVSPost2010PropOp39
 70
     1
102
RTVSPost2010Prop40
 90
        0
102
RTVSPost2010PropOp40
 70
     1
102
RTVSPost2010Prop41ColorIndex
 90
       18
102
RTVSPost2010Prop41ColorRGB
 90
        0
102
RTVSPost2010PropOp41
 70
     1
102
RTVSPost2010Prop42
 90
       50
102
RTVSPost2010PropOp42
 70
     1
102
RTVSPost2010Prop43
 90
        3
102
RTVSPost2010PropOp43
 70
     1
102
RTVSPost2010Prop44ColorIndex
 90
        5
102
RTVSPost2010Prop44ColorRGB
 90
      255
102
RTVSPost2010PropOp44
 70
     1
102
RTVSPost2010Prop45
280
     0
102
RTVSPost2010PropOp45
 70
     1
102
RTVSPost2010Prop46
 90
       50
102
RTVSPost2010PropOp46
 70
     1
102
RTVSPost2010Prop47
 90
       50
102
RTVSPost2010PropOp47
 70
     1
102
RTVSPost2010Prop48
 90
       50
102
RTVSPost2010PropOp48
 70
     1
102
RTVSPost2010Prop49
280
     0
102
RTVSPost2010PropOp49
 70
     1
102
RTVSPost2010Prop50
 90
       50
102
RTVSPost2010PropOp50
 70
     1
102
RTVSPost2010Prop51ColorIndex
 90
      256
102
RTVSPost2010Prop51ColorRGB
 90
-16777216
102
RTVSPost2010PropOp51
 70
     0
102
RTVSPost2010Prop52
140
1.0
102
RTVSPost2010PropOp52
 70
     0
102
RTVSPost2010Prop53
 90
        2
102
RTVSPost2010PropOp53
 70
     1
102
RTVSPost2010Prop54
  1
strokes_ogs.tif
102
RTVSPost2010PropOp54
 70
     1
102
RTVSPost2010Prop55
280
     0
102
RTVSPost2010PropOp55
 70
     1
102
RTVSPost2010Prop56
140
1.0
102
RTVSPost2010PropOp56
 70
     1
102
RTVSPost2010Prop57
140
1.0
102
RTVSPost2010PropOp57
 70
     1
  0
XRECORD
  5
9A08
102
{ACAD_REACTORS
330
9A07
102
}
330
9A07
100
AcDbXrecord
280
     1
102
RTVSPost2010Prop28
280
     0
102
RTVSPost2010PropOp28
 70
     1
102
RTVSPost2010Prop29
280
     1
102
RTVSPost2010PropOp29
 70
     1
102
RTVSPost2010Prop30
280
     1
102
RTVSPost2010PropOp30
 70
     1
102
RTVSPost2010Prop31
280
     0
102
RTVSPost2010PropOp31
 70
     1
102
RTVSPost2010Prop32
280
     0
102
RTVSPost2010PropOp32
 70
     1
102
RTVSPost2010Prop33
280
     0
102
RTVSPost2010PropOp33
 70
     1
102
RTVSPost2010Prop34
280
     0
102
RTVSPost2010PropOp34
 70
     1
102
RTVSPost2010Prop35
280
     0
102
RTVSPost2010PropOp35
 70
     1
102
RTVSPost2010Prop36
280
     0
102
RTVSPost2010PropOp36
 70
     1
102
RTVSPost2010Prop37
 90
       50
102
RTVSPost2010PropOp37
 70
     1
102
RTVSPost2010Prop38
140
0.0
102
RTVSPost2010PropOp38
 70
     1
102
RTVSPost2010Prop39
140
1.0
102
RTVSPost2010PropOp39
 70
     1
102
RTVSPost2010Prop40
 90
        0
102
RTVSPost2010PropOp40
 70
     1
102
RTVSPost2010Prop41ColorIndex
 90
       18
102
RTVSPost2010Prop41ColorRGB
 90
        0
102
RTVSPost2010PropOp41
 70
     1
102
RTVSPost2010Prop42
 90
       50
102
RTVSPost2010PropOp42
 70
     1
102
RTVSPost2010Prop43
 90
        3
102
RTVSPost2010PropOp43
 70
     1
102
RTVSPost2010Prop44ColorIndex
 90
        5
102
RTVSPost2010Prop44ColorRGB
 90
      255
102
RTVSPost2010PropOp44
 70
     1
102
RTVSPost2010Prop45
280
     0
102
RTVSPost2010PropOp45
 70
     1
102
RTVSPost2010Prop46
 90
       50
102
RTVSPost2010PropOp46
 70
     1
102
RTVSPost2010Prop47
 90
       50
102
RTVSPost2010PropOp47
 70
     1
102
RTVSPost2010Prop48
 90
       50
102
RTVSPost2010PropOp48
 70
     1
102
RTVSPost2010Prop49
280
     0
102
RTVSPost2010PropOp49
 70
     1
102
RTVSPost2010Prop50
 90
       50
102
RTVSPost2010PropOp50
 70
     1
102
RTVSPost2010Prop51ColorIndex
 90
      256
102
RTVSPost2010Prop51ColorRGB
 90
-16777216
102
RTVSPost2010PropOp51
 70
     0
102
RTVSPost2010Prop52
140
1.0
102
RTVSPost2010PropOp52
 70
     0
102
RTVSPost2010Prop53
 90
        2
102
RTVSPost2010PropOp53
 70
     1
102
RTVSPost2010Prop54
  1
strokes_ogs.tif
102
RTVSPost2010PropOp54
 70
     1
102
RTVSPost2010Prop55
280
     0
102
RTVSPost2010PropOp55
 70
     1
102
RTVSPost2010Prop56
140
1.0
102
RTVSPost2010PropOp56
 70
     1
102
RTVSPost2010Prop57
140
1.0
102
RTVSPost2010PropOp57
 70
     1
  0
XRECORD
  5
9A0A
102
{ACAD_REACTORS
330
9A09
102
}
330
9A09
100
AcDbXrecord
280
     1
102
RTVSPost2010Prop28
280
     0
102
RTVSPost2010PropOp28
 70
     1
102
RTVSPost2010Prop29
280
     1
102
RTVSPost2010PropOp29
 70
     1
102
RTVSPost2010Prop30
280
     1
102
RTVSPost2010PropOp30
 70
     1
102
RTVSPost2010Prop31
280
     0
102
RTVSPost2010PropOp31
 70
     1
102
RTVSPost2010Prop32
280
     0
102
RTVSPost2010PropOp32
 70
     1
102
RTVSPost2010Prop33
280
     0
102
RTVSPost2010PropOp33
 70
     1
102
RTVSPost2010Prop34
280
     0
102
RTVSPost2010PropOp34
 70
     1
102
RTVSPost2010Prop35
280
     0
102
RTVSPost2010PropOp35
 70
     1
102
RTVSPost2010Prop36
280
     0
102
RTVSPost2010PropOp36
 70
     1
102
RTVSPost2010Prop37
 90
       50
102
RTVSPost2010PropOp37
 70
     1
102
RTVSPost2010Prop38
140
0.0
102
RTVSPost2010PropOp38
 70
     1
102
RTVSPost2010Prop39
140
1.0
102
RTVSPost2010PropOp39
 70
     1
102
RTVSPost2010Prop40
 90
        0
102
RTVSPost2010PropOp40
 70
     1
102
RTVSPost2010Prop41ColorIndex
 90
       18
102
RTVSPost2010Prop41ColorRGB
 90
        0
102
RTVSPost2010PropOp41
 70
     1
102
RTVSPost2010Prop42
 90
       50
102
RTVSPost2010PropOp42
 70
     1
102
RTVSPost2010Prop43
 90
        3
102
RTVSPost2010PropOp43
 70
     1
102
RTVSPost2010Prop44ColorIndex
 90
        5
102
RTVSPost2010Prop44ColorRGB
 90
      255
102
RTVSPost2010PropOp44
 70
     1
102
RTVSPost2010Prop45
280
     0
102
RTVSPost2010PropOp45
 70
     1
102
RTVSPost2010Prop46
 90
       50
102
RTVSPost2010PropOp46
 70
     1
102
RTVSPost2010Prop47
 90
       50
102
RTVSPost2010PropOp47
 70
     1
102
RTVSPost2010Prop48
 90
       50
102
RTVSPost2010PropOp48
 70
     1
102
RTVSPost2010Prop49
280
     0
102
RTVSPost2010PropOp49
 70
     1
102
RTVSPost2010Prop50
 90
       50
102
RTVSPost2010PropOp50
 70
     1
102
RTVSPost2010Prop51ColorIndex
 90
      256
102
RTVSPost2010Prop51ColorRGB
 90
-16777216
102
RTVSPost2010PropOp51
 70
     0
102
RTVSPost2010Prop52
140
1.0
102
RTVSPost2010PropOp52
 70
     0
102
RTVSPost2010Prop53
 90
        2
102
RTVSPost2010PropOp53
 70
     1
102
RTVSPost2010Prop54
  1
strokes_ogs.tif
102
RTVSPost2010PropOp54
 70
     1
102
RTVSPost2010Prop55
280
     0
102
RTVSPost2010PropOp55
 70
     1
102
RTVSPost2010Prop56
140
1.0
102
RTVSPost2010PropOp56
 70
     1
102
RTVSPost2010Prop57
140
1.0
102
RTVSPost2010PropOp57
 70
     1
  0
XRECORD
  5
9A0C
102
{ACAD_REACTORS
330
9A0B
102
}
330
9A0B
100
AcDbXrecord
280
     1
102
RTVSPost2010Prop28
280
     0
102
RTVSPost2010PropOp28
 70
     1
102
RTVSPost2010Prop29
280
     1
102
RTVSPost2010PropOp29
 70
     1
102
RTVSPost2010Prop30
280
     1
102
RTVSPost2010PropOp30
 70
     1
102
RTVSPost2010Prop31
280
     0
102
RTVSPost2010PropOp31
 70
     1
102
RTVSPost2010Prop32
280
     0
102
RTVSPost2010PropOp32
 70
     1
102
RTVSPost2010Prop33
280
     0
102
RTVSPost2010PropOp33
 70
     1
102
RTVSPost2010Prop34
280
     0
102
RTVSPost2010PropOp34
 70
     1
102
RTVSPost2010Prop35
280
     0
102
RTVSPost2010PropOp35
 70
     1
102
RTVSPost2010Prop36
280
     0
102
RTVSPost2010PropOp36
 70
     1
102
RTVSPost2010Prop37
 90
       50
102
RTVSPost2010PropOp37
 70
     1
102
RTVSPost2010Prop38
140
0.0
102
RTVSPost2010PropOp38
 70
     1
102
RTVSPost2010Prop39
140
1.0
102
RTVSPost2010PropOp39
 70
     1
102
RTVSPost2010Prop40
 90
        0
102
RTVSPost2010PropOp40
 70
     1
102
RTVSPost2010Prop41ColorIndex
 90
       18
102
RTVSPost2010Prop41ColorRGB
 90
        0
102
RTVSPost2010PropOp41
 70
     1
102
RTVSPost2010Prop42
 90
       50
102
RTVSPost2010PropOp42
 70
     1
102
RTVSPost2010Prop43
 90
        3
102
RTVSPost2010PropOp43
 70
     1
102
RTVSPost2010Prop44ColorIndex
 90
        5
102
RTVSPost2010Prop44ColorRGB
 90
      255
102
RTVSPost2010PropOp44
 70
     1
102
RTVSPost2010Prop45
280
     0
102
RTVSPost2010PropOp45
 70
     1
102
RTVSPost2010Prop46
 90
       50
102
RTVSPost2010PropOp46
 70
     1
102
RTVSPost2010Prop47
 90
       50
102
RTVSPost2010PropOp47
 70
     1
102
RTVSPost2010Prop48
 90
       50
102
RTVSPost2010PropOp48
 70
     1
102
RTVSPost2010Prop49
280
     0
102
RTVSPost2010PropOp49
 70
     1
102
RTVSPost2010Prop50
 90
       50
102
RTVSPost2010PropOp50
 70
     1
102
RTVSPost2010Prop51ColorIndex
 90
      256
102
RTVSPost2010Prop51ColorRGB
 90
-16777216
102
RTVSPost2010PropOp51
 70
     0
102
RTVSPost2010Prop52
140
1.0
102
RTVSPost2010PropOp52
 70
     0
102
RTVSPost2010Prop53
 90
        2
102
RTVSPost2010PropOp53
 70
     1
102
RTVSPost2010Prop54
  1
strokes_ogs.tif
102
RTVSPost2010PropOp54
 70
     1
102
RTVSPost2010Prop55
280
     0
102
RTVSPost2010PropOp55
 70
     1
102
RTVSPost2010Prop56
140
1.0
102
RTVSPost2010PropOp56
 70
     1
102
RTVSPost2010Prop57
140
1.0
102
RTVSPost2010PropOp57
 70
     1
  0
XRECORD
  5
9A0E
102
{ACAD_REACTORS
330
9A0D
102
}
330
9A0D
100
AcDbXrecord
280
     1
102
RTVSPost2010Prop28
280
     0
102
RTVSPost2010PropOp28
 70
     1
102
RTVSPost2010Prop29
280
     1
102
RTVSPost2010PropOp29
 70
     1
102
RTVSPost2010Prop30
280
     1
102
RTVSPost2010PropOp30
 70
     1
102
RTVSPost2010Prop31
280
     0
102
RTVSPost2010PropOp31
 70
     1
102
RTVSPost2010Prop32
280
     0
102
RTVSPost2010PropOp32
 70
     1
102
RTVSPost2010Prop33
280
     0
102
RTVSPost2010PropOp33
 70
     1
102
RTVSPost2010Prop34
280
     0
102
RTVSPost2010PropOp34
 70
     1
102
RTVSPost2010Prop35
280
     0
102
RTVSPost2010PropOp35
 70
     1
102
RTVSPost2010Prop36
280
     0
102
RTVSPost2010PropOp36
 70
     1
102
RTVSPost2010Prop37
 90
       50
102
RTVSPost2010PropOp37
 70
     1
102
RTVSPost2010Prop38
140
0.0
102
RTVSPost2010PropOp38
 70
     1
102
RTVSPost2010Prop39
140
1.0
102
RTVSPost2010PropOp39
 70
     1
102
RTVSPost2010Prop40
 90
        0
102
RTVSPost2010PropOp40
 70
     1
102
RTVSPost2010Prop41ColorIndex
 90
       18
102
RTVSPost2010Prop41ColorRGB
 90
        0
102
RTVSPost2010PropOp41
 70
     1
102
RTVSPost2010Prop42
 90
       50
102
RTVSPost2010PropOp42
 70
     1
102
RTVSPost2010Prop43
 90
        3
102
RTVSPost2010PropOp43
 70
     1
102
RTVSPost2010Prop44ColorIndex
 90
        5
102
RTVSPost2010Prop44ColorRGB
 90
      255
102
RTVSPost2010PropOp44
 70
     1
102
RTVSPost2010Prop45
280
     0
102
RTVSPost2010PropOp45
 70
     1
102
RTVSPost2010Prop46
 90
       50
102
RTVSPost2010PropOp46
 70
     1
102
RTVSPost2010Prop47
 90
       50
102
RTVSPost2010PropOp47
 70
     1
102
RTVSPost2010Prop48
 90
       50
102
RTVSPost2010PropOp48
 70
     1
102
RTVSPost2010Prop49
280
     0
102
RTVSPost2010PropOp49
 70
     1
102
RTVSPost2010Prop50
 90
       50
102
RTVSPost2010PropOp50
 70
     1
102
RTVSPost2010Prop51ColorIndex
 90
      256
102
RTVSPost2010Prop51ColorRGB
 90
-16777216
102
RTVSPost2010PropOp51
 70
     0
102
RTVSPost2010Prop52
140
1.0
102
RTVSPost2010PropOp52
 70
     0
102
RTVSPost2010Prop53
 90
        2
102
RTVSPost2010PropOp53
 70
     1
102
RTVSPost2010Prop54
  1
strokes_ogs.tif
102
RTVSPost2010PropOp54
 70
     1
102
RTVSPost2010Prop55
280
     0
102
RTVSPost2010PropOp55
 70
     1
102
RTVSPost2010Prop56
140
1.0
102
RTVSPost2010PropOp56
 70
     1
102
RTVSPost2010Prop57
140
1.0
102
RTVSPost2010PropOp57
 70
     1
  0
XRECORD
  5
9A10
102
{ACAD_REACTORS
330
9A0F
102
}
330
9A0F
100
AcDbXrecord
280
     1
102
RTVSPost2010Prop28
280
     0
102
RTVSPost2010PropOp28
 70
     1
102
RTVSPost2010Prop29
280
     1
102
RTVSPost2010PropOp29
 70
     1
102
RTVSPost2010Prop30
280
     1
102
RTVSPost2010PropOp30
 70
     1
102
RTVSPost2010Prop31
280
     0
102
RTVSPost2010PropOp31
 70
     1
102
RTVSPost2010Prop32
280
     0
102
RTVSPost2010PropOp32
 70
     1
102
RTVSPost2010Prop33
280
     0
102
RTVSPost2010PropOp33
 70
     1
102
RTVSPost2010Prop34
280
     0
102
RTVSPost2010PropOp34
 70
     1
102
RTVSPost2010Prop35
280
     0
102
RTVSPost2010PropOp35
 70
     1
102
RTVSPost2010Prop36
280
     0
102
RTVSPost2010PropOp36
 70
     1
102
RTVSPost2010Prop37
 90
       50
102
RTVSPost2010PropOp37
 70
     1
102
RTVSPost2010Prop38
140
0.0
102
RTVSPost2010PropOp38
 70
     1
102
RTVSPost2010Prop39
140
1.0
102
RTVSPost2010PropOp39
 70
     1
102
RTVSPost2010Prop40
 90
        0
102
RTVSPost2010PropOp40
 70
     1
102
RTVSPost2010Prop41ColorIndex
 90
       18
102
RTVSPost2010Prop41ColorRGB
 90
        0
102
RTVSPost2010PropOp41
 70
     1
102
RTVSPost2010Prop42
 90
       50
102
RTVSPost2010PropOp42
 70
     1
102
RTVSPost2010Prop43
 90
        3
102
RTVSPost2010PropOp43
 70
     1
102
RTVSPost2010Prop44ColorIndex
 90
        5
102
RTVSPost2010Prop44ColorRGB
 90
      255
102
RTVSPost2010PropOp44
 70
     1
102
RTVSPost2010Prop45
280
     0
102
RTVSPost2010PropOp45
 70
     1
102
RTVSPost2010Prop46
 90
       50
102
RTVSPost2010PropOp46
 70
     1
102
RTVSPost2010Prop47
 90
       50
102
RTVSPost2010PropOp47
 70
     1
102
RTVSPost2010Prop48
 90
       50
102
RTVSPost2010PropOp48
 70
     1
102
RTVSPost2010Prop49
280
     0
102
RTVSPost2010PropOp49
 70
     1
102
RTVSPost2010Prop50
 90
       50
102
RTVSPost2010PropOp50
 70
     1
102
RTVSPost2010Prop51ColorIndex
 90
      256
102
RTVSPost2010Prop51ColorRGB
 90
-16777216
102
RTVSPost2010PropOp51
 70
     0
102
RTVSPost2010Prop52
140
1.0
102
RTVSPost2010PropOp52
 70
     0
102
RTVSPost2010Prop53
 90
        2
102
RTVSPost2010PropOp53
 70
     1
102
RTVSPost2010Prop54
  1
strokes_ogs.tif
102
RTVSPost2010PropOp54
 70
     1
102
RTVSPost2010Prop55
280
     0
102
RTVSPost2010PropOp55
 70
     1
102
RTVSPost2010Prop56
140
1.0
102
RTVSPost2010PropOp56
 70
     1
102
RTVSPost2010Prop57
140
1.0
102
RTVSPost2010PropOp57
 70
     1
  0
XRECORD
  5
9A12
102
{ACAD_REACTORS
330
9A11
102
}
330
9A11
100
AcDbXrecord
280
     1
102
RTVSPost2010Prop28
280
     0
102
RTVSPost2010PropOp28
 70
     1
102
RTVSPost2010Prop29
280
     1
102
RTVSPost2010PropOp29
 70
     1
102
RTVSPost2010Prop30
280
     1
102
RTVSPost2010PropOp30
 70
     1
102
RTVSPost2010Prop31
280
     0
102
RTVSPost2010PropOp31
 70
     1
102
RTVSPost2010Prop32
280
     0
102
RTVSPost2010PropOp32
 70
     1
102
RTVSPost2010Prop33
280
     0
102
RTVSPost2010PropOp33
 70
     1
102
RTVSPost2010Prop34
280
     0
102
RTVSPost2010PropOp34
 70
     1
102
RTVSPost2010Prop35
280
     0
102
RTVSPost2010PropOp35
 70
     1
102
RTVSPost2010Prop36
280
     0
102
RTVSPost2010PropOp36
 70
     1
102
RTVSPost2010Prop37
 90
       50
102
RTVSPost2010PropOp37
 70
     1
102
RTVSPost2010Prop38
140
0.0
102
RTVSPost2010PropOp38
 70
     1
102
RTVSPost2010Prop39
140
1.0
102
RTVSPost2010PropOp39
 70
     1
102
RTVSPost2010Prop40
 90
        0
102
RTVSPost2010PropOp40
 70
     1
102
RTVSPost2010Prop41ColorIndex
 90
       18
102
RTVSPost2010Prop41ColorRGB
 90
        0
102
RTVSPost2010PropOp41
 70
     1
102
RTVSPost2010Prop42
 90
       50
102
RTVSPost2010PropOp42
 70
     1
102
RTVSPost2010Prop43
 90
        3
102
RTVSPost2010PropOp43
 70
     1
102
RTVSPost2010Prop44ColorIndex
 90
        5
102
RTVSPost2010Prop44ColorRGB
 90
      255
102
RTVSPost2010PropOp44
 70
     1
102
RTVSPost2010Prop45
280
     0
102
RTVSPost2010PropOp45
 70
     1
102
RTVSPost2010Prop46
 90
       50
102
RTVSPost2010PropOp46
 70
     1
102
RTVSPost2010Prop47
 90
       50
102
RTVSPost2010PropOp47
 70
     1
102
RTVSPost2010Prop48
 90
       50
102
RTVSPost2010PropOp48
 70
     1
102
RTVSPost2010Prop49
280
     0
102
RTVSPost2010PropOp49
 70
     1
102
RTVSPost2010Prop50
 90
       50
102
RTVSPost2010PropOp50
 70
     1
102
RTVSPost2010Prop51ColorIndex
 90
      256
102
RTVSPost2010Prop51ColorRGB
 90
-16777216
102
RTVSPost2010PropOp51
 70
     0
102
RTVSPost2010Prop52
140
1.0
102
RTVSPost2010PropOp52
 70
     0
102
RTVSPost2010Prop53
 90
        2
102
RTVSPost2010PropOp53
 70
     1
102
RTVSPost2010Prop54
  1
strokes_ogs.tif
102
RTVSPost2010PropOp54
 70
     1
102
RTVSPost2010Prop55
280
     0
102
RTVSPost2010PropOp55
 70
     1
102
RTVSPost2010Prop56
140
1.0
102
RTVSPost2010PropOp56
 70
     1
102
RTVSPost2010Prop57
140
1.0
102
RTVSPost2010PropOp57
 70
     1
  0
XRECORD
  5
9A14
102
{ACAD_REACTORS
330
9A13
102
}
330
9A13
100
AcDbXrecord
280
     1
102
RTVSPost2010Prop28
280
     0
102
RTVSPost2010PropOp28
 70
     1
102
RTVSPost2010Prop29
280
     1
102
RTVSPost2010PropOp29
 70
     1
102
RTVSPost2010Prop30
280
     1
102
RTVSPost2010PropOp30
 70
     1
102
RTVSPost2010Prop31
280
     0
102
RTVSPost2010PropOp31
 70
     1
102
RTVSPost2010Prop32
280
     0
102
RTVSPost2010PropOp32
 70
     1
102
RTVSPost2010Prop33
280
     0
102
RTVSPost2010PropOp33
 70
     1
102
RTVSPost2010Prop34
280
     0
102
RTVSPost2010PropOp34
 70
     1
102
RTVSPost2010Prop35
280
     0
102
RTVSPost2010PropOp35
 70
     1
102
RTVSPost2010Prop36
280
     0
102
RTVSPost2010PropOp36
 70
     1
102
RTVSPost2010Prop37
 90
       50
102
RTVSPost2010PropOp37
 70
     1
102
RTVSPost2010Prop38
140
0.0
102
RTVSPost2010PropOp38
 70
     1
102
RTVSPost2010Prop39
140
1.0
102
RTVSPost2010PropOp39
 70
     1
102
RTVSPost2010Prop40
 90
        0
102
RTVSPost2010PropOp40
 70
     1
102
RTVSPost2010Prop41ColorIndex
 90
       18
102
RTVSPost2010Prop41ColorRGB
 90
        0
102
RTVSPost2010PropOp41
 70
     1
102
RTVSPost2010Prop42
 90
       50
102
RTVSPost2010PropOp42
 70
     1
102
RTVSPost2010Prop43
 90
        3
102
RTVSPost2010PropOp43
 70
     1
102
RTVSPost2010Prop44ColorIndex
 90
        5
102
RTVSPost2010Prop44ColorRGB
 90
      255
102
RTVSPost2010PropOp44
 70
     1
102
RTVSPost2010Prop45
280
     0
102
RTVSPost2010PropOp45
 70
     1
102
RTVSPost2010Prop46
 90
       50
102
RTVSPost2010PropOp46
 70
     1
102
RTVSPost2010Prop47
 90
       50
102
RTVSPost2010PropOp47
 70
     1
102
RTVSPost2010Prop48
 90
       50
102
RTVSPost2010PropOp48
 70
     1
102
RTVSPost2010Prop49
280
     0
102
RTVSPost2010PropOp49
 70
     1
102
RTVSPost2010Prop50
 90
       50
102
RTVSPost2010PropOp50
 70
     1
102
RTVSPost2010Prop51ColorIndex
 90
      256
102
RTVSPost2010Prop51ColorRGB
 90
-16777216
102
RTVSPost2010PropOp51
 70
     0
102
RTVSPost2010Prop52
140
1.0
102
RTVSPost2010PropOp52
 70
     0
102
RTVSPost2010Prop53
 90
        2
102
RTVSPost2010PropOp53
 70
     1
102
RTVSPost2010Prop54
  1
strokes_ogs.tif
102
RTVSPost2010PropOp54
 70
     1
102
RTVSPost2010Prop55
280
     0
102
RTVSPost2010PropOp55
 70
     1
102
RTVSPost2010Prop56
140
1.0
102
RTVSPost2010PropOp56
 70
     1
102
RTVSPost2010Prop57
140
1.0
102
RTVSPost2010PropOp57
 70
     1
  0
XRECORD
  5
9A16
102
{ACAD_REACTORS
330
9A15
102
}
330
9A15
100
AcDbXrecord
280
     1
102
RTVSPost2010Prop28
280
     0
102
RTVSPost2010PropOp28
 70
     1
102
RTVSPost2010Prop29
280
     1
102
RTVSPost2010PropOp29
 70
     1
102
RTVSPost2010Prop30
280
     1
102
RTVSPost2010PropOp30
 70
     1
102
RTVSPost2010Prop31
280
     0
102
RTVSPost2010PropOp31
 70
     1
102
RTVSPost2010Prop32
280
     0
102
RTVSPost2010PropOp32
 70
     1
102
RTVSPost2010Prop33
280
     0
102
RTVSPost2010PropOp33
 70
     1
102
RTVSPost2010Prop34
280
     0
102
RTVSPost2010PropOp34
 70
     1
102
RTVSPost2010Prop35
280
     0
102
RTVSPost2010PropOp35
 70
     1
102
RTVSPost2010Prop36
280
     0
102
RTVSPost2010PropOp36
 70
     1
102
RTVSPost2010Prop37
 90
       50
102
RTVSPost2010PropOp37
 70
     1
102
RTVSPost2010Prop38
140
0.0
102
RTVSPost2010PropOp38
 70
     1
102
RTVSPost2010Prop39
140
1.0
102
RTVSPost2010PropOp39
 70
     1
102
RTVSPost2010Prop40
 90
        0
102
RTVSPost2010PropOp40
 70
     1
102
RTVSPost2010Prop41ColorIndex
 90
       18
102
RTVSPost2010Prop41ColorRGB
 90
        0
102
RTVSPost2010PropOp41
 70
     1
102
RTVSPost2010Prop42
 90
       50
102
RTVSPost2010PropOp42
 70
     1
102
RTVSPost2010Prop43
 90
        3
102
RTVSPost2010PropOp43
 70
     1
102
RTVSPost2010Prop44ColorIndex
 90
        5
102
RTVSPost2010Prop44ColorRGB
 90
      255
102
RTVSPost2010PropOp44
 70
     1
102
RTVSPost2010Prop45
280
     0
102
RTVSPost2010PropOp45
 70
     1
102
RTVSPost2010Prop46
 90
       50
102
RTVSPost2010PropOp46
 70
     1
102
RTVSPost2010Prop47
 90
       50
102
RTVSPost2010PropOp47
 70
     1
102
RTVSPost2010Prop48
 90
       50
102
RTVSPost2010PropOp48
 70
     1
102
RTVSPost2010Prop49
280
     0
102
RTVSPost2010PropOp49
 70
     1
102
RTVSPost2010Prop50
 90
       50
102
RTVSPost2010PropOp50
 70
     1
102
RTVSPost2010Prop51ColorIndex
 90
      256
102
RTVSPost2010Prop51ColorRGB
 90
-16777216
102
RTVSPost2010PropOp51
 70
     0
102
RTVSPost2010Prop52
140
1.0
102
RTVSPost2010PropOp52
 70
     0
102
RTVSPost2010Prop53
 90
        2
102
RTVSPost2010PropOp53
 70
     1
102
RTVSPost2010Prop54
  1
strokes_ogs.tif
102
RTVSPost2010PropOp54
 70
     1
102
RTVSPost2010Prop55
280
     0
102
RTVSPost2010PropOp55
 70
     1
102
RTVSPost2010Prop56
140
1.0
102
RTVSPost2010PropOp56
 70
     1
102
RTVSPost2010Prop57
140
1.0
102
RTVSPost2010PropOp57
 70
     1
  0
XRECORD
  5
9A18
102
{ACAD_REACTORS
330
9A17
102
}
330
9A17
100
AcDbXrecord
280
     1
102
RTVSPost2010Prop28
280
     0
102
RTVSPost2010PropOp28
 70
     1
102
RTVSPost2010Prop29
280
     1
102
RTVSPost2010PropOp29
 70
     1
102
RTVSPost2010Prop30
280
     1
102
RTVSPost2010PropOp30
 70
     1
102
RTVSPost2010Prop31
280
     0
102
RTVSPost2010PropOp31
 70
     1
102
RTVSPost2010Prop32
280
     0
102
RTVSPost2010PropOp32
 70
     1
102
RTVSPost2010Prop33
280
     0
102
RTVSPost2010PropOp33
 70
     1
102
RTVSPost2010Prop34
280
     0
102
RTVSPost2010PropOp34
 70
     1
102
RTVSPost2010Prop35
280
     0
102
RTVSPost2010PropOp35
 70
     1
102
RTVSPost2010Prop36
280
     0
102
RTVSPost2010PropOp36
 70
     1
102
RTVSPost2010Prop37
 90
       50
102
RTVSPost2010PropOp37
 70
     1
102
RTVSPost2010Prop38
140
0.0
102
RTVSPost2010PropOp38
 70
     1
102
RTVSPost2010Prop39
140
1.0
102
RTVSPost2010PropOp39
 70
     1
102
RTVSPost2010Prop40
 90
        0
102
RTVSPost2010PropOp40
 70
     1
102
RTVSPost2010Prop41ColorIndex
 90
       18
102
RTVSPost2010Prop41ColorRGB
 90
        0
102
RTVSPost2010PropOp41
 70
     1
102
RTVSPost2010Prop42
 90
       50
102
RTVSPost2010PropOp42
 70
     1
102
RTVSPost2010Prop43
 90
        3
102
RTVSPost2010PropOp43
 70
     1
102
RTVSPost2010Prop44ColorIndex
 90
        5
102
RTVSPost2010Prop44ColorRGB
 90
      255
102
RTVSPost2010PropOp44
 70
     1
102
RTVSPost2010Prop45
280
     0
102
RTVSPost2010PropOp45
 70
     1
102
RTVSPost2010Prop46
 90
       50
102
RTVSPost2010PropOp46
 70
     1
102
RTVSPost2010Prop47
 90
       50
102
RTVSPost2010PropOp47
 70
     1
102
RTVSPost2010Prop48
 90
       50
102
RTVSPost2010PropOp48
 70
     1
102
RTVSPost2010Prop49
280
     0
102
RTVSPost2010PropOp49
 70
     1
102
RTVSPost2010Prop50
 90
       50
102
RTVSPost2010PropOp50
 70
     1
102
RTVSPost2010Prop51ColorIndex
 90
      256
102
RTVSPost2010Prop51ColorRGB
 90
-16777216
102
RTVSPost2010PropOp51
 70
     0
102
RTVSPost2010Prop52
140
1.0
102
RTVSPost2010PropOp52
 70
     0
102
RTVSPost2010Prop53
 90
        2
102
RTVSPost2010PropOp53
 70
     1
102
RTVSPost2010Prop54
  1
strokes_ogs.tif
102
RTVSPost2010PropOp54
 70
     1
102
RTVSPost2010Prop55
280
     0
102
RTVSPost2010PropOp55
 70
     1
102
RTVSPost2010Prop56
140
1.0
102
RTVSPost2010PropOp56
 70
     1
102
RTVSPost2010Prop57
140
1.0
102
RTVSPost2010PropOp57
 70
     1
  0
XRECORD
  5
9A1A
102
{ACAD_REACTORS
330
9A19
102
}
330
9A19
100
AcDbXrecord
280
     1
102
RTVSPost2010Prop28
280
     0
102
RTVSPost2010PropOp28
 70
     1
102
RTVSPost2010Prop29
280
     1
102
RTVSPost2010PropOp29
 70
     1
102
RTVSPost2010Prop30
280
     1
102
RTVSPost2010PropOp30
 70
     1
102
RTVSPost2010Prop31
280
     0
102
RTVSPost2010PropOp31
 70
     1
102
RTVSPost2010Prop32
280
     0
102
RTVSPost2010PropOp32
 70
     1
102
RTVSPost2010Prop33
280
     0
102
RTVSPost2010PropOp33
 70
     1
102
RTVSPost2010Prop34
280
     0
102
RTVSPost2010PropOp34
 70
     1
102
RTVSPost2010Prop35
280
     0
102
RTVSPost2010PropOp35
 70
     1
102
RTVSPost2010Prop36
280
     0
102
RTVSPost2010PropOp36
 70
     1
102
RTVSPost2010Prop37
 90
       50
102
RTVSPost2010PropOp37
 70
     1
102
RTVSPost2010Prop38
140
0.0
102
RTVSPost2010PropOp38
 70
     1
102
RTVSPost2010Prop39
140
1.0
102
RTVSPost2010PropOp39
 70
     1
102
RTVSPost2010Prop40
 90
        0
102
RTVSPost2010PropOp40
 70
     1
102
RTVSPost2010Prop41ColorIndex
 90
       18
102
RTVSPost2010Prop41ColorRGB
 90
        0
102
RTVSPost2010PropOp41
 70
     1
102
RTVSPost2010Prop42
 90
       50
102
RTVSPost2010PropOp42
 70
     1
102
RTVSPost2010Prop43
 90
        3
102
RTVSPost2010PropOp43
 70
     1
102
RTVSPost2010Prop44ColorIndex
 90
        5
102
RTVSPost2010Prop44ColorRGB
 90
      255
102
RTVSPost2010PropOp44
 70
     1
102
RTVSPost2010Prop45
280
     0
102
RTVSPost2010PropOp45
 70
     1
102
RTVSPost2010Prop46
 90
       50
102
RTVSPost2010PropOp46
 70
     1
102
RTVSPost2010Prop47
 90
       50
102
RTVSPost2010PropOp47
 70
     1
102
RTVSPost2010Prop48
 90
       50
102
RTVSPost2010PropOp48
 70
     1
102
RTVSPost2010Prop49
280
     0
102
RTVSPost2010PropOp49
 70
     1
102
RTVSPost2010Prop50
 90
       50
102
RTVSPost2010PropOp50
 70
     1
102
RTVSPost2010Prop51ColorIndex
 90
      256
102
RTVSPost2010Prop51ColorRGB
 90
-16777216
102
RTVSPost2010PropOp51
 70
     0
102
RTVSPost2010Prop52
140
1.0
102
RTVSPost2010PropOp52
 70
     0
102
RTVSPost2010Prop53
 90
        2
102
RTVSPost2010PropOp53
 70
     1
102
RTVSPost2010Prop54
  1
strokes_ogs.tif
102
RTVSPost2010PropOp54
 70
     1
102
RTVSPost2010Prop55
280
     0
102
RTVSPost2010PropOp55
 70
     1
102
RTVSPost2010Prop56
140
1.0
102
RTVSPost2010PropOp56
 70
     1
102
RTVSPost2010Prop57
140
1.0
102
RTVSPost2010PropOp57
 70
     1
  0
XRECORD
  5
9A1C
102
{ACAD_REACTORS
330
9A1B
102
}
330
9A1B
100
AcDbXrecord
280
     1
102
RTVSPost2010Prop28
280
     0
102
RTVSPost2010PropOp28
 70
     1
102
RTVSPost2010Prop29
280
     1
102
RTVSPost2010PropOp29
 70
     1
102
RTVSPost2010Prop30
280
     1
102
RTVSPost2010PropOp30
 70
     1
102
RTVSPost2010Prop31
280
     0
102
RTVSPost2010PropOp31
 70
     1
102
RTVSPost2010Prop32
280
     0
102
RTVSPost2010PropOp32
 70
     1
102
RTVSPost2010Prop33
280
     0
102
RTVSPost2010PropOp33
 70
     1
102
RTVSPost2010Prop34
280
     0
102
RTVSPost2010PropOp34
 70
     1
102
RTVSPost2010Prop35
280
     0
102
RTVSPost2010PropOp35
 70
     1
102
RTVSPost2010Prop36
280
     0
102
RTVSPost2010PropOp36
 70
     1
102
RTVSPost2010Prop37
 90
       50
102
RTVSPost2010PropOp37
 70
     1
102
RTVSPost2010Prop38
140
0.0
102
RTVSPost2010PropOp38
 70
     1
102
RTVSPost2010Prop39
140
1.0
102
RTVSPost2010PropOp39
 70
     1
102
RTVSPost2010Prop40
 90
        0
102
RTVSPost2010PropOp40
 70
     1
102
RTVSPost2010Prop41ColorIndex
 90
       18
102
RTVSPost2010Prop41ColorRGB
 90
        0
102
RTVSPost2010PropOp41
 70
     1
102
RTVSPost2010Prop42
 90
       50
102
RTVSPost2010PropOp42
 70
     1
102
RTVSPost2010Prop43
 90
        3
102
RTVSPost2010PropOp43
 70
     1
102
RTVSPost2010Prop44ColorIndex
 90
        5
102
RTVSPost2010Prop44ColorRGB
 90
      255
102
RTVSPost2010PropOp44
 70
     1
102
RTVSPost2010Prop45
280
     0
102
RTVSPost2010PropOp45
 70
     1
102
RTVSPost2010Prop46
 90
       50
102
RTVSPost2010PropOp46
 70
     1
102
RTVSPost2010Prop47
 90
       50
102
RTVSPost2010PropOp47
 70
     1
102
RTVSPost2010Prop48
 90
       50
102
RTVSPost2010PropOp48
 70
     1
102
RTVSPost2010Prop49
280
     0
102
RTVSPost2010PropOp49
 70
     1
102
RTVSPost2010Prop50
 90
       50
102
RTVSPost2010PropOp50
 70
     1
102
RTVSPost2010Prop51ColorIndex
 90
      256
102
RTVSPost2010Prop51ColorRGB
 90
-16777216
102
RTVSPost2010PropOp51
 70
     0
102
RTVSPost2010Prop52
140
1.0
102
RTVSPost2010PropOp52
 70
     0
102
RTVSPost2010Prop53
 90
        2
102
RTVSPost2010PropOp53
 70
     1
102
RTVSPost2010Prop54
  1
strokes_ogs.tif
102
RTVSPost2010PropOp54
 70
     1
102
RTVSPost2010Prop55
280
     0
102
RTVSPost2010PropOp55
 70
     1
102
RTVSPost2010Prop56
140
1.0
102
RTVSPost2010PropOp56
 70
     1
102
RTVSPost2010Prop57
140
1.0
102
RTVSPost2010PropOp57
 70
     1
  0
XRECORD
  5
9A1E
102
{ACAD_REACTORS
330
9A1D
102
}
330
9A1D
100
AcDbXrecord
280
     1
102
RTVSPost2010Prop28
280
     0
102
RTVSPost2010PropOp28
 70
     1
102
RTVSPost2010Prop29
280
     1
102
RTVSPost2010PropOp29
 70
     1
102
RTVSPost2010Prop30
280
     1
102
RTVSPost2010PropOp30
 70
     1
102
RTVSPost2010Prop31
280
     0
102
RTVSPost2010PropOp31
 70
     1
102
RTVSPost2010Prop32
280
     0
102
RTVSPost2010PropOp32
 70
     1
102
RTVSPost2010Prop33
280
     0
102
RTVSPost2010PropOp33
 70
     1
102
RTVSPost2010Prop34
280
     0
102
RTVSPost2010PropOp34
 70
     1
102
RTVSPost2010Prop35
280
     0
102
RTVSPost2010PropOp35
 70
     1
102
RTVSPost2010Prop36
280
     0
102
RTVSPost2010PropOp36
 70
     1
102
RTVSPost2010Prop37
 90
       50
102
RTVSPost2010PropOp37
 70
     1
102
RTVSPost2010Prop38
140
0.0
102
RTVSPost2010PropOp38
 70
     1
102
RTVSPost2010Prop39
140
1.0
102
RTVSPost2010PropOp39
 70
     1
102
RTVSPost2010Prop40
 90
        0
102
RTVSPost2010PropOp40
 70
     1
102
RTVSPost2010Prop41ColorIndex
 90
       18
102
RTVSPost2010Prop41ColorRGB
 90
        0
102
RTVSPost2010PropOp41
 70
     1
102
RTVSPost2010Prop42
 90
       50
102
RTVSPost2010PropOp42
 70
     1
102
RTVSPost2010Prop43
 90
        3
102
RTVSPost2010PropOp43
 70
     1
102
RTVSPost2010Prop44ColorIndex
 90
        5
102
RTVSPost2010Prop44ColorRGB
 90
      255
102
RTVSPost2010PropOp44
 70
     1
102
RTVSPost2010Prop45
280
     0
102
RTVSPost2010PropOp45
 70
     1
102
RTVSPost2010Prop46
 90
       50
102
RTVSPost2010PropOp46
 70
     1
102
RTVSPost2010Prop47
 90
       50
102
RTVSPost2010PropOp47
 70
     1
102
RTVSPost2010Prop48
 90
       50
102
RTVSPost2010PropOp48
 70
     1
102
RTVSPost2010Prop49
280
     0
102
RTVSPost2010PropOp49
 70
     1
102
RTVSPost2010Prop50
 90
       50
102
RTVSPost2010PropOp50
 70
     1
102
RTVSPost2010Prop51ColorIndex
 90
      256
102
RTVSPost2010Prop51ColorRGB
 90
-16777216
102
RTVSPost2010PropOp51
 70
     0
102
RTVSPost2010Prop52
140
1.0
102
RTVSPost2010PropOp52
 70
     0
102
RTVSPost2010Prop53
 90
        2
102
RTVSPost2010PropOp53
 70
     1
102
RTVSPost2010Prop54
  1
strokes_ogs.tif
102
RTVSPost2010PropOp54
 70
     1
102
RTVSPost2010Prop55
280
     0
102
RTVSPost2010PropOp55
 70
     1
102
RTVSPost2010Prop56
140
1.0
102
RTVSPost2010PropOp56
 70
     1
102
RTVSPost2010Prop57
140
1.0
102
RTVSPost2010PropOp57
 70
     1
  0
XRECORD
  5
9A20
102
{ACAD_REACTORS
330
9A1F
102
}
330
9A1F
100
AcDbXrecord
280
     1
102
RTVSPost2010Prop28
280
     0
102
RTVSPost2010PropOp28
 70
     1
102
RTVSPost2010Prop29
280
     1
102
RTVSPost2010PropOp29
 70
     1
102
RTVSPost2010Prop30
280
     1
102
RTVSPost2010PropOp30
 70
     1
102
RTVSPost2010Prop31
280
     0
102
RTVSPost2010PropOp31
 70
     1
102
RTVSPost2010Prop32
280
     0
102
RTVSPost2010PropOp32
 70
     1
102
RTVSPost2010Prop33
280
     0
102
RTVSPost2010PropOp33
 70
     1
102
RTVSPost2010Prop34
280
     0
102
RTVSPost2010PropOp34
 70
     1
102
RTVSPost2010Prop35
280
     0
102
RTVSPost2010PropOp35
 70
     1
102
RTVSPost2010Prop36
280
     0
102
RTVSPost2010PropOp36
 70
     1
102
RTVSPost2010Prop37
 90
       50
102
RTVSPost2010PropOp37
 70
     1
102
RTVSPost2010Prop38
140
0.0
102
RTVSPost2010PropOp38
 70
     1
102
RTVSPost2010Prop39
140
1.0
102
RTVSPost2010PropOp39
 70
     1
102
RTVSPost2010Prop40
 90
        0
102
RTVSPost2010PropOp40
 70
     1
102
RTVSPost2010Prop41ColorIndex
 90
       18
102
RTVSPost2010Prop41ColorRGB
 90
        0
102
RTVSPost2010PropOp41
 70
     1
102
RTVSPost2010Prop42
 90
       50
102
RTVSPost2010PropOp42
 70
     1
102
RTVSPost2010Prop43
 90
        3
102
RTVSPost2010PropOp43
 70
     1
102
RTVSPost2010Prop44ColorIndex
 90
        5
102
RTVSPost2010Prop44ColorRGB
 90
      255
102
RTVSPost2010PropOp44
 70
     1
102
RTVSPost2010Prop45
280
     0
102
RTVSPost2010PropOp45
 70
     1
102
RTVSPost2010Prop46
 90
       50
102
RTVSPost2010PropOp46
 70
     1
102
RTVSPost2010Prop47
 90
       50
102
RTVSPost2010PropOp47
 70
     1
102
RTVSPost2010Prop48
 90
       50
102
RTVSPost2010PropOp48
 70
     1
102
RTVSPost2010Prop49
280
     0
102
RTVSPost2010PropOp49
 70
     1
102
RTVSPost2010Prop50
 90
       50
102
RTVSPost2010PropOp50
 70
     1
102
RTVSPost2010Prop51ColorIndex
 90
      256
102
RTVSPost2010Prop51ColorRGB
 90
-16777216
102
RTVSPost2010PropOp51
 70
     0
102
RTVSPost2010Prop52
140
1.0
102
RTVSPost2010PropOp52
 70
     0
102
RTVSPost2010Prop53
 90
        2
102
RTVSPost2010PropOp53
 70
     1
102
RTVSPost2010Prop54
  1
strokes_ogs.tif
102
RTVSPost2010PropOp54
 70
     1
102
RTVSPost2010Prop55
280
     0
102
RTVSPost2010PropOp55
 70
     1
102
RTVSPost2010Prop56
140
1.0
102
RTVSPost2010PropOp56
 70
     1
102
RTVSPost2010Prop57
140
1.0
102
RTVSPost2010PropOp57
 70
     1
  0
XRECORD
  5
9A22
102
{ACAD_REACTORS
330
9A21
102
}
330
9A21
100
AcDbXrecord
280
     1
102
RTVSPost2010Prop28
280
     0
102
RTVSPost2010PropOp28
 70
     1
102
RTVSPost2010Prop29
280
     1
102
RTVSPost2010PropOp29
 70
     1
102
RTVSPost2010Prop30
280
     1
102
RTVSPost2010PropOp30
 70
     1
102
RTVSPost2010Prop31
280
     0
102
RTVSPost2010PropOp31
 70
     1
102
RTVSPost2010Prop32
280
     0
102
RTVSPost2010PropOp32
 70
     1
102
RTVSPost2010Prop33
280
     0
102
RTVSPost2010PropOp33
 70
     1
102
RTVSPost2010Prop34
280
     0
102
RTVSPost2010PropOp34
 70
     1
102
RTVSPost2010Prop35
280
     0
102
RTVSPost2010PropOp35
 70
     1
102
RTVSPost2010Prop36
280
     0
102
RTVSPost2010PropOp36
 70
     1
102
RTVSPost2010Prop37
 90
       50
102
RTVSPost2010PropOp37
 70
     1
102
RTVSPost2010Prop38
140
0.0
102
RTVSPost2010PropOp38
 70
     1
102
RTVSPost2010Prop39
140
1.0
102
RTVSPost2010PropOp39
 70
     1
102
RTVSPost2010Prop40
 90
        0
102
RTVSPost2010PropOp40
 70
     1
102
RTVSPost2010Prop41ColorIndex
 90
       18
102
RTVSPost2010Prop41ColorRGB
 90
        0
102
RTVSPost2010PropOp41
 70
     1
102
RTVSPost2010Prop42
 90
       50
102
RTVSPost2010PropOp42
 70
     1
102
RTVSPost2010Prop43
 90
        3
102
RTVSPost2010PropOp43
 70
     1
102
RTVSPost2010Prop44ColorIndex
 90
        5
102
RTVSPost2010Prop44ColorRGB
 90
      255
102
RTVSPost2010PropOp44
 70
     1
102
RTVSPost2010Prop45
280
     0
102
RTVSPost2010PropOp45
 70
     1
102
RTVSPost2010Prop46
 90
       50
102
RTVSPost2010PropOp46
 70
     1
102
RTVSPost2010Prop47
 90
       50
102
RTVSPost2010PropOp47
 70
     1
102
RTVSPost2010Prop48
 90
       50
102
RTVSPost2010PropOp48
 70
     1
102
RTVSPost2010Prop49
280
     0
102
RTVSPost2010PropOp49
 70
     1
102
RTVSPost2010Prop50
 90
       50
102
RTVSPost2010PropOp50
 70
     1
102
RTVSPost2010Prop51ColorIndex
 90
      256
102
RTVSPost2010Prop51ColorRGB
 90
-16777216
102
RTVSPost2010PropOp51
 70
     0
102
RTVSPost2010Prop52
140
1.0
102
RTVSPost2010PropOp52
 70
     0
102
RTVSPost2010Prop53
 90
        2
102
RTVSPost2010PropOp53
 70
     1
102
RTVSPost2010Prop54
  1
strokes_ogs.tif
102
RTVSPost2010PropOp54
 70
     1
102
RTVSPost2010Prop55
280
     0
102
RTVSPost2010PropOp55
 70
     1
102
RTVSPost2010Prop56
140
1.0
102
RTVSPost2010PropOp56
 70
     1
102
RTVSPost2010Prop57
140
1.0
102
RTVSPost2010PropOp57
 70
     1
  0
XRECORD
  5
9A24
102
{ACAD_REACTORS
330
9A23
102
}
330
9A23
100
AcDbXrecord
280
     1
102
RTVSPost2010Prop28
280
     0
102
RTVSPost2010PropOp28
 70
     1
102
RTVSPost2010Prop29
280
     1
102
RTVSPost2010PropOp29
 70
     1
102
RTVSPost2010Prop30
280
     1
102
RTVSPost2010PropOp30
 70
     1
102
RTVSPost2010Prop31
280
     0
102
RTVSPost2010PropOp31
 70
     1
102
RTVSPost2010Prop32
280
     0
102
RTVSPost2010PropOp32
 70
     1
102
RTVSPost2010Prop33
280
     0
102
RTVSPost2010PropOp33
 70
     1
102
RTVSPost2010Prop34
280
     0
102
RTVSPost2010PropOp34
 70
     1
102
RTVSPost2010Prop35
280
     0
102
RTVSPost2010PropOp35
 70
     1
102
RTVSPost2010Prop36
280
     0
102
RTVSPost2010PropOp36
 70
     1
102
RTVSPost2010Prop37
 90
       50
102
RTVSPost2010PropOp37
 70
     1
102
RTVSPost2010Prop38
140
0.0
102
RTVSPost2010PropOp38
 70
     1
102
RTVSPost2010Prop39
140
1.0
102
RTVSPost2010PropOp39
 70
     1
102
RTVSPost2010Prop40
 90
        0
102
RTVSPost2010PropOp40
 70
     1
102
RTVSPost2010Prop41ColorIndex
 90
       18
102
RTVSPost2010Prop41ColorRGB
 90
        0
102
RTVSPost2010PropOp41
 70
     1
102
RTVSPost2010Prop42
 90
       50
102
RTVSPost2010PropOp42
 70
     1
102
RTVSPost2010Prop43
 90
        3
102
RTVSPost2010PropOp43
 70
     1
102
RTVSPost2010Prop44ColorIndex
 90
        5
102
RTVSPost2010Prop44ColorRGB
 90
      255
102
RTVSPost2010PropOp44
 70
     1
102
RTVSPost2010Prop45
280
     0
102
RTVSPost2010PropOp45
 70
     1
102
RTVSPost2010Prop46
 90
       50
102
RTVSPost2010PropOp46
 70
     1
102
RTVSPost2010Prop47
 90
       50
102
RTVSPost2010PropOp47
 70
     1
102
RTVSPost2010Prop48
 90
       50
102
RTVSPost2010PropOp48
 70
     1
102
RTVSPost2010Prop49
280
     0
102
RTVSPost2010PropOp49
 70
     1
102
RTVSPost2010Prop50
 90
       50
102
RTVSPost2010PropOp50
 70
     1
102
RTVSPost2010Prop51ColorIndex
 90
      256
102
RTVSPost2010Prop51ColorRGB
 90
-16777216
102
RTVSPost2010PropOp51
 70
     0
102
RTVSPost2010Prop52
140
1.0
102
RTVSPost2010PropOp52
 70
     0
102
RTVSPost2010Prop53
 90
        2
102
RTVSPost2010PropOp53
 70
     1
102
RTVSPost2010Prop54
  1
strokes_ogs.tif
102
RTVSPost2010PropOp54
 70
     1
102
RTVSPost2010Prop55
280
     0
102
RTVSPost2010PropOp55
 70
     1
102
RTVSPost2010Prop56
140
1.0
102
RTVSPost2010PropOp56
 70
     1
102
RTVSPost2010Prop57
140
1.0
102
RTVSPost2010PropOp57
 70
     1
  0
XRECORD
  5
9A26
102
{ACAD_REACTORS
330
9A25
102
}
330
9A25
100
AcDbXrecord
280
     1
102
RTVSPost2010Prop28
280
     0
102
RTVSPost2010PropOp28
 70
     1
102
RTVSPost2010Prop29
280
     1
102
RTVSPost2010PropOp29
 70
     1
102
RTVSPost2010Prop30
280
     1
102
RTVSPost2010PropOp30
 70
     1
102
RTVSPost2010Prop31
280
     0
102
RTVSPost2010PropOp31
 70
     1
102
RTVSPost2010Prop32
280
     0
102
RTVSPost2010PropOp32
 70
     1
102
RTVSPost2010Prop33
280
     0
102
RTVSPost2010PropOp33
 70
     1
102
RTVSPost2010Prop34
280
     0
102
RTVSPost2010PropOp34
 70
     1
102
RTVSPost2010Prop35
280
     0
102
RTVSPost2010PropOp35
 70
     1
102
RTVSPost2010Prop36
280
     0
102
RTVSPost2010PropOp36
 70
     1
102
RTVSPost2010Prop37
 90
       50
102
RTVSPost2010PropOp37
 70
     1
102
RTVSPost2010Prop38
140
0.0
102
RTVSPost2010PropOp38
 70
     1
102
RTVSPost2010Prop39
140
1.0
102
RTVSPost2010PropOp39
 70
     1
102
RTVSPost2010Prop40
 90
        0
102
RTVSPost2010PropOp40
 70
     1
102
RTVSPost2010Prop41ColorIndex
 90
       18
102
RTVSPost2010Prop41ColorRGB
 90
        0
102
RTVSPost2010PropOp41
 70
     1
102
RTVSPost2010Prop42
 90
       50
102
RTVSPost2010PropOp42
 70
     1
102
RTVSPost2010Prop43
 90
        3
102
RTVSPost2010PropOp43
 70
     1
102
RTVSPost2010Prop44ColorIndex
 90
        5
102
RTVSPost2010Prop44ColorRGB
 90
      255
102
RTVSPost2010PropOp44
 70
     1
102
RTVSPost2010Prop45
280
     0
102
RTVSPost2010PropOp45
 70
     1
102
RTVSPost2010Prop46
 90
       50
102
RTVSPost2010PropOp46
 70
     1
102
RTVSPost2010Prop47
 90
       50
102
RTVSPost2010PropOp47
 70
     1
102
RTVSPost2010Prop48
 90
       50
102
RTVSPost2010PropOp48
 70
     1
102
RTVSPost2010Prop49
280
     0
102
RTVSPost2010PropOp49
 70
     1
102
RTVSPost2010Prop50
 90
       50
102
RTVSPost2010PropOp50
 70
     1
102
RTVSPost2010Prop51ColorIndex
 90
      256
102
RTVSPost2010Prop51ColorRGB
 90
-16777216
102
RTVSPost2010PropOp51
 70
     0
102
RTVSPost2010Prop52
140
1.0
102
RTVSPost2010PropOp52
 70
     0
102
RTVSPost2010Prop53
 90
        2
102
RTVSPost2010PropOp53
 70
     1
102
RTVSPost2010Prop54
  1
strokes_ogs.tif
102
RTVSPost2010PropOp54
 70
     1
102
RTVSPost2010Prop55
280
     0
102
RTVSPost2010PropOp55
 70
     1
102
RTVSPost2010Prop56
140
1.0
102
RTVSPost2010PropOp56
 70
     1
102
RTVSPost2010Prop57
140
1.0
102
RTVSPost2010PropOp57
 70
     1
  0
XRECORD
  5
9A28
102
{ACAD_REACTORS
330
9A27
102
}
330
9A27
100
AcDbXrecord
280
     1
102
RTVSPost2010Prop28
280
     0
102
RTVSPost2010PropOp28
 70
     1
102
RTVSPost2010Prop29
280
     1
102
RTVSPost2010PropOp29
 70
     1
102
RTVSPost2010Prop30
280
     1
102
RTVSPost2010PropOp30
 70
     1
102
RTVSPost2010Prop31
280
     0
102
RTVSPost2010PropOp31
 70
     1
102
RTVSPost2010Prop32
280
     0
102
RTVSPost2010PropOp32
 70
     1
102
RTVSPost2010Prop33
280
     0
102
RTVSPost2010PropOp33
 70
     1
102
RTVSPost2010Prop34
280
     0
102
RTVSPost2010PropOp34
 70
     1
102
RTVSPost2010Prop35
280
     0
102
RTVSPost2010PropOp35
 70
     1
102
RTVSPost2010Prop36
280
     0
102
RTVSPost2010PropOp36
 70
     1
102
RTVSPost2010Prop37
 90
       50
102
RTVSPost2010PropOp37
 70
     1
102
RTVSPost2010Prop38
140
0.0
102
RTVSPost2010PropOp38
 70
     1
102
RTVSPost2010Prop39
140
1.0
102
RTVSPost2010PropOp39
 70
     1
102
RTVSPost2010Prop40
 90
        0
102
RTVSPost2010PropOp40
 70
     1
102
RTVSPost2010Prop41ColorIndex
 90
       18
102
RTVSPost2010Prop41ColorRGB
 90
        0
102
RTVSPost2010PropOp41
 70
     1
102
RTVSPost2010Prop42
 90
       50
102
RTVSPost2010PropOp42
 70
     1
102
RTVSPost2010Prop43
 90
        3
102
RTVSPost2010PropOp43
 70
     1
102
RTVSPost2010Prop44ColorIndex
 90
        5
102
RTVSPost2010Prop44ColorRGB
 90
      255
102
RTVSPost2010PropOp44
 70
     1
102
RTVSPost2010Prop45
280
     0
102
RTVSPost2010PropOp45
 70
     1
102
RTVSPost2010Prop46
 90
       50
102
RTVSPost2010PropOp46
 70
     1
102
RTVSPost2010Prop47
 90
       50
102
RTVSPost2010PropOp47
 70
     1
102
RTVSPost2010Prop48
 90
       50
102
RTVSPost2010PropOp48
 70
     1
102
RTVSPost2010Prop49
280
     0
102
RTVSPost2010PropOp49
 70
     1
102
RTVSPost2010Prop50
 90
       50
102
RTVSPost2010PropOp50
 70
     1
102
RTVSPost2010Prop51ColorIndex
 90
      256
102
RTVSPost2010Prop51ColorRGB
 90
-16777216
102
RTVSPost2010PropOp51
 70
     0
102
RTVSPost2010Prop52
140
1.0
102
RTVSPost2010PropOp52
 70
     0
102
RTVSPost2010Prop53
 90
        2
102
RTVSPost2010PropOp53
 70
     1
102
RTVSPost2010Prop54
  1
strokes_ogs.tif
102
RTVSPost2010PropOp54
 70
     1
102
RTVSPost2010Prop55
280
     0
102
RTVSPost2010PropOp55
 70
     1
102
RTVSPost2010Prop56
140
1.0
102
RTVSPost2010PropOp56
 70
     1
102
RTVSPost2010Prop57
140
1.0
102
RTVSPost2010PropOp57
 70
     1
  0
XRECORD
  5
9A2A
102
{ACAD_REACTORS
330
9A29
102
}
330
9A29
100
AcDbXrecord
280
     1
102
RTVSPost2010Prop28
280
     0
102
RTVSPost2010PropOp28
 70
     1
102
RTVSPost2010Prop29
280
     1
102
RTVSPost2010PropOp29
 70
     1
102
RTVSPost2010Prop30
280
     1
102
RTVSPost2010PropOp30
 70
     1
102
RTVSPost2010Prop31
280
     0
102
RTVSPost2010PropOp31
 70
     1
102
RTVSPost2010Prop32
280
     0
102
RTVSPost2010PropOp32
 70
     1
102
RTVSPost2010Prop33
280
     0
102
RTVSPost2010PropOp33
 70
     1
102
RTVSPost2010Prop34
280
     0
102
RTVSPost2010PropOp34
 70
     1
102
RTVSPost2010Prop35
280
     0
102
RTVSPost2010PropOp35
 70
     1
102
RTVSPost2010Prop36
280
     0
102
RTVSPost2010PropOp36
 70
     1
102
RTVSPost2010Prop37
 90
       50
102
RTVSPost2010PropOp37
 70
     1
102
RTVSPost2010Prop38
140
0.0
102
RTVSPost2010PropOp38
 70
     1
102
RTVSPost2010Prop39
140
1.0
102
RTVSPost2010PropOp39
 70
     1
102
RTVSPost2010Prop40
 90
        0
102
RTVSPost2010PropOp40
 70
     1
102
RTVSPost2010Prop41ColorIndex
 90
       18
102
RTVSPost2010Prop41ColorRGB
 90
        0
102
RTVSPost2010PropOp41
 70
     1
102
RTVSPost2010Prop42
 90
       50
102
RTVSPost2010PropOp42
 70
     1
102
RTVSPost2010Prop43
 90
        3
102
RTVSPost2010PropOp43
 70
     1
102
RTVSPost2010Prop44ColorIndex
 90
        5
102
RTVSPost2010Prop44ColorRGB
 90
      255
102
RTVSPost2010PropOp44
 70
     1
102
RTVSPost2010Prop45
280
     0
102
RTVSPost2010PropOp45
 70
     1
102
RTVSPost2010Prop46
 90
       50
102
RTVSPost2010PropOp46
 70
     1
102
RTVSPost2010Prop47
 90
       50
102
RTVSPost2010PropOp47
 70
     1
102
RTVSPost2010Prop48
 90
       50
102
RTVSPost2010PropOp48
 70
     1
102
RTVSPost2010Prop49
280
     0
102
RTVSPost2010PropOp49
 70
     1
102
RTVSPost2010Prop50
 90
       50
102
RTVSPost2010PropOp50
 70
     1
102
RTVSPost2010Prop51ColorIndex
 90
      256
102
RTVSPost2010Prop51ColorRGB
 90
-16777216
102
RTVSPost2010PropOp51
 70
     0
102
RTVSPost2010Prop52
140
1.0
102
RTVSPost2010PropOp52
 70
     0
102
RTVSPost2010Prop53
 90
        2
102
RTVSPost2010PropOp53
 70
     1
102
RTVSPost2010Prop54
  1
strokes_ogs.tif
102
RTVSPost2010PropOp54
 70
     1
102
RTVSPost2010Prop55
280
     0
102
RTVSPost2010PropOp55
 70
     1
102
RTVSPost2010Prop56
140
1.0
102
RTVSPost2010PropOp56
 70
     1
102
RTVSPost2010Prop57
140
1.0
102
RTVSPost2010PropOp57
 70
     1
  0
XRECORD
  5
9A2C
102
{ACAD_REACTORS
330
9A2B
102
}
330
9A2B
100
AcDbXrecord
280
     1
102
RTVSPost2010Prop28
280
     0
102
RTVSPost2010PropOp28
 70
     1
102
RTVSPost2010Prop29
280
     1
102
RTVSPost2010PropOp29
 70
     1
102
RTVSPost2010Prop30
280
     1
102
RTVSPost2010PropOp30
 70
     1
102
RTVSPost2010Prop31
280
     0
102
RTVSPost2010PropOp31
 70
     1
102
RTVSPost2010Prop32
280
     0
102
RTVSPost2010PropOp32
 70
     1
102
RTVSPost2010Prop33
280
     0
102
RTVSPost2010PropOp33
 70
     1
102
RTVSPost2010Prop34
280
     0
102
RTVSPost2010PropOp34
 70
     1
102
RTVSPost2010Prop35
280
     0
102
RTVSPost2010PropOp35
 70
     1
102
RTVSPost2010Prop36
280
     0
102
RTVSPost2010PropOp36
 70
     1
102
RTVSPost2010Prop37
 90
       50
102
RTVSPost2010PropOp37
 70
     1
102
RTVSPost2010Prop38
140
0.0
102
RTVSPost2010PropOp38
 70
     1
102
RTVSPost2010Prop39
140
1.0
102
RTVSPost2010PropOp39
 70
     1
102
RTVSPost2010Prop40
 90
        0
102
RTVSPost2010PropOp40
 70
     1
102
RTVSPost2010Prop41ColorIndex
 90
       18
102
RTVSPost2010Prop41ColorRGB
 90
        0
102
RTVSPost2010PropOp41
 70
     1
102
RTVSPost2010Prop42
 90
       50
102
RTVSPost2010PropOp42
 70
     1
102
RTVSPost2010Prop43
 90
        3
102
RTVSPost2010PropOp43
 70
     1
102
RTVSPost2010Prop44ColorIndex
 90
        5
102
RTVSPost2010Prop44ColorRGB
 90
      255
102
RTVSPost2010PropOp44
 70
     1
102
RTVSPost2010Prop45
280
     0
102
RTVSPost2010PropOp45
 70
     1
102
RTVSPost2010Prop46
 90
       50
102
RTVSPost2010PropOp46
 70
     1
102
RTVSPost2010Prop47
 90
       50
102
RTVSPost2010PropOp47
 70
     1
102
RTVSPost2010Prop48
 90
       50
102
RTVSPost2010PropOp48
 70
     1
102
RTVSPost2010Prop49
280
     0
102
RTVSPost2010PropOp49
 70
     1
102
RTVSPost2010Prop50
 90
       50
102
RTVSPost2010PropOp50
 70
     1
102
RTVSPost2010Prop51ColorIndex
 90
      256
102
RTVSPost2010Prop51ColorRGB
 90
-16777216
102
RTVSPost2010PropOp51
 70
     0
102
RTVSPost2010Prop52
140
1.0
102
RTVSPost2010PropOp52
 70
     0
102
RTVSPost2010Prop53
 90
        2
102
RTVSPost2010PropOp53
 70
     1
102
RTVSPost2010Prop54
  1
strokes_ogs.tif
102
RTVSPost2010PropOp54
 70
     1
102
RTVSPost2010Prop55
280
     0
102
RTVSPost2010PropOp55
 70
     1
102
RTVSPost2010Prop56
140
1.0
102
RTVSPost2010PropOp56
 70
     1
102
RTVSPost2010Prop57
140
1.0
102
RTVSPost2010PropOp57
 70
     1
  0
XRECORD
  5
9A2E
102
{ACAD_REACTORS
330
9A2D
102
}
330
9A2D
100
AcDbXrecord
280
     1
102
RTVSPost2010Prop28
280
     0
102
RTVSPost2010PropOp28
 70
     1
102
RTVSPost2010Prop29
280
     1
102
RTVSPost2010PropOp29
 70
     1
102
RTVSPost2010Prop30
280
     1
102
RTVSPost2010PropOp30
 70
     1
102
RTVSPost2010Prop31
280
     0
102
RTVSPost2010PropOp31
 70
     1
102
RTVSPost2010Prop32
280
     0
102
RTVSPost2010PropOp32
 70
     1
102
RTVSPost2010Prop33
280
     0
102
RTVSPost2010PropOp33
 70
     1
102
RTVSPost2010Prop34
280
     0
102
RTVSPost2010PropOp34
 70
     1
102
RTVSPost2010Prop35
280
     0
102
RTVSPost2010PropOp35
 70
     1
102
RTVSPost2010Prop36
280
     0
102
RTVSPost2010PropOp36
 70
     1
102
RTVSPost2010Prop37
 90
       50
102
RTVSPost2010PropOp37
 70
     1
102
RTVSPost2010Prop38
140
0.0
102
RTVSPost2010PropOp38
 70
     1
102
RTVSPost2010Prop39
140
1.0
102
RTVSPost2010PropOp39
 70
     1
102
RTVSPost2010Prop40
 90
        0
102
RTVSPost2010PropOp40
 70
     1
102
RTVSPost2010Prop41ColorIndex
 90
       18
102
RTVSPost2010Prop41ColorRGB
 90
        0
102
RTVSPost2010PropOp41
 70
     1
102
RTVSPost2010Prop42
 90
       50
102
RTVSPost2010PropOp42
 70
     1
102
RTVSPost2010Prop43
 90
        3
102
RTVSPost2010PropOp43
 70
     1
102
RTVSPost2010Prop44ColorIndex
 90
        5
102
RTVSPost2010Prop44ColorRGB
 90
      255
102
RTVSPost2010PropOp44
 70
     1
102
RTVSPost2010Prop45
280
     0
102
RTVSPost2010PropOp45
 70
     1
102
RTVSPost2010Prop46
 90
       50
102
RTVSPost2010PropOp46
 70
     1
102
RTVSPost2010Prop47
 90
       50
102
RTVSPost2010PropOp47
 70
     1
102
RTVSPost2010Prop48
 90
       50
102
RTVSPost2010PropOp48
 70
     1
102
RTVSPost2010Prop49
280
     0
102
RTVSPost2010PropOp49
 70
     1
102
RTVSPost2010Prop50
 90
       50
102
RTVSPost2010PropOp50
 70
     1
102
RTVSPost2010Prop51ColorIndex
 90
      256
102
RTVSPost2010Prop51ColorRGB
 90
-16777216
102
RTVSPost2010PropOp51
 70
     0
102
RTVSPost2010Prop52
140
1.0
102
RTVSPost2010PropOp52
 70
     0
102
RTVSPost2010Prop53
 90
        2
102
RTVSPost2010PropOp53
 70
     1
102
RTVSPost2010Prop54
  1
strokes_ogs.tif
102
RTVSPost2010PropOp54
 70
     1
102
RTVSPost2010Prop55
280
     0
102
RTVSPost2010PropOp55
 70
     1
102
RTVSPost2010Prop56
140
1.0
102
RTVSPost2010PropOp56
 70
     1
102
RTVSPost2010Prop57
140
1.0
102
RTVSPost2010PropOp57
 70
     1
  0
XRECORD
  5
9A30
102
{ACAD_REACTORS
330
9A2F
102
}
330
9A2F
100
AcDbXrecord
280
     1
102
RTVSPost2010Prop28
280
     0
102
RTVSPost2010PropOp28
 70
     1
102
RTVSPost2010Prop29
280
     1
102
RTVSPost2010PropOp29
 70
     1
102
RTVSPost2010Prop30
280
     1
102
RTVSPost2010PropOp30
 70
     1
102
RTVSPost2010Prop31
280
     0
102
RTVSPost2010PropOp31
 70
     1
102
RTVSPost2010Prop32
280
     0
102
RTVSPost2010PropOp32
 70
     1
102
RTVSPost2010Prop33
280
     0
102
RTVSPost2010PropOp33
 70
     1
102
RTVSPost2010Prop34
280
     0
102
RTVSPost2010PropOp34
 70
     1
102
RTVSPost2010Prop35
280
     0
102
RTVSPost2010PropOp35
 70
     1
102
RTVSPost2010Prop36
280
     0
102
RTVSPost2010PropOp36
 70
     1
102
RTVSPost2010Prop37
 90
       50
102
RTVSPost2010PropOp37
 70
     1
102
RTVSPost2010Prop38
140
0.0
102
RTVSPost2010PropOp38
 70
     1
102
RTVSPost2010Prop39
140
1.0
102
RTVSPost2010PropOp39
 70
     1
102
RTVSPost2010Prop40
 90
        0
102
RTVSPost2010PropOp40
 70
     1
102
RTVSPost2010Prop41ColorIndex
 90
       18
102
RTVSPost2010Prop41ColorRGB
 90
        0
102
RTVSPost2010PropOp41
 70
     1
102
RTVSPost2010Prop42
 90
       50
102
RTVSPost2010PropOp42
 70
     1
102
RTVSPost2010Prop43
 90
        3
102
RTVSPost2010PropOp43
 70
     1
102
RTVSPost2010Prop44ColorIndex
 90
        5
102
RTVSPost2010Prop44ColorRGB
 90
      255
102
RTVSPost2010PropOp44
 70
     1
102
RTVSPost2010Prop45
280
     0
102
RTVSPost2010PropOp45
 70
     1
102
RTVSPost2010Prop46
 90
       50
102
RTVSPost2010PropOp46
 70
     1
102
RTVSPost2010Prop47
 90
       50
102
RTVSPost2010PropOp47
 70
     1
102
RTVSPost2010Prop48
 90
       50
102
RTVSPost2010PropOp48
 70
     1
102
RTVSPost2010Prop49
280
     0
102
RTVSPost2010PropOp49
 70
     1
102
RTVSPost2010Prop50
 90
       50
102
RTVSPost2010PropOp50
 70
     1
102
RTVSPost2010Prop51ColorIndex
 90
      256
102
RTVSPost2010Prop51ColorRGB
 90
-16777216
102
RTVSPost2010PropOp51
 70
     0
102
RTVSPost2010Prop52
140
1.0
102
RTVSPost2010PropOp52
 70
     0
102
RTVSPost2010Prop53
 90
        2
102
RTVSPost2010PropOp53
 70
     1
102
RTVSPost2010Prop54
  1
strokes_ogs.tif
102
RTVSPost2010PropOp54
 70
     1
102
RTVSPost2010Prop55
280
     0
102
RTVSPost2010PropOp55
 70
     1
102
RTVSPost2010Prop56
140
1.0
102
RTVSPost2010PropOp56
 70
     1
102
RTVSPost2010Prop57
140
1.0
102
RTVSPost2010PropOp57
 70
     1
  0
XRECORD
  5
9A32
102
{ACAD_REACTORS
330
9A31
102
}
330
9A31
100
AcDbXrecord
280
     1
102
RTVSPost2010Prop28
280
     0
102
RTVSPost2010PropOp28
 70
     1
102
RTVSPost2010Prop29
280
     1
102
RTVSPost2010PropOp29
 70
     1
102
RTVSPost2010Prop30
280
     1
102
RTVSPost2010PropOp30
 70
     1
102
RTVSPost2010Prop31
280
     0
102
RTVSPost2010PropOp31
 70
     1
102
RTVSPost2010Prop32
280
     0
102
RTVSPost2010PropOp32
 70
     1
102
RTVSPost2010Prop33
280
     0
102
RTVSPost2010PropOp33
 70
     1
102
RTVSPost2010Prop34
280
     0
102
RTVSPost2010PropOp34
 70
     1
102
RTVSPost2010Prop35
280
     0
102
RTVSPost2010PropOp35
 70
     1
102
RTVSPost2010Prop36
280
     0
102
RTVSPost2010PropOp36
 70
     1
102
RTVSPost2010Prop37
 90
       50
102
RTVSPost2010PropOp37
 70
     1
102
RTVSPost2010Prop38
140
0.0
102
RTVSPost2010PropOp38
 70
     1
102
RTVSPost2010Prop39
140
1.0
102
RTVSPost2010PropOp39
 70
     1
102
RTVSPost2010Prop40
 90
        0
102
RTVSPost2010PropOp40
 70
     1
102
RTVSPost2010Prop41ColorIndex
 90
       18
102
RTVSPost2010Prop41ColorRGB
 90
        0
102
RTVSPost2010PropOp41
 70
     1
102
RTVSPost2010Prop42
 90
       50
102
RTVSPost2010PropOp42
 70
     1
102
RTVSPost2010Prop43
 90
        3
102
RTVSPost2010PropOp43
 70
     1
102
RTVSPost2010Prop44ColorIndex
 90
        5
102
RTVSPost2010Prop44ColorRGB
 90
      255
102
RTVSPost2010PropOp44
 70
     1
102
RTVSPost2010Prop45
280
     0
102
RTVSPost2010PropOp45
 70
     1
102
RTVSPost2010Prop46
 90
       50
102
RTVSPost2010PropOp46
 70
     1
102
RTVSPost2010Prop47
 90
       50
102
RTVSPost2010PropOp47
 70
     1
102
RTVSPost2010Prop48
 90
       50
102
RTVSPost2010PropOp48
 70
     1
102
RTVSPost2010Prop49
280
     0
102
RTVSPost2010PropOp49
 70
     1
102
RTVSPost2010Prop50
 90
       50
102
RTVSPost2010PropOp50
 70
     1
102
RTVSPost2010Prop51ColorIndex
 90
      256
102
RTVSPost2010Prop51ColorRGB
 90
-16777216
102
RTVSPost2010PropOp51
 70
     0
102
RTVSPost2010Prop52
140
1.0
102
RTVSPost2010PropOp52
 70
     0
102
RTVSPost2010Prop53
 90
        2
102
RTVSPost2010PropOp53
 70
     1
102
RTVSPost2010Prop54
  1
strokes_ogs.tif
102
RTVSPost2010PropOp54
 70
     1
102
RTVSPost2010Prop55
280
     0
102
RTVSPost2010PropOp55
 70
     1
102
RTVSPost2010Prop56
140
1.0
102
RTVSPost2010PropOp56
 70
     1
102
RTVSPost2010Prop57
140
1.0
102
RTVSPost2010PropOp57
 70
     1
  0
XRECORD
  5
9A34
102
{ACAD_REACTORS
330
9A33
102
}
330
9A33
100
AcDbXrecord
280
     1
102
RTVSPost2010Prop28
280
     0
102
RTVSPost2010PropOp28
 70
     1
102
RTVSPost2010Prop29
280
     1
102
RTVSPost2010PropOp29
 70
     1
102
RTVSPost2010Prop30
280
     1
102
RTVSPost2010PropOp30
 70
     1
102
RTVSPost2010Prop31
280
     0
102
RTVSPost2010PropOp31
 70
     1
102
RTVSPost2010Prop32
280
     0
102
RTVSPost2010PropOp32
 70
     1
102
RTVSPost2010Prop33
280
     0
102
RTVSPost2010PropOp33
 70
     1
102
RTVSPost2010Prop34
280
     0
102
RTVSPost2010PropOp34
 70
     1
102
RTVSPost2010Prop35
280
     0
102
RTVSPost2010PropOp35
 70
     1
102
RTVSPost2010Prop36
280
     0
102
RTVSPost2010PropOp36
 70
     1
102
RTVSPost2010Prop37
 90
       50
102
RTVSPost2010PropOp37
 70
     1
102
RTVSPost2010Prop38
140
0.0
102
RTVSPost2010PropOp38
 70
     1
102
RTVSPost2010Prop39
140
1.0
102
RTVSPost2010PropOp39
 70
     1
102
RTVSPost2010Prop40
 90
        0
102
RTVSPost2010PropOp40
 70
     1
102
RTVSPost2010Prop41ColorIndex
 90
       18
102
RTVSPost2010Prop41ColorRGB
 90
        0
102
RTVSPost2010PropOp41
 70
     1
102
RTVSPost2010Prop42
 90
       50
102
RTVSPost2010PropOp42
 70
     1
102
RTVSPost2010Prop43
 90
        3
102
RTVSPost2010PropOp43
 70
     1
102
RTVSPost2010Prop44ColorIndex
 90
        5
102
RTVSPost2010Prop44ColorRGB
 90
      255
102
RTVSPost2010PropOp44
 70
     1
102
RTVSPost2010Prop45
280
     0
102
RTVSPost2010PropOp45
 70
     1
102
RTVSPost2010Prop46
 90
       50
102
RTVSPost2010PropOp46
 70
     1
102
RTVSPost2010Prop47
 90
       50
102
RTVSPost2010PropOp47
 70
     1
102
RTVSPost2010Prop48
 90
       50
102
RTVSPost2010PropOp48
 70
     1
102
RTVSPost2010Prop49
280
     0
102
RTVSPost2010PropOp49
 70
     1
102
RTVSPost2010Prop50
 90
       50
102
RTVSPost2010PropOp50
 70
     1
102
RTVSPost2010Prop51ColorIndex
 90
      256
102
RTVSPost2010Prop51ColorRGB
 90
-16777216
102
RTVSPost2010PropOp51
 70
     0
102
RTVSPost2010Prop52
140
1.0
102
RTVSPost2010PropOp52
 70
     0
102
RTVSPost2010Prop53
 90
        2
102
RTVSPost2010PropOp53
 70
     1
102
RTVSPost2010Prop54
  1
strokes_ogs.tif
102
RTVSPost2010PropOp54
 70
     1
102
RTVSPost2010Prop55
280
     0
102
RTVSPost2010PropOp55
 70
     1
102
RTVSPost2010Prop56
140
1.0
102
RTVSPost2010PropOp56
 70
     1
102
RTVSPost2010Prop57
140
1.0
102
RTVSPost2010PropOp57
 70
     1
  0
XRECORD
  5
9A36
102
{ACAD_REACTORS
330
9A35
102
}
330
9A35
100
AcDbXrecord
280
     1
102
RTVSPost2010Prop28
280
     0
102
RTVSPost2010PropOp28
 70
     1
102
RTVSPost2010Prop29
280
     1
102
RTVSPost2010PropOp29
 70
     1
102
RTVSPost2010Prop30
280
     1
102
RTVSPost2010PropOp30
 70
     1
102
RTVSPost2010Prop31
280
     0
102
RTVSPost2010PropOp31
 70
     1
102
RTVSPost2010Prop32
280
     0
102
RTVSPost2010PropOp32
 70
     1
102
RTVSPost2010Prop33
280
     0
102
RTVSPost2010PropOp33
 70
     1
102
RTVSPost2010Prop34
280
     0
102
RTVSPost2010PropOp34
 70
     1
102
RTVSPost2010Prop35
280
     0
102
RTVSPost2010PropOp35
 70
     1
102
RTVSPost2010Prop36
280
     0
102
RTVSPost2010PropOp36
 70
     1
102
RTVSPost2010Prop37
 90
       50
102
RTVSPost2010PropOp37
 70
     1
102
RTVSPost2010Prop38
140
0.0
102
RTVSPost2010PropOp38
 70
     1
102
RTVSPost2010Prop39
140
1.0
102
RTVSPost2010PropOp39
 70
     1
102
RTVSPost2010Prop40
 90
        0
102
RTVSPost2010PropOp40
 70
     1
102
RTVSPost2010Prop41ColorIndex
 90
       18
102
RTVSPost2010Prop41ColorRGB
 90
        0
102
RTVSPost2010PropOp41
 70
     1
102
RTVSPost2010Prop42
 90
       50
102
RTVSPost2010PropOp42
 70
     1
102
RTVSPost2010Prop43
 90
        3
102
RTVSPost2010PropOp43
 70
     1
102
RTVSPost2010Prop44ColorIndex
 90
        5
102
RTVSPost2010Prop44ColorRGB
 90
      255
102
RTVSPost2010PropOp44
 70
     1
102
RTVSPost2010Prop45
280
     0
102
RTVSPost2010PropOp45
 70
     1
102
RTVSPost2010Prop46
 90
       50
102
RTVSPost2010PropOp46
 70
     1
102
RTVSPost2010Prop47
 90
       50
102
RTVSPost2010PropOp47
 70
     1
102
RTVSPost2010Prop48
 90
       50
102
RTVSPost2010PropOp48
 70
     1
102
RTVSPost2010Prop49
280
     0
102
RTVSPost2010PropOp49
 70
     1
102
RTVSPost2010Prop50
 90
       50
102
RTVSPost2010PropOp50
 70
     1
102
RTVSPost2010Prop51ColorIndex
 90
      256
102
RTVSPost2010Prop51ColorRGB
 90
-16777216
102
RTVSPost2010PropOp51
 70
     0
102
RTVSPost2010Prop52
140
1.0
102
RTVSPost2010PropOp52
 70
     0
102
RTVSPost2010Prop53
 90
        2
102
RTVSPost2010PropOp53
 70
     1
102
RTVSPost2010Prop54
  1
strokes_ogs.tif
102
RTVSPost2010PropOp54
 70
     1
102
RTVSPost2010Prop55
280
     0
102
RTVSPost2010PropOp55
 70
     1
102
RTVSPost2010Prop56
140
1.0
102
RTVSPost2010PropOp56
 70
     1
102
RTVSPost2010Prop57
140
1.0
102
RTVSPost2010PropOp57
 70
     1
  0
XRECORD
  5
9A38
102
{ACAD_REACTORS
330
9A37
102
}
330
9A37
100
AcDbXrecord
280
     1
102
RTVSPost2010Prop28
280
     0
102
RTVSPost2010PropOp28
 70
     1
102
RTVSPost2010Prop29
280
     1
102
RTVSPost2010PropOp29
 70
     1
102
RTVSPost2010Prop30
280
     1
102
RTVSPost2010PropOp30
 70
     1
102
RTVSPost2010Prop31
280
     0
102
RTVSPost2010PropOp31
 70
     1
102
RTVSPost2010Prop32
280
     0
102
RTVSPost2010PropOp32
 70
     1
102
RTVSPost2010Prop33
280
     0
102
RTVSPost2010PropOp33
 70
     1
102
RTVSPost2010Prop34
280
     0
102
RTVSPost2010PropOp34
 70
     1
102
RTVSPost2010Prop35
280
     0
102
RTVSPost2010PropOp35
 70
     1
102
RTVSPost2010Prop36
280
     0
102
RTVSPost2010PropOp36
 70
     1
102
RTVSPost2010Prop37
 90
       50
102
RTVSPost2010PropOp37
 70
     1
102
RTVSPost2010Prop38
140
0.0
102
RTVSPost2010PropOp38
 70
     1
102
RTVSPost2010Prop39
140
1.0
102
RTVSPost2010PropOp39
 70
     1
102
RTVSPost2010Prop40
 90
        0
102
RTVSPost2010PropOp40
 70
     1
102
RTVSPost2010Prop41ColorIndex
 90
       18
102
RTVSPost2010Prop41ColorRGB
 90
        0
102
RTVSPost2010PropOp41
 70
     1
102
RTVSPost2010Prop42
 90
       50
102
RTVSPost2010PropOp42
 70
     1
102
RTVSPost2010Prop43
 90
        3
102
RTVSPost2010PropOp43
 70
     1
102
RTVSPost2010Prop44ColorIndex
 90
        5
102
RTVSPost2010Prop44ColorRGB
 90
      255
102
RTVSPost2010PropOp44
 70
     1
102
RTVSPost2010Prop45
280
     0
102
RTVSPost2010PropOp45
 70
     1
102
RTVSPost2010Prop46
 90
       50
102
RTVSPost2010PropOp46
 70
     1
102
RTVSPost2010Prop47
 90
       50
102
RTVSPost2010PropOp47
 70
     1
102
RTVSPost2010Prop48
 90
       50
102
RTVSPost2010PropOp48
 70
     1
102
RTVSPost2010Prop49
280
     0
102
RTVSPost2010PropOp49
 70
     1
102
RTVSPost2010Prop50
 90
       50
102
RTVSPost2010PropOp50
 70
     1
102
RTVSPost2010Prop51ColorIndex
 90
      256
102
RTVSPost2010Prop51ColorRGB
 90
-16777216
102
RTVSPost2010PropOp51
 70
     0
102
RTVSPost2010Prop52
140
1.0
102
RTVSPost2010PropOp52
 70
     0
102
RTVSPost2010Prop53
 90
        2
102
RTVSPost2010PropOp53
 70
     1
102
RTVSPost2010Prop54
  1
strokes_ogs.tif
102
RTVSPost2010PropOp54
 70
     1
102
RTVSPost2010Prop55
280
     0
102
RTVSPost2010PropOp55
 70
     1
102
RTVSPost2010Prop56
140
1.0
102
RTVSPost2010PropOp56
 70
     1
102
RTVSPost2010Prop57
140
1.0
102
RTVSPost2010PropOp57
 70
     1
  0
XRECORD
  5
29C1
102
{ACAD_REACTORS
330
29C0
102
}
330
29C0
100
AcDbXrecord
280
     1
330
B7
  0
DICTIONARY
  5
963F
102
{ACAD_REACTORS
330
963E
102
}
330
963E
100
AcDbDictionary
281
     1
1001
ACAD
1000
All
  0
ENDSEC
  0
EOF
